id,foldChange,type
MIMAT0000072,-1.29268,miR
MIMAT0000076,1.61046,miR
MIMAT0000103,-1.12517,miR
MIMAT0000232,-1.02937,miR
MIMAT0000255,1.98807,miR
MIMAT0000256,1.10683,miR
MIMAT0000257,1.25476,miR
MIMAT0000265,-1.31874,miR
MIMAT0000278,3.10032,miR
MIMAT0000279,2.93454,miR
MIMAT0000430,-1.45216,miR
MIMAT0000433,-1.15498,miR
MIMAT0000434,-1.16771,miR
MIMAT0000436,-2.25238,miR
MIMAT0000441,-1.73045,miR
MIMAT0000451,-1.59476,miR
MIMAT0000461,-1.23037,miR
MIMAT0000710,-1.01294,miR
MIMAT0000728,2.60607,miR
MIMAT0000753,-1.00757,miR
MIMAT0001631,-2.48369,miR
MIMAT0002177,-2.51089,miR
MIMAT0002809,5.40029,miR
MIMAT0002819,-1.26414,miR
MIMAT0002874,1.30886,miR
MIMAT0003322,-1.36682,miR
MIMAT0004552,-1.04435,miR
MIMAT0004563,-1.02884,miR
MIMAT0004766,5.68014,miR
MIMAT0004926,-1.16725,miR
MIMAT0015378,1.19777,miR
MIMAT0004501,-1.44679,miR
MIMAT0004518,-1.00062,miR
MIMAT0004558,1.32168,miR
MIMAT0004569,1.32853,miR
MIMAT0004600,-2.54888,miR
MYLIP,-0.19525,mRNA
LRRC28,-0.0874351,mRNA
CEP97,-0.444726,mRNA
E4F1,0.248119,mRNA
ENTPD4,-0.1503,mRNA
ITGA2,2.96583,mRNA
MEX3B,0.274469,mRNA
F2RL3,0.43319,mRNA
KDM1B,-0.824455,mRNA
WIPF2,-0.156525,mRNA
MAPK9,-0.00923707,mRNA
CCDC83,0.575356,mRNA
CNKSR3,-0.583253,mRNA
PTCD2,-0.429719,mRNA
APP,-0.261148,mRNA
EIF3M,-0.0688323,mRNA
AGPS,-0.184343,mRNA
DNAJC10,-0.237657,mRNA
RICTOR,-0.501257,mRNA
ZNF7,0.00822973,mRNA
BRWD3,-0.5904,mRNA
WDR53,-0.129308,mRNA
KIF6,-1.4923,mRNA
GALNT7,2.23241,mRNA
CUL4A,-0.0832856,mRNA
MFSD8,-0.220248,mRNA
ARL8B,0.179752,mRNA
RGMB,0.0766782,mRNA
ILDR1,0.133128,mRNA
PRKAR1A,0.188037,mRNA
ZC3H12C,-0.911951,mRNA
SEC14L1,0.284562,mRNA
SOCS7,-0.874304,mRNA
COPS7B,0.250997,mRNA
PDPK1,-0.359295,mRNA
CISD1,-0.265687,mRNA
WAC,-0.383957,mRNA
ZNF490,-0.0721207,mRNA
WEE1,-0.293834,mRNA
ZNF665,-0.215236,mRNA
SH3TC2,1.2124,mRNA
TBL1XR1,-0.148675,mRNA
C1QTNF3,-0.365603,mRNA
GPRIN3,-0.59804,mRNA
ADAMTS12,1.02885,mRNA
MTMR3,-0.200886,mRNA
SLC6A15,-4.23879,mRNA
CADM2,-1.19768,mRNA
B4GALNT2,-1.94377,mRNA
ZDHHC20,0.192314,mRNA
FAM104B,-0.496702,mRNA
RAB3IP,-0.0826268,mRNA
SMAD7,-0.268255,mRNA
CYB561D1,-0.13451,mRNA
PRNP,0.275056,mRNA
ARPC5,-0.0981033,mRNA
ABHD15,-0.119153,mRNA
RORB,-2.03053,mRNA
QRFPR,2.38702,mRNA
CHRM5,0.121016,mRNA
CCDC137,0.109224,mRNA
HAAO,-0.121039,mRNA
DSTYK,-0.0177099,mRNA
CNR2,-1.97427,mRNA
RTN3,-0.464116,mRNA
ZBTB37,-0.895988,mRNA
A1CF,-0.288588,mRNA
FHDC1,-1.47931,mRNA
OSGIN2,0.193002,mRNA
MAP3K2,-0.40599,mRNA
RBM12B,-0.557506,mRNA
COX7A2L,0.00292399,mRNA
XIAP,0.0144701,mRNA
ACSL3,0.00390631,mRNA
HIP1,1.03249,mRNA
SLC7A11,0.349944,mRNA
KIF15,0.286235,mRNA
TMOD3,0.396736,mRNA
GCNT1,0.163648,mRNA
PLEKHM1,0.236802,mRNA
ZNF652,-0.455354,mRNA
BET1L,0.00848454,mRNA
ZFYVE26,-0.163607,mRNA
CTNNA3,-0.954981,mRNA
TTC9,0.562875,mRNA
PAX7,2.18622,mRNA
MTMR9,-0.24986,mRNA
MCHR2,-0.609971,mRNA
WSB1,0.446553,mRNA
RLIM,-0.126114,mRNA
SLC35F3,1.54186,mRNA
IRAK4,-0.123891,mRNA
SLC29A2,0.159145,mRNA
ARID4B,-0.22613,mRNA
HERC3,-0.188207,mRNA
KLF3,-0.315287,mRNA
RPS15A,0.103314,mRNA
TLR7,0.0105093,mRNA
STIP1,-0.0426569,mRNA
OCIAD1,-0.221644,mRNA
LDOC1,0.606427,mRNA
FKBP14,-0.153869,mRNA
ZNRF2,0.841788,mRNA
RAB42,-0.272766,mRNA
CDYL2,0.0599387,mRNA
C18orf32,-0.00229239,mRNA
BCL2L2,-0.419729,mRNA
CDKN1A,1.01314,mRNA
NNMT,-0.0817847,mRNA
PRKACB,-0.561399,mRNA
PCF11,-0.734598,mRNA
SPIB,-2.14057,mRNA
TMEM45A,-0.626146,mRNA
RAB5B,0.019149,mRNA
SRP68,0.343594,mRNA
RND3,-0.0089605,mRNA
ZNF304,-0.378998,mRNA
ARHGAP12,-0.0327868,mRNA
SCN3B,-1.0615,mRNA
GTF2H3,-0.302807,mRNA
SLC24A2,1.32676,mRNA
YOD1,-0.225658,mRNA
CAMK1G,2.21526,mRNA
HIPK3,-0.841893,mRNA
APOLD1,0.00305107,mRNA
POLM,-0.108383,mRNA
IVD,-0.568773,mRNA
PKNOX1,-0.681155,mRNA
GBA,-0.055508,mRNA
ZNF385A,0.196287,mRNA
ENPP5,-0.137288,mRNA
GPSM2,-0.0347898,mRNA
NRIP3,0.216385,mRNA
NUFIP2,-0.150965,mRNA
MPPED1,3.88707,mRNA
WNK3,-1.00934,mRNA
ZNFX1,0.0475543,mRNA
BAG5,0.0661697,mRNA
LY6G5B,-0.113509,mRNA
PAQR3,-0.575152,mRNA
CFL2,-0.516268,mRNA
SERF1A,-0.0717065,mRNA
VIL1,1.68849,mRNA
EGLN3,1.0022,mRNA
GRIP2,-0.292076,mRNA
ABCG8,-0.262358,mRNA
ZMAT3,1.71224,mRNA
TMC7,1.27025,mRNA
GPR157,-0.337182,mRNA
KRBA2,-0.433805,mRNA
SLC35F5,-0.274127,mRNA
LTB4R,-0.0834611,mRNA
TNKS2,-0.245386,mRNA
CREB5,1.35514,mRNA
ZNF805,0.12906,mRNA
TBC1D2B,-0.0238339,mRNA
KCNB1,-0.892937,mRNA
MECP2,-0.149381,mRNA
RGMA,-0.573484,mRNA
CCDC6,-0.0727511,mRNA
RASGRF2,-0.366472,mRNA
MTF1,-0.577675,mRNA
RAB3B,2.60047,mRNA
DYRK2,0.115541,mRNA
CCDC149,-0.402117,mRNA
NUDT3,0.44237,mRNA
SPTBN4,-0.262531,mRNA
MAPRE3,-0.0429412,mRNA
KIAA0319L,0.0290396,mRNA
SF3B3,0.139958,mRNA
DTNA,0.235945,mRNA
OSTM1,0.104741,mRNA
ANO6,0.847145,mRNA
SPCS1,0.0373631,mRNA
WDR55,0.399552,mRNA
EIF2B2,-0.284957,mRNA
BCAS3,-0.22681,mRNA
DLST,0.0911772,mRNA
ST8SIA2,1.84612,mRNA
MYH9,0.215061,mRNA
BNIP3L,-0.0952075,mRNA
NPAT,-0.314134,mRNA
CAP1,0.342111,mRNA
RORA,-0.452963,mRNA
ATP7B,-0.995319,mRNA
SP2,-0.427049,mRNA
CC2D1B,0.268788,mRNA
TXK,-0.840589,mRNA
BNIP2,-0.149064,mRNA
DUSP2,-0.393113,mRNA
CAST,0.435266,mRNA
QKI,-0.33744,mRNA
SIRPB1,0.449075,mRNA
MFN1,-0.0934388,mRNA
NSUN7,-0.13047,mRNA
TRAPPC2,0.173467,mRNA
NTNG1,-1.29876,mRNA
ZNF578,0.254029,mRNA
PPP1R12B,-0.76823,mRNA
VPS53,0.0343806,mRNA
TMCC2,0.236458,mRNA
ATXN1,-0.299282,mRNA
INPP4B,-0.243376,mRNA
TP53INP1,0.584989,mRNA
CX3CR1,0.485016,mRNA
MFSD2A,-0.00660899,mRNA
LLPH,-0.0568086,mRNA
PTRH1,-0.182856,mRNA
DCTN5,-0.190697,mRNA
TRIM52,-0.551659,mRNA
PPP1R15B,-0.762658,mRNA
CNTN2,-0.423969,mRNA
PURB,-0.0531792,mRNA
OXGR1,-0.881938,mRNA
DCBLD2,0.926027,mRNA
MAPKAPK5,0.0279805,mRNA
USP28,0.0349823,mRNA
STAT3,0.0624099,mRNA
CXorf38,-0.495733,mRNA
LCOR,-0.557464,mRNA
SGMS1,0.420105,mRNA
SON,-0.256287,mRNA
ACVR1,0.712535,mRNA
RRN3,-0.0410637,mRNA
DYRK1A,-0.334803,mRNA
HMGB3,0.366947,mRNA
EPB41L4A,0.0286425,mRNA
ZYG11A,-0.773184,mRNA
ZNF606,-0.0293392,mRNA
HMGB1,0.0803795,mRNA
RUNX3,-1.07229,mRNA
RIOK3,0.131466,mRNA
SOD2,0.0592863,mRNA
TCEAL7,-1.14573,mRNA
SNAP47,0.0551775,mRNA
TRIP12,-0.0729065,mRNA
CYP19A1,-0.166343,mRNA
STXBP5L,-2.49338,mRNA
NR3C1,-0.518669,mRNA
AP3B2,0.60161,mRNA
TGFB1,1.45052,mRNA
KATNAL1,-0.00867297,mRNA
LPIN1,-0.39772,mRNA
TNRC6B,-0.480235,mRNA
COX19,-0.132438,mRNA
SCN11A,-1.17062,mRNA
EIF4EBP1,0.771615,mRNA
RHOC,0.686119,mRNA
DMKN,0.538952,mRNA
FBXW7,0.47974,mRNA
DNAJB6,-0.118316,mRNA
DNM3,0.711393,mRNA
NFKB1,-0.160608,mRNA
SGIP1,-0.345905,mRNA
LNPEP,-0.557232,mRNA
RIMS1,0.685549,mRNA
TERT,0.1748,mRNA
PDE4DIP,0.215528,mRNA
ZMYND11,-0.563172,mRNA
DGKB,-0.0849279,mRNA
EID1,-0.0288918,mRNA
DLG2,-2.66405,mRNA
YAP1,0.193606,mRNA
SLC8A1,0.215773,mRNA
MXD1,-0.599487,mRNA
MEAF6,0.753103,mRNA
ZNF320,-0.00773279,mRNA
IGF2BP1,0.138878,mRNA
SLC41A2,-0.36189,mRNA
BLCAP,0.0763874,mRNA
CELF1,-0.315804,mRNA
HLCS,-0.128047,mRNA
S100A1,1.80084,mRNA
TMEM18,-0.223471,mRNA
FOXC1,0.00745113,mRNA
GOSR2,-0.279507,mRNA
CDH2,2.92349,mRNA
RPA1,-0.0420488,mRNA
GPR137C,0.810404,mRNA
IGLON5,1.33914,mRNA
ARHGEF9,-0.286045,mRNA
CCND1,1.81173,mRNA
BCL11A,-1.23742,mRNA
SLC4A10,0.443992,mRNA
ZNF426,-0.557677,mRNA
UBE3A,-0.262978,mRNA
PHKG2,0.446312,mRNA
VWA1,1.31694,mRNA
BRAF,-0.0508868,mRNA
ZBTB7A,0.107342,mRNA
PXN,0.368544,mRNA
GFRA1,-2.15882,mRNA
NRL,-0.408325,mRNA
SMAD1,-0.521633,mRNA
SYT7,-0.931557,mRNA
MYC,-0.758471,mRNA
KANK2,0.512264,mRNA
PKIA,-1.00292,mRNA
DDR2,-0.914599,mRNA
THY1,0.687103,mRNA
PPP2CA,-0.140155,mRNA
UCP2,1.02468,mRNA
SEMA6D,-0.971808,mRNA
BCAR1,0.540023,mRNA
FRRS1,-0.715199,mRNA
PNPO,-0.0633101,mRNA
ORAI2,0.634228,mRNA
CSNK2A1,-0.103573,mRNA
CHEK1,0.235562,mRNA
MTDH,-0.0906099,mRNA
AKT1S1,-0.0174858,mRNA
PAX5,-2.41426,mRNA
STARD3NL,-0.220825,mRNA
SORBS2,-1.87329,mRNA
PRKG2,-2.31015,mRNA
CDC37,0.202098,mRNA
FAM126A,-0.597728,mRNA
HLA-A,0.473608,mRNA
KCNIP4,-2.34204,mRNA
YY1,0.0866566,mRNA
ZNF746,0.236631,mRNA
B2M,0.380703,mRNA
ZSWIM7,0.231895,mRNA
RIN1,2.45703,mRNA
KRT80,2.28236,mRNA
ZNF570,-0.606104,mRNA
ZNF585B,-0.639519,mRNA
CCDC82,-0.340232,mRNA
ZMIZ2,0.075791,mRNA
BICD1,0.588525,mRNA
CPEB2,0.0222853,mRNA
UCK2,0.116388,mRNA
MOG,-1.27136,mRNA
CRYL1,0.00962603,mRNA
ATG16L1,0.0425828,mRNA
TMED3,0.262176,mRNA
OTUD4,-0.243659,mRNA
CDKN2A,3.2535,mRNA
PRKCA,-0.949412,mRNA
RXFP1,-1.99516,mRNA
ZNF682,0.377647,mRNA
SLFN12L,-0.965241,mRNA
EIF5,-0.393674,mRNA
UBA3,0.00133862,mRNA
CREB3L2,-0.711391,mRNA
ATP2B2,-0.0949766,mRNA
LPP,-0.910349,mRNA
FXR1,0.0116789,mRNA
BCLAF1,-0.281584,mRNA
UBE2W,0.000737613,mRNA
LYSMD2,0.364268,mRNA
EBF1,-0.232722,mRNA
CNIH4,0.423025,mRNA
LYRM4,0.0466039,mRNA
ACOXL,0.013412,mRNA
FYCO1,-0.156355,mRNA
SCN9A,0.607467,mRNA
EDEM3,-0.267243,mRNA
PRPF40A,-0.0828596,mRNA
PPP1R14C,-0.329732,mRNA
NSD1,-0.404596,mRNA
AFF1,-0.0625714,mRNA
KCNN3,0.378867,mRNA
CLTA,0.700686,mRNA
PAPLN,1.0928,mRNA
TMEM59,0.025971,mRNA
SKP2,-0.381314,mRNA
PPP1R2,0.327451,mRNA
GPC4,0.406764,mRNA
FCRLA,-1.98401,mRNA
ENTPD1,2.39606,mRNA
PRPSAP1,-0.597163,mRNA
NFATC2IP,-0.0244599,mRNA
RPL7L1,-0.324018,mRNA
FBXO3,-0.382195,mRNA
TOR1AIP2,-0.0374781,mRNA
KIAA0895,-0.75159,mRNA
SRRM1,-0.198464,mRNA
CAPZA1,0.303359,mRNA
CLN5,-0.741706,mRNA
PRKCB,-0.505089,mRNA
MAS1,-0.399729,mRNA
FNDC3A,-0.296263,mRNA
TRNT1,0.0461361,mRNA
IRS1,-1.4813,mRNA
RAPGEF5,1.54205,mRNA
TEX9,-0.241791,mRNA
ZNF469,1.30225,mRNA
ADARB2,1.56523,mRNA
SMAD4,-0.408471,mRNA
BLMH,0.117924,mRNA
REL,-0.529054,mRNA
NEU3,-0.619245,mRNA
TPM3,0.308803,mRNA
TMTC1,-0.000495122,mRNA
FAT3,-0.323805,mRNA
KY,-1.80224,mRNA
RFX7,-0.266254,mRNA
SLC12A7,0.154855,mRNA
FRMPD4,1.81146,mRNA
KLHDC8B,-0.229947,mRNA
GREM1,0.57145,mRNA
POLR3G,-0.132228,mRNA
AP1S2,0.135484,mRNA
BIVM,-0.33094,mRNA
DCX,-2.4486,mRNA
PTGS1,0.00576885,mRNA
NAP1L4,0.169921,mRNA
OLFML2A,0.108001,mRNA
APOL6,0.173024,mRNA
ATE1,-0.576607,mRNA
RAB8A,0.0384811,mRNA
KCNMA1,0.113613,mRNA
MAT2A,-0.682742,mRNA
PTER,-0.197124,mRNA
LSM4,0.282601,mRNA
HEPACAM,-2.28434,mRNA
LIMD1,-0.331036,mRNA
ZNF551,-0.468888,mRNA
SLC1A2,-1.25543,mRNA
CPEB4,-0.828973,mRNA
GANAB,-0.0725552,mRNA
GK5,0.217831,mRNA
CACNA1C,1.00941,mRNA
USP48,-0.201879,mRNA
LIMD2,-0.85773,mRNA
EXD2,-0.234153,mRNA
TMEM167A,-0.196393,mRNA
ARPP19,-0.0751442,mRNA
RUFY2,-0.241288,mRNA
FMN1,-0.271709,mRNA
ZNRF3,0.0962475,mRNA
GRIN2A,0.52197,mRNA
ARL8A,0.24823,mRNA
AMDHD2,0.191988,mRNA
TMPRSS5,0.694031,mRNA
PMAIP1,1.41255,mRNA
PPP1R11,-0.0957418,mRNA
ARL17A,-0.519317,mRNA
KCTD15,-0.620437,mRNA
NEDD4L,0.0712023,mRNA
AKAP8,-0.311411,mRNA
NOVA1,1.16071,mRNA
TRAF6,-0.886901,mRNA
ADSL,0.111542,mRNA
GXYLT2,0.517704,mRNA
HS6ST2,3.64065,mRNA
ZNF629,0.0724366,mRNA
FRMD7,1.5427,mRNA
UMPS,-0.116112,mRNA
NRG2,-0.680741,mRNA
NR2F2,-0.232691,mRNA
FBXL13,-0.343578,mRNA
SRCIN1,3.49836,mRNA
NDUFA5,-0.440662,mRNA
AMOTL2,-0.737374,mRNA
AGK,0.145936,mRNA
RHOH,-1.44547,mRNA
KCNK5,1.08683,mRNA
EPS8,1.96945,mRNA
NKD1,0.453545,mRNA
RAB15,1.11146,mRNA
PIK3C2A,-0.534259,mRNA
ZNF786,0.187235,mRNA
GJC1,1.35945,mRNA
RABGAP1L,-0.695016,mRNA
ATP2B1,-0.372722,mRNA
SETBP1,-1.11279,mRNA
YES1,-0.215009,mRNA
TRIM65,0.476603,mRNA
GRM2,0.776783,mRNA
GOSR1,-0.183458,mRNA
MBD1,-0.187841,mRNA
PRELID2,-0.590707,mRNA
MIER3,-0.302378,mRNA
TLR10,-1.28379,mRNA
CDC14B,-1.07721,mRNA
RNF217,-0.497471,mRNA
ARRB2,0.188005,mRNA
EYA4,-0.670605,mRNA
DPP9,0.313062,mRNA
TRERF1,-0.6662,mRNA
NME6,0.14871,mRNA
OGFRL1,0.196859,mRNA
RNF165,-0.70696,mRNA
POLR1C,0.124127,mRNA
TMEM92,6.43004,mRNA
IKZF1,-1.10829,mRNA
DNAJB13,0.0658062,mRNA
CUX1,-0.19941,mRNA
KCTD20,-0.206303,mRNA
ETV1,1.27344,mRNA
BCAS4,0.847291,mRNA
TNPO3,-0.217951,mRNA
CNNM2,-0.346162,mRNA
TBL2,-0.08829,mRNA
UBOX5,0.00307188,mRNA
GLI3,-1.07975,mRNA
ZHX3,-0.943713,mRNA
SNX10,0.29297,mRNA
FAM13B,-0.554486,mRNA
AGFG2,0.0766945,mRNA
CCDC30,-0.770524,mRNA
CALN1,2.29725,mRNA
S1PR1,0.391053,mRNA
RAB21,-0.0255733,mRNA
ADAM28,-0.0669917,mRNA
AP3M2,-0.129128,mRNA
RRP1B,-0.00273451,mRNA
ASAP1,0.248947,mRNA
TRUB2,0.126777,mRNA
PLEC,0.652633,mRNA
GNB5,0.153493,mRNA
ST7L,-0.219877,mRNA
EPHB2,-0.136798,mRNA
BNC2,-0.112021,mRNA
TMEM33,0.16989,mRNA
FSD1L,-0.0345866,mRNA
RBM41,-0.477592,mRNA
C1orf112,0.265147,mRNA
FGD6,-0.210106,mRNA
SMUG1,0.190904,mRNA
ZNF248,-0.554922,mRNA
TP53,0.396957,mRNA
ZDHHC6,-0.400592,mRNA
MIXL1,0.142049,mRNA
FLI1,0.0114996,mRNA
FKBP9,0.0353903,mRNA
BACE1,0.366392,mRNA
SLC43A2,-0.205832,mRNA
FLRT1,-1.55888,mRNA
CDK2,0.201286,mRNA
DKK3,0.260232,mRNA
CYCS,-0.580863,mRNA
ANO1,0.0636351,mRNA
PAIP2B,-0.757232,mRNA
RDX,-0.536262,mRNA
GATAD2B,0.0786638,mRNA
ZFP14,-0.195629,mRNA
NARS2,0.00707722,mRNA
NFYA,-0.336454,mRNA
CD81,-0.192064,mRNA
NMNAT1,-0.421783,mRNA
FCHSD2,0.1291,mRNA
ADIPOR2,-0.64451,mRNA
ALDH1L2,-0.526855,mRNA
WWC2,-0.233626,mRNA
STX2,-0.915685,mRNA
TMEM134,0.58771,mRNA
STAT2,0.322358,mRNA
SAR1A,-0.170622,mRNA
MDGA2,-0.281147,mRNA
FAM185A,-0.304709,mRNA
NEK9,-0.383808,mRNA
RAPGEF6,-0.657032,mRNA
RASGRP1,-0.282673,mRNA
TNFAIP8L1,0.513115,mRNA
C15orf39,0.452597,mRNA
MMP14,1.02286,mRNA
PARP6,0.0136118,mRNA
TNFSF15,1.56173,mRNA
SH2D7,-0.744652,mRNA
KIF3A,0.172204,mRNA
CDH5,0.245435,mRNA
TEP1,0.250678,mRNA
ADCY7,0.299294,mRNA
GPR182,-2.27934,mRNA
UBN1,-0.000750185,mRNA
ACOX1,0.347851,mRNA
CHMP1A,0.228355,mRNA
PHLDA1,-0.207009,mRNA
ZMYM4,-0.160045,mRNA
FRAT2,-0.29335,mRNA
CBX5,-0.195455,mRNA
ARHGAP27,0.620956,mRNA
CISH,0.143324,mRNA
HLF,-1.50795,mRNA
CAMK4,-1.16149,mRNA
PAFAH1B1,-0.296046,mRNA
PIGR,0.581933,mRNA
RAPGEFL1,1.0986,mRNA
PSMC1,0.0877748,mRNA
GAS7,0.416844,mRNA
QSOX1,1.49931,mRNA
C19orf47,0.00497862,mRNA
SP1,-0.041821,mRNA
UBE2V2,-0.191383,mRNA
CORO2A,1.92137,mRNA
FLT3,-1.32905,mRNA
PIAS2,-0.549229,mRNA
C20orf203,0.907565,mRNA
AGPAT3,-0.238402,mRNA
EGR2,-2.3462,mRNA
MICALL1,-0.11533,mRNA
PLEKHM3,-0.69371,mRNA
CHRM3,1.03896,mRNA
ELK1,0.486054,mRNA
MYSM1,-0.591964,mRNA
SYNPO2,-0.52301,mRNA
SF3B1,-0.0632321,mRNA
DDI2,-0.522947,mRNA
RUFY4,-0.560605,mRNA
XKR4,0.805757,mRNA
NDUFA10,-0.0997777,mRNA
WDFY2,-0.0111031,mRNA
CYP26B1,-1.02124,mRNA
LRRC15,0.0431591,mRNA
TTLL4,-0.200435,mRNA
SPPL3,-0.0399205,mRNA
RC3H1,-0.726904,mRNA
ANKS4B,0.197574,mRNA
NANOG,-0.33471,mRNA
ARL13B,0.420327,mRNA
PAK3,-2.54865,mRNA
ZBTB38,-0.124842,mRNA
TCN2,0.405087,mRNA
SETD5,-0.0177595,mRNA
LTBP2,-0.237539,mRNA
TRIM72,-0.400993,mRNA
TLR6,-0.414427,mRNA
BID,2.13828,mRNA
ANAPC10,-0.173037,mRNA
NUCKS1,-0.26422,mRNA
PACRGL,-0.424786,mRNA
RAB1A,-0.457393,mRNA
WDFY3,-0.405498,mRNA
PTAR1,-0.414874,mRNA
GAB1,-0.170734,mRNA
ABCG2,0.822619,mRNA
CDKL2,-0.225679,mRNA
UBN2,-0.546204,mRNA
B3GALNT2,-0.337491,mRNA
IL17REL,-1.82905,mRNA
SCFD2,-0.108683,mRNA
GRAMD1B,-0.883836,mRNA
SNRNP48,-0.529798,mRNA
NOS1AP,1.5346,mRNA
TMTC2,-0.222235,mRNA
SEC61A2,-0.00893447,mRNA
DCP2,-0.17497,mRNA
SMU1,-0.0641546,mRNA
C6orf89,-0.460457,mRNA
BASP1,1.23959,mRNA
ZNF555,-0.421977,mRNA
TEAD1,0.18693,mRNA
TES,-0.256267,mRNA
PDIA6,-0.484511,mRNA
UHRF2,-0.182644,mRNA
BDNF,0.318665,mRNA
DGKH,0.487886,mRNA
PLAG1,1.98449,mRNA
ABHD2,-0.30078,mRNA
ETS1,0.0339058,mRNA
TCF4,-0.360344,mRNA
ST6GALNAC3,-0.305111,mRNA
ENAH,0.608822,mRNA
KCTD7,-0.45691,mRNA
CHD9,-0.250667,mRNA
CAPRIN2,-0.444798,mRNA
ZNF268,-0.475314,mRNA
AEBP2,-0.0636928,mRNA
MGAT5,-0.547586,mRNA
ATXN7,-0.360454,mRNA
ZNF461,-0.327989,mRNA
RNMT,-0.057838,mRNA
GPR26,-1.10564,mRNA
FAM13A,-0.861254,mRNA
HS6ST3,-1.70506,mRNA
ZNF562,-0.150061,mRNA
MDGA1,-0.706876,mRNA
TGIF2,-0.301896,mRNA
CRYBG3,-0.937488,mRNA
RGS5,0.977034,mRNA
SLC24A4,-0.270696,mRNA
DRAM1,1.58128,mRNA
PHACTR4,-0.4119,mRNA
ZFPM1,0.106474,mRNA
COPS2,-0.00284022,mRNA
PEX10,0.292213,mRNA
NMT2,-0.47662,mRNA
HSPA13,-0.156075,mRNA
RASGRP3,-0.00868817,mRNA
EGR1,-1.80528,mRNA
SKP1,-0.11908,mRNA
GOT1,-0.126677,mRNA
IPO5,-0.105285,mRNA
RASAL2,0.851762,mRNA
WDR17,-1.18079,mRNA
CDKN1B,-0.265205,mRNA
RASSF2,-0.748829,mRNA
PCDHA5,1.59893,mRNA
MKKS,-0.380058,mRNA
HOOK3,0.144966,mRNA
RDH10,0.426887,mRNA
MAPK1IP1L,-0.285999,mRNA
KCNQ2,0.408031,mRNA
MTMR12,0.0436726,mRNA
KCNAB1,-0.631133,mRNA
PTEN,-0.213261,mRNA
DMBX1,8.14182,mRNA
ESR1,1.11701,mRNA
ABCA5,-0.269967,mRNA
CPOX,-0.0116273,mRNA
POFUT1,-0.445894,mRNA
PGR,1.35038,mRNA
ASB1,-0.431792,mRNA
NFATC2,-1.48047,mRNA
ZNF253,-0.356707,mRNA
NFATC3,-0.564092,mRNA
CBX7,-0.283206,mRNA
ZBTB20,-0.915856,mRNA
KCNIP2,-0.297341,mRNA
MCAT,0.0218998,mRNA
ZNF487,-0.116892,mRNA
MMGT1,-0.250742,mRNA
DDX3X,-0.587668,mRNA
CCNG1,0.53322,mRNA
VSNL1,1.08515,mRNA
LCLAT1,-0.329575,mRNA
RNF152,-0.294608,mRNA
TFRC,-0.811233,mRNA
FGD2,-0.908413,mRNA
C2orf69,-0.339313,mRNA
PGM2L1,0.668001,mRNA
ZNF616,-0.410161,mRNA
RIMKLA,-1.28854,mRNA
NCOA3,-0.174756,mRNA
SLC9A9,-0.718627,mRNA
SCN8A,0.711104,mRNA
PRTG,-1.72183,mRNA
CYLD,-0.506647,mRNA
COX18,0.224069,mRNA
MRPS23,0.183438,mRNA
ZFP41,-0.365114,mRNA
NLK,-0.192929,mRNA
IL1RN,1.52576,mRNA
CHMP2B,-0.263074,mRNA
CLCN3,-0.397083,mRNA
ZBTB4,-0.180525,mRNA
CCDC50,-0.261302,mRNA
ASB13,-0.244514,mRNA
PHC3,-0.272225,mRNA
GAS2L3,0.338885,mRNA
KLHL15,-0.452542,mRNA
XG,-1.09687,mRNA
OTUD1,0.299576,mRNA
NFIA,-0.590195,mRNA
IL5RA,-1.14891,mRNA
ZBTB33,0.571328,mRNA
KRTAP11-1,1.87402,mRNA
SCD,1.41658,mRNA
FOXL1,0.928269,mRNA
FGF14,-0.166288,mRNA
MAN1A2,-0.315938,mRNA
MOCS2,-0.216034,mRNA
KPNA4,-0.0888295,mRNA
PPA2,0.100552,mRNA
PEBP1,-0.410059,mRNA
SYT2,1.09744,mRNA
CCL22,1.09275,mRNA
MYO1C,0.498269,mRNA
PKHD1L1,-2.72914,mRNA
HEPHL1,-1.00242,mRNA
RASSF6,-2.44128,mRNA
C17orf100,0.151837,mRNA
PPM1B,-0.275596,mRNA
ZC3HAV1L,-0.724402,mRNA
HAP1,-1.98175,mRNA
ZNF440,-0.309088,mRNA
ARL5A,-0.371853,mRNA
SLC10A7,-0.599903,mRNA
LRRTM3,-0.981556,mRNA
CHCHD7,0.0547441,mRNA
POLDIP3,-0.238263,mRNA
OSBPL8,-0.055022,mRNA
PDZD2,0.574357,mRNA
ZNF121,-0.353969,mRNA
GPIHBP1,-0.14502,mRNA
RNF157,-0.167872,mRNA
ATG4C,-0.590493,mRNA
PDE4D,-0.962413,mRNA
TMEM26,0.383124,mRNA
STK4,-0.270864,mRNA
VMA21,-0.0841296,mRNA
ZNF827,-0.69547,mRNA
TCEA2,0.248279,mRNA
IL21R,-0.559305,mRNA
PDIK1L,0.0700476,mRNA
DCUN1D3,0.649118,mRNA
SCYL3,-0.256881,mRNA
PTCHD1,0.183389,mRNA
PRR5-ARHGAP8,0.0967797,mRNA
STX12,-0.318835,mRNA
ARHGAP8,-0.144054,mRNA
NCAM1,-1.74167,mRNA
TMUB2,-0.198277,mRNA
PPP2R2B,-0.817666,mRNA
RBM38,-0.11827,mRNA
NCOA7,-0.0493481,mRNA
RAP1A,-0.021991,mRNA
SLC46A3,-0.152689,mRNA
GIGYF1,0.0633828,mRNA
ENOX2,-0.263343,mRNA
NBEA,-0.0780243,mRNA
WWTR1,-0.678105,mRNA
TMED4,-0.361827,mRNA
MRPL35,-0.0650443,mRNA
POGK,0.119936,mRNA
MAMSTR,-0.00524158,mRNA
GATAD2A,0.521537,mRNA
MATR3,-0.252523,mRNA
BCL2L11,-1.05254,mRNA
IFNAR2,0.419803,mRNA
SYPL1,-0.522843,mRNA
FAM104A,0.171108,mRNA
WDR72,-2.08643,mRNA
UTP14C,-0.65508,mRNA
ELMO2,0.538234,mRNA
ACAP3,0.359774,mRNA
NEDD9,0.0292253,mRNA
EXPH5,0.16254,mRNA
RIMS4,-1.15066,mRNA
ACIN1,0.110509,mRNA
IRF2BP2,-0.245855,mRNA
RNF4,0.0107569,mRNA
DTNBP1,0.284132,mRNA
THRA,-0.18663,mRNA
TMEM107,0.00356837,mRNA
AP3S2,-0.077232,mRNA
SMAD2,-0.232871,mRNA
CYP2U1,-0.531437,mRNA
CIZ1,0.0685901,mRNA
IKZF3,-0.254703,mRNA
ARF6,0.243171,mRNA
HMGCS1,-0.743209,mRNA
ZNF605,-0.354688,mRNA
GSTO2,0.156314,mRNA
PPP1CB,0.297765,mRNA
PHACTR3,3.50037,mRNA
RPS6KA5,-1.98825,mRNA
CYP26C1,1.6566,mRNA
TSC22D3,-0.961065,mRNA
ARRDC4,-0.547465,mRNA
MEF2D,-0.190068,mRNA
SERTAD3,-0.16829,mRNA
RBM39,-0.217214,mRNA
CDCA5,-0.19408,mRNA
SPTY2D1,-0.513925,mRNA
UBTD2,-0.00961625,mRNA
SLC16A9,0.586089,mRNA
ORAI3,0.670732,mRNA
ZBTB41,-0.142832,mRNA
JMY,-0.0306091,mRNA
VAPA,-0.0179394,mRNA
GNAS,0.290807,mRNA
BTN3A1,0.0536215,mRNA
CREBL2,-0.0736055,mRNA
GCH1,-0.192749,mRNA
IRF1,-0.105397,mRNA
GOLGA6L9,-0.13921,mRNA
SUN1,-0.174936,mRNA
STOM,0.538154,mRNA
SURF4,-0.0717908,mRNA
ASB7,-0.213919,mRNA
BLM,-0.000946323,mRNA
E2F6,0.043644,mRNA
VAMP8,0.597036,mRNA
FAM189B,-0.301966,mRNA
KREMEN1,-0.352559,mRNA
CPM,1.05512,mRNA
TMPPE,-0.249906,mRNA
INSIG1,-0.279189,mRNA
LMCD1,0.0329374,mRNA
ARPP21,0.428221,mRNA
KIT,-2.17111,mRNA
RASSF5,0.373403,mRNA
NEDD4,0.132017,mRNA
C19orf54,-0.343862,mRNA
HDGF,0.0665896,mRNA
FAM83H,0.226338,mRNA
AMACR,0.295371,mRNA
RAB43,0.161835,mRNA
AHDC1,0.133691,mRNA
LRIT3,-0.608001,mRNA
EIF4B,-0.0555979,mRNA
TRMT2A,0.131567,mRNA
NHLRC2,-0.69694,mRNA
NEIL2,-0.00475364,mRNA
MIA3,-0.495512,mRNA
NAGA,0.325277,mRNA
LHFPL4,1.3486,mRNA
MEPCE,-0.10807,mRNA
ASXL1,-0.223889,mRNA
KIF1B,0.0173496,mRNA
FAM111A,0.646851,mRNA
TET3,0.653515,mRNA
PRICKLE2,-0.83107,mRNA
TBC1D9B,-0.0757296,mRNA
TSC1,-0.375233,mRNA
RSF1,-0.249843,mRNA
BMP2K,-0.501645,mRNA
SPTBN2,3.90106,mRNA
MND1,0.542873,mRNA
CNOT6,-0.00451275,mRNA
TGM2,1.82199,mRNA
NAPEPLD,-0.225772,mRNA
MTR,-0.317723,mRNA
WNK1,-0.00988324,mRNA
CNNM3,-0.0793397,mRNA
ACBD6,0.158963,mRNA
GDNF,4.91935,mRNA
MYO5A,-0.0826231,mRNA
PSMC5,0.156886,mRNA
PIP5K1C,0.374327,mRNA
PRC1,0.431632,mRNA
TMEM164,-0.958301,mRNA
PRCP,-0.278692,mRNA
EEFSEC,-0.00538993,mRNA
POLQ,-0.189062,mRNA
CLSTN1,0.175747,mRNA
PARP15,-0.914987,mRNA
PTK7,0.844947,mRNA
CACNB2,0.477075,mRNA
UBR1,-0.352098,mRNA
TJP2,0.143106,mRNA
TXLNA,0.293309,mRNA
GLYAT,-1.03864,mRNA
TUBB,0.0874573,mRNA
FBXO33,-0.445169,mRNA
HM13,0.167126,mRNA
RGS8,-3.2307,mRNA
MCL1,-0.411639,mRNA
SLC38A7,-0.125261,mRNA
G3BP1,-0.101563,mRNA
MRRF,-0.0985945,mRNA
PCGF2,0.83972,mRNA
ZNF28,0.0176914,mRNA
ZNF71,0.115029,mRNA
ABI2,-0.0325244,mRNA
ADM2,-1.02416,mRNA
ARNTL2,1.20247,mRNA
C4orf36,-0.314102,mRNA
SLC25A15,-1.66922,mRNA
PODNL1,1.93194,mRNA
TNFRSF21,1.85569,mRNA
ZBTB5,-0.66896,mRNA
CT45A3,-0.6621,mRNA
ENDOD1,1.48752,mRNA
SYTL4,-0.940018,mRNA
ASB3,-0.106662,mRNA
FBXL20,0.0356309,mRNA
LEF1,0.283308,mRNA
ANKFN1,-0.38482,mRNA
HP1BP3,-0.513704,mRNA
SLC7A2,1.01136,mRNA
PSMC3IP,0.154077,mRNA
PLCXD1,-0.436979,mRNA
ZC3H7B,-0.424639,mRNA
DUSP28,-0.201525,mRNA
ALKBH5,-0.175249,mRNA
POU6F2,-0.238673,mRNA
INO80D,-0.182623,mRNA
FECH,-0.488053,mRNA
ELP3,-0.198885,mRNA
ARMC1,-0.215637,mRNA
C2orf50,-1.2212,mRNA
HHAT,-0.209501,mRNA
PROM1,-2.14664,mRNA
DNAJC11,-0.113634,mRNA
IPO8,-0.375138,mRNA
AAK1,-1.049,mRNA
TGFBR3,-1.14717,mRNA
ARHGAP19,1.2726,mRNA
STX16,0.0491067,mRNA
SPATS1,1.5378,mRNA
TWF1,0.384661,mRNA
MREG,1.03284,mRNA
BTRC,-0.282532,mRNA
CLPB,-0.186437,mRNA
STXBP1,-0.0622155,mRNA
CDK6,-0.410156,mRNA
FAH,0.490703,mRNA
RPS3,0.146759,mRNA
UTRN,-0.181284,mRNA
SENP1,-0.0355148,mRNA
EBF3,-0.431504,mRNA
MAZ,0.194544,mRNA
ADPRHL1,-0.766786,mRNA
MAPK8,-0.423057,mRNA
HADHB,0.100618,mRNA
IFI44L,-0.302642,mRNA
PLS3,0.383373,mRNA
SLFN11,-0.696806,mRNA
DBNL,0.0337874,mRNA
TNFSF14,0.00985875,mRNA
STARD7,-0.359243,mRNA
GABRA2,-2.57182,mRNA
ZNF512B,-0.404975,mRNA
COL9A1,0.823312,mRNA
HEATR6,0.139984,mRNA
WDR82,-0.121738,mRNA
HEMK1,-0.450788,mRNA
HHLA1,1.42938,mRNA
LRP2BP,-0.304854,mRNA
SMAD3,-0.120123,mRNA
NHEJ1,0.20878,mRNA
ATP1A1,-0.572776,mRNA
SYNRG,-0.115413,mRNA
PPEF1,2.04593,mRNA
PPARGC1B,-0.183391,mRNA
ARHGAP32,-0.103968,mRNA
ZFYVE27,0.123437,mRNA
SH3D19,-0.0864068,mRNA
PHF8,0.0142051,mRNA
ATP6V0A1,0.122473,mRNA
CIAO1,0.15836,mRNA
SYMPK,0.181131,mRNA
SH3BP5,-0.713706,mRNA
ZNF778,-0.0909728,mRNA
PFN1,0.389775,mRNA
XCR1,-1.01318,mRNA
RBM8A,-0.253033,mRNA
CCDC144A,-0.626466,mRNA
GDF11,0.035414,mRNA
HDAC5,0.0968683,mRNA
SIX1,0.0546082,mRNA
LASP1,0.778774,mRNA
OTUD7A,-0.573677,mRNA
AGPAT1,-0.162768,mRNA
DPH2,-0.0875286,mRNA
TCFL5,-0.584186,mRNA
LSM14A,-0.0201644,mRNA
ABCF2,0.231281,mRNA
IFNAR1,-0.0325774,mRNA
AHSA1,0.0148892,mRNA
CDC42EP4,0.00529021,mRNA
USP49,-1.59553,mRNA
GCA,-0.110319,mRNA
ARHGAP20,-1.03883,mRNA
RACGAP1,0.0244815,mRNA
USP36,-0.231116,mRNA
NDST1,-0.0488989,mRNA
DUT,-0.401679,mRNA
ODC1,0.312738,mRNA
OR4D1,-0.877447,mRNA
VAV2,-0.218659,mRNA
ZFHX3,-0.201786,mRNA
RAB5C,0.00501198,mRNA
YWHAZ,0.126639,mRNA
SIPA1L1,0.340254,mRNA
IL17RD,2.17163,mRNA
PTK2,0.131303,mRNA
SF3B2,0.126104,mRNA
FILIP1L,-0.508569,mRNA
ANAPC1,-0.266456,mRNA
REPIN1,-0.00626774,mRNA
MYLK,-0.0864989,mRNA
DGKI,-2.7587,mRNA
VAV3,0.580945,mRNA
SPRN,0.135101,mRNA
DHX37,0.102355,mRNA
ABCC12,4.21556,mRNA
ATOH8,-0.48246,mRNA
RAET1E,3.10669,mRNA
ZNF3,-0.219636,mRNA
RASSF8,-0.318538,mRNA
HNRNPUL1,0.07167,mRNA
FAM177B,-1.57977,mRNA
BAZ2A,0.0339687,mRNA
DCLK3,1.83289,mRNA
CHCHD10,-0.669665,mRNA
FANCD2,0.373682,mRNA
TBKBP1,0.357402,mRNA
ILF3,0.00571041,mRNA
TMBIM1,-0.0698621,mRNA
C20orf202,0.944861,mRNA
RPL22,-0.093817,mRNA
KIAA1210,0.651427,mRNA
BICD2,-0.0884076,mRNA
MAGIX,0.117722,mRNA
BRCC3,-0.131459,mRNA
PRSS41,1.17761,mRNA
KIF21A,-0.085669,mRNA
CHST9,-2.01527,mRNA
SBNO1,-0.692996,mRNA
ACVR2A,0.00653784,mRNA
CBWD1,-0.247547,mRNA
GPR27,0.36601,mRNA
TCF3,0.153619,mRNA
KLF12,0.324784,mRNA
BCL2,-1.57505,mRNA
RBX1,0.031779,mRNA
KANK1,-0.0704793,mRNA
FGF2,0.888606,mRNA
QPRT,0.667639,mRNA
ZNF275,-0.166093,mRNA
TMEM135,-0.439142,mRNA
MTCH2,-0.0117755,mRNA
HIBCH,0.00232414,mRNA
GNB1,0.174969,mRNA
DAPP1,-0.620519,mRNA
PLEKHA1,-0.498238,mRNA
INVS,-0.602242,mRNA
AVL9,-0.213129,mRNA
SRPX2,2.1382,mRNA
HNRNPA2B1,-0.203339,mRNA
PDLIM3,-1.98026,mRNA
MTHFR,0.448826,mRNA
PCLO,-1.36631,mRNA
RASEF,-0.681892,mRNA
UBP1,0.0899071,mRNA
TAB3,-0.309299,mRNA
CPNE1,0.284669,mRNA
RALGPS1,-0.667725,mRNA
LRRC57,0.107014,mRNA
LSM11,-0.172952,mRNA
FAM53B,-0.25362,mRNA
UBE3C,0.0356993,mRNA
CBFA2T3,-0.367116,mRNA
RAB11FIP3,0.130583,mRNA
DICER1,-0.749943,mRNA
SLK,-0.357551,mRNA
SMURF1,0.159764,mRNA
GNAL,-1.23371,mRNA
BSG,0.435125,mRNA
SPCS2,-0.322539,mRNA
SNX19,-0.362553,mRNA
UBE2V1,0.0253875,mRNA
PHYHIP,2.60391,mRNA
CCDC80,0.0284507,mRNA
DAZAP2,-0.301002,mRNA
ZBTB34,-0.0366239,mRNA
AGAP2,-0.321926,mRNA
SEC61A1,0.172945,mRNA
HEYL,0.532221,mRNA
TSC22D2,-0.854154,mRNA
ZBTB24,-0.324481,mRNA
CPEB3,-0.902515,mRNA
ZC3H11A,-0.140233,mRNA
WIPI2,0.0586314,mRNA
SV2B,-1.70866,mRNA
SERBP1,-0.103736,mRNA
AKAP11,-0.240683,mRNA
CDC37L1,-0.148329,mRNA
KIF14,0.08229,mRNA
PDAP1,-0.00825082,mRNA
STX17,-0.278955,mRNA
RFK,0.348449,mRNA
ZFP30,-0.34321,mRNA
BAG4,-0.148365,mRNA
BZW1,-0.0509374,mRNA
FASTKD2,-0.355932,mRNA
CCNE1,0.329696,mRNA
WDR47,-0.52033,mRNA
CCNT1,-0.807085,mRNA
EFR3B,0.230072,mRNA
CCNT2,-0.105052,mRNA
SORCS3,-0.786273,mRNA
TPI1,0.0376162,mRNA
MAPKBP1,-0.696491,mRNA
SHOC2,-0.259127,mRNA
KLHDC10,-0.515363,mRNA
ABCB7,0.0644413,mRNA
STK38L,-0.114221,mRNA
CDV3,-0.403574,mRNA
ETNK1,-0.21139,mRNA
C21orf62,-0.833812,mRNA
MRPS27,0.018301,mRNA
MIB1,-0.00569748,mRNA
PLXND1,1.54468,mRNA
TAOK1,-0.625615,mRNA
RTF1,-0.239125,mRNA
RPRD1B,-0.49446,mRNA
SLC35D1,-0.411304,mRNA
HAUS3,-0.251493,mRNA
CEP68,-0.596664,mRNA
DCAF17,-0.93762,mRNA
DTX4,3.10921,mRNA
GABARAPL1,-0.470319,mRNA
ATP11A,1.52176,mRNA
LUZP1,0.19885,mRNA
OTUD3,0.0416111,mRNA
TKTL1,-1.00579,mRNA
NUP160,-0.418903,mRNA
VEGFA,-0.427751,mRNA
MTUS2,0.431306,mRNA
THRAP3,-0.0853845,mRNA
ATMIN,-0.163289,mRNA
CD180,-0.736322,mRNA
ACSL6,-1.3405,mRNA
ACTR2,-0.0166172,mRNA
FKBP15,0.0483143,mRNA
ARIH1,-0.123999,mRNA
MED13L,-0.785988,mRNA
PURA,-0.344399,mRNA
LEPROTL1,0.460028,mRNA
MLLT6,0.00462073,mRNA
PSKH1,-0.48503,mRNA
TMEM131,0.0369906,mRNA
YWHAQ,-0.155662,mRNA
VPS4A,-0.141028,mRNA
MORC3,-0.0384632,mRNA
VCL,0.163415,mRNA
PARM1,-0.489175,mRNA
SOCS5,-0.14226,mRNA
INTS7,-0.00389078,mRNA
OCRL,-0.360153,mRNA
KPNA1,0.181489,mRNA
MYRIP,-0.459725,mRNA
PAFAH1B2,-0.388984,mRNA
CNRIP1,-0.0716274,mRNA
CCL4,-0.989043,mRNA
NIPSNAP3A,-0.250222,mRNA
SNCG,1.26607,mRNA
CREG1,-0.346801,mRNA
TIPARP,0.744603,mRNA
ARHGDIA,0.193323,mRNA
GORASP2,0.198862,mRNA
MAP4K2,-0.256163,mRNA
TMEM98,1.29747,mRNA
RAPH1,-0.52299,mRNA
PTCD1,0.150583,mRNA
MAFK,0.112417,mRNA
GLCE,0.449483,mRNA
ENTPD6,0.0893836,mRNA
PPP1R16B,-1.13396,mRNA
SH3BGRL2,0.097845,mRNA
GNAT1,1.38485,mRNA
YTHDC1,-0.403526,mRNA
INTU,-0.171383,mRNA
ZNF284,-0.224257,mRNA
TSPAN3,0.439104,mRNA
BRPF3,-0.116717,mRNA
MBTPS2,0.315004,mRNA
LIN54,-0.120095,mRNA
ANGPT4,-0.969986,mRNA
CCNL1,-0.522397,mRNA
ABHD5,-0.304952,mRNA
FOXA2,-2.08323,mRNA
TFAM,-0.239746,mRNA
TMED5,-0.176038,mRNA
MET,2.6156,mRNA
HGF,-1.15943,mRNA
MRPS33,-0.141132,mRNA
PAK4,0.0220201,mRNA
SAR1B,0.145605,mRNA
ADAT2,-0.518323,mRNA
ANKFY1,0.486912,mRNA
CHCHD3,0.0341023,mRNA
PIAS1,-0.669555,mRNA
CD44,1.26624,mRNA
TRPC4,1.83375,mRNA
MTA3,-0.0991184,mRNA
TLK2,-0.20344,mRNA
DCTN4,-0.00421647,mRNA
ACSL5,0.972744,mRNA
HOXA10,1.81562,mRNA
GPRC5B,1.26748,mRNA
CTSC,2.15386,mRNA
CMPK1,-0.236818,mRNA
CLNK,-0.339003,mRNA
SFMBT1,-0.90753,mRNA
LRRC55,0.599232,mRNA
ADAM22,-2.17013,mRNA
CDH11,1.65085,mRNA
SRGAP1,-0.0901155,mRNA
DCDC2,0.543818,mRNA
ACP6,0.630064,mRNA
POU2F1,0.195526,mRNA
TRPM3,-1.90627,mRNA
CWC15,0.0363021,mRNA
SYT6,0.422451,mRNA
LUC7L3,-0.0983447,mRNA
CAMK2G,-0.210786,mRNA
TMEM14C,0.0286909,mRNA
RUNX2,2.19369,mRNA
NTRK2,-0.550911,mRNA
VTA1,-0.27376,mRNA
NTM,2.84263,mRNA
CDH8,1.78606,mRNA
ATP8A2,1.08491,mRNA
POU2F2,-1.31345,mRNA
AGAP1,0.214218,mRNA
IER5,1.04736,mRNA
IKZF2,0.877147,mRNA
ZNF385D,-0.179538,mRNA
ZNF362,0.209159,mRNA
SEPSECS,-0.379561,mRNA
PHF13,0.505484,mRNA
FZD3,-0.533558,mRNA
ALDH1A2,-1.59544,mRNA
LDHC,-0.629908,mRNA
ST3GAL1,-0.0879108,mRNA
BAIAP2,0.827927,mRNA
B4GALNT3,1.52704,mRNA
WDR1,0.13745,mRNA
OPN5,3.34313,mRNA
ZSCAN22,-0.125368,mRNA
BCL9L,0.0634208,mRNA
FOXRED1,-0.121294,mRNA
INO80,-0.273263,mRNA
GALNT10,-0.611212,mRNA
SFT2D2,-0.153509,mRNA
FAM20A,2.68349,mRNA
ZRANB1,-0.406032,mRNA
CREB1,-0.218271,mRNA
MBNL1,-0.155715,mRNA
SEMA4G,0.30903,mRNA
RNF111,-0.245678,mRNA
PTPRT,0.875618,mRNA
CDKN2AIP,-0.362159,mRNA
CCR5,-0.309314,mRNA
AHI1,-0.0660114,mRNA
MAPRE2,-0.719137,mRNA
SERP1,-0.28269,mRNA
CWC25,-0.28694,mRNA
USP47,-0.184501,mRNA
UHRF1BP1,-0.0372227,mRNA
ZWILCH,0.101313,mRNA
FLVCR2,0.715982,mRNA
PRLR,0.856627,mRNA
ZNF48,0.292316,mRNA
PRPF39,-0.149793,mRNA
AKAP1,-0.33506,mRNA
PEX26,-0.165276,mRNA
CDX2,5.28356,mRNA
FBXO34,-0.204807,mRNA
IL11,1.75,mRNA
AKAP13,0.109778,mRNA
PLEKHB2,0.14718,mRNA
DPF3,0.130198,mRNA
FEZF2,-1.45176,mRNA
ETF1,-0.207305,mRNA
MED9,-0.123058,mRNA
AP1S1,0.730383,mRNA
GTDC1,-0.0705432,mRNA
IPO9,-0.0818896,mRNA
FARP1,0.377096,mRNA
NECAP2,0.30711,mRNA
SYNJ2BP,-0.485178,mRNA
LRRC8D,-0.460207,mRNA
VN1R1,-0.206675,mRNA
ANTXR1,-1.00636,mRNA
BCL7A,0.388986,mRNA
NUDT11,2.17378,mRNA
BACH2,-0.422532,mRNA
UBA6,-0.0111548,mRNA
LRRC4,1.39157,mRNA
ELP2,0.149916,mRNA
SOST,-3.60733,mRNA
TMEM19,-0.535988,mRNA
USP14,-0.0391056,mRNA
MBD5,-0.436207,mRNA
MDFI,2.78632,mRNA
IPO7,0.130526,mRNA
TXNIP,-0.42605,mRNA
ERF,-0.0177029,mRNA
MLLT10,-0.224746,mRNA
WDR3,-0.211722,mRNA
LYPD6,-0.815438,mRNA
SERINC3,-0.00710546,mRNA
RINL,1.0266,mRNA
TPPP,-2.29304,mRNA
SYS1,-0.283135,mRNA
PADI2,0.499989,mRNA
DBNDD2,0.661645,mRNA
ANGPTL2,0.62701,mRNA
BTN3A2,0.0994917,mRNA
G3BP2,-0.139656,mRNA
ECM2,-0.843871,mRNA
ASGR1,-0.932082,mRNA
SLC43A1,-0.562853,mRNA
GLP1R,1.93775,mRNA
LRRC49,-0.191313,mRNA
SOX4,1.67062,mRNA
SPARC,1.00607,mRNA
STRA6,5.75405,mRNA
KYNU,-0.0104737,mRNA
HMGA2,5.8027,mRNA
STC2,0.777159,mRNA
HAS3,-0.713084,mRNA
SGPL1,0.338206,mRNA
EFNB2,0.751564,mRNA
ADCYAP1R1,0.362999,mRNA
BMPR1A,-0.746285,mRNA
CDH1,-0.17236,mRNA
PSMA5,0.268776,mRNA
CPT1B,0.754169,mRNA
ATF6B,0.071744,mRNA
EGR3,-1.52665,mRNA
EFNB1,0.773694,mRNA
ZNF513,0.22535,mRNA
MUC4,2.94496,mRNA
SYNGR1,-0.782666,mRNA
CHCHD5,0.097562,mRNA
MDM1,-0.529987,mRNA
SORCS2,0.639777,mRNA
KLF9,-1.02924,mRNA
TGFBR1,1.67662,mRNA
RFX4,-2.03034,mRNA
SLC39A11,-0.351939,mRNA
PTPRB,0.185943,mRNA
ELOVL6,1.06476,mRNA
PPFIA2,-0.579411,mRNA
CACNG8,0.72939,mRNA
RAB11FIP4,0.379593,mRNA
FAM124A,-1.78922,mRNA
CDC42,0.0486487,mRNA
PRKCQ,-1.31128,mRNA
MYO18A,-0.281307,mRNA
FBXO32,0.874921,mRNA
IGFBP2,1.53068,mRNA
CYBB,0.179698,mRNA
RAB2A,-0.230041,mRNA
IGFBP5,0.762506,mRNA
DLGAP1,0.78353,mRNA
PPP3R1,0.034869,mRNA
ELOVL5,-0.808926,mRNA
PLCXD3,-0.749223,mRNA
SAMD5,-1.47304,mRNA
SLAIN1,-0.453001,mRNA
SMOC1,-0.578984,mRNA
ZKSCAN3,-0.719287,mRNA
MGAT4A,-0.0121028,mRNA
SNX1,0.472983,mRNA
ZNF292,-0.486118,mRNA
PBX1,-0.216054,mRNA
IQSEC2,0.0686762,mRNA
EFHD1,0.549159,mRNA
DDAH1,0.60174,mRNA
RARG,1.02212,mRNA
LMBR1,0.176237,mRNA
CHST12,0.156982,mRNA
NT5C2,-0.333647,mRNA
PHF20L1,-0.6591,mRNA
HLA-DQB1,0.720286,mRNA
SOX5,-2.11325,mRNA
LONRF2,1.78342,mRNA
MS4A6A,0.274688,mRNA
RALGPS2,-0.394557,mRNA
TRPC1,-0.401978,mRNA
HOXA9,0.778835,mRNA
FAM126B,-0.67534,mRNA
ANKRD46,-0.746914,mRNA
CKAP5,0.167403,mRNA
AKR1C3,-0.249663,mRNA
LPGAT1,-0.6689,mRNA
ERP44,-0.0463853,mRNA
DDHD2,-0.299683,mRNA
PROZ,-0.997346,mRNA
SATB1,0.0219494,mRNA
SNX12,-0.144534,mRNA
PPP1R3B,0.618324,mRNA
UBE2L3,-0.0136482,mRNA
MDM4,-0.257972,mRNA
RAB18,0.0527905,mRNA
DNM1L,-0.188078,mRNA
F2RL2,2.41872,mRNA
FMR1,0.141636,mRNA
TUBGCP2,-0.0421648,mRNA
ZNF217,0.696958,mRNA
BRSK2,-1.91358,mRNA
EXOC5,-0.188453,mRNA
ATF2,-0.750883,mRNA
ABR,1.47095,mRNA
THBS1,0.473243,mRNA
PCGF5,-0.794664,mRNA
EIF4EBP2,-0.0475492,mRNA
LIF,0.343683,mRNA
B3GNT5,-0.27491,mRNA
KLHL3,-0.927746,mRNA
SOCS4,-0.283355,mRNA
PLAT,0.648115,mRNA
FGF1,1.48519,mRNA
OXTR,1.50967,mRNA
GRIA1,-3.703,mRNA
ATP2B4,0.153343,mRNA
TMEM200A,1.24186,mRNA
ZNF207,0.124044,mRNA
TP53I11,0.266984,mRNA
SSX2IP,-0.0873273,mRNA
HPCAL1,0.42057,mRNA
ERBB4,-1.26232,mRNA
UEVLD,-0.4702,mRNA
POU3F2,0.0285026,mRNA
PSMD9,0.137232,mRNA
AMMECR1L,-0.25987,mRNA
PPP1R1C,2.11756,mRNA
TIAM1,3.01442,mRNA
JRKL,-0.326175,mRNA
MAPK10,-0.355046,mRNA
TTPAL,-0.215233,mRNA
ERC1,-0.273865,mRNA
CDS1,-0.213273,mRNA
IQCE,-0.390277,mRNA
PTPRF,0.774876,mRNA
DYRK3,-0.990008,mRNA
SMC2,0.0454283,mRNA
STAMBP,-0.0340775,mRNA
ENKUR,-1.42744,mRNA
SLC19A3,-0.0457264,mRNA
CABYR,1.25795,mRNA
CDC42EP3,1.5248,mRNA
ACADVL,0.315091,mRNA
CAMKK1,0.499927,mRNA
WTAP,-0.241894,mRNA
MIDN,0.0275852,mRNA
AKT3,-0.0204702,mRNA
PRDM16,-1.26222,mRNA
LIMS1,-0.608418,mRNA
HYDIN,-0.448738,mRNA
BRD1,-0.290755,mRNA
EEF1A1,0.257592,mRNA
ZNF512,-0.120658,mRNA
DKK2,0.54636,mRNA
POGZ,-0.164238,mRNA
C11orf71,-0.337903,mRNA
ANKRD28,-0.174174,mRNA
PHF21A,-0.0617749,mRNA
TFEB,-0.0516742,mRNA
NDUFS1,-0.197688,mRNA
SLIT3,-0.0143158,mRNA
CROT,-0.31253,mRNA
C19orf12,0.00850557,mRNA
RPS6KB1,-0.21677,mRNA
C16orf91,-0.113156,mRNA
TRPS1,-0.533814,mRNA
MRFAP1,-0.0308915,mRNA
GPR107,-0.28842,mRNA
RIT2,-1.0873,mRNA
PANK3,-0.480947,mRNA
NDFIP1,-0.16171,mRNA
KPNB1,0.0697202,mRNA
SIRT1,-0.383741,mRNA
B4GALNT1,0.215512,mRNA
SLC30A7,0.101368,mRNA
STMN1,0.726266,mRNA
ZNF33A,-0.228426,mRNA
VANGL1,-1.06518,mRNA
SNX2,-0.3216,mRNA
PEG10,0.361574,mRNA
LRRC20,0.315467,mRNA
TNFSF10,-0.258988,mRNA
RNF214,-0.257308,mRNA
ARID1A,-0.242317,mRNA
CARHSP1,0.294007,mRNA
ZNF236,-0.413958,mRNA
UBE2F,0.185993,mRNA
KPNA6,0.159147,mRNA
AMN1,0.158986,mRNA
RHOA,0.0683143,mRNA
HNRNPD,-0.123397,mRNA
CORIN,1.12663,mRNA
ABLIM1,-0.743428,mRNA
PTPN1,-0.297337,mRNA
PPP6C,-0.295761,mRNA
EBPL,-0.123187,mRNA
DENR,0.0440727,mRNA
KCNMB2,-1.61658,mRNA
SNX4,-0.738538,mRNA
JRK,-0.80821,mRNA
DDX6,-0.304155,mRNA
LYPLA1,-0.206294,mRNA
TCEAL1,-0.276704,mRNA
LRP6,-0.614483,mRNA
RNF130,0.131278,mRNA
PCDHA3,1.29665,mRNA
PCDHAC1,1.12021,mRNA
BMF,0.522177,mRNA
BTD,-0.362027,mRNA
EPHA5,-2.7927,mRNA
BRWD1,-0.252163,mRNA
RBM33,-0.235897,mRNA
SUV39H1,-0.190563,mRNA
TMEM183A,-0.016143,mRNA
PPP2R5E,-0.233436,mRNA
SELE,-1.12613,mRNA
TRAT1,-1.49224,mRNA
CDKL1,-1.55919,mRNA
LGALS3BP,0.415041,mRNA
ABCB8,-0.259042,mRNA
GNAI3,-0.0263389,mRNA
ZNF2,-0.340274,mRNA
TOP3A,-0.049694,mRNA
GNA13,-0.415082,mRNA
ZNF131,-0.323781,mRNA
BARD1,-0.211191,mRNA
TRMT5,-0.347015,mRNA
TMCC1,0.223551,mRNA
EIF4E3,0.113417,mRNA
RALGAPB,0.0619146,mRNA
GRB10,0.884551,mRNA
FBXO21,0.122831,mRNA
HJURP,-0.00150843,mRNA
TRIB1,-0.342936,mRNA
SMAD5,-0.278011,mRNA
RTEL1,-0.0825023,mRNA
PPP2R2A,0.0282682,mRNA
STMN4,0.388205,mRNA
SMARCA4,0.616336,mRNA
DCAF5,-0.18294,mRNA
MGAT4B,1.1615,mRNA
OSBPL10,0.944301,mRNA
MAP3K9,-0.50506,mRNA
CBLL1,-0.284448,mRNA
UBR7,-0.164068,mRNA
ZNF714,0.464605,mRNA
LYSMD4,0.231896,mRNA
EIF3I,0.374012,mRNA
ZFYVE16,-0.274429,mRNA
AIPL1,-1.51158,mRNA
LUC7L2,-0.317294,mRNA
OPRM1,-1.33684,mRNA
TRIM44,-0.568074,mRNA
RAB30,-0.654429,mRNA
TAF1,-0.220742,mRNA
PGPEP1,0.694926,mRNA
ATG5,-0.156928,mRNA
WDR6,0.206457,mRNA
CLN3,-0.30327,mRNA
NLE1,0.124298,mRNA
NQO1,0.338766,mRNA
DDX21,-0.293363,mRNA
MDM2,0.622682,mRNA
SLC2A14,0.215675,mRNA
SLC35A2,0.0636727,mRNA
TLE3,0.34431,mRNA
TPT1,0.361303,mRNA
SERTAD4,-0.816273,mRNA
TUBGCP3,-0.171671,mRNA
STOX2,-1.26788,mRNA
TMEM179,2.38919,mRNA
NFS1,-0.302144,mRNA
RNGTT,-0.287542,mRNA
RECK,-0.662557,mRNA
RAD9B,-0.512623,mRNA
PELI2,-1.0023,mRNA
C2orf49,-0.432358,mRNA
CSNK1G1,-0.567759,mRNA
HIPK2,0.206521,mRNA
SLC45A4,-0.494469,mRNA
DOCK5,-0.714297,mRNA
TMEM68,0.309729,mRNA
FBXL18,-0.525317,mRNA
ZNF772,-0.256469,mRNA
PHF19,0.280005,mRNA
COG5,-0.501672,mRNA
CNTLN,-0.719221,mRNA
KIF3B,-0.345353,mRNA
ST6GALNAC6,0.654504,mRNA
SART1,0.222279,mRNA
KIAA1958,-0.525162,mRNA
SS18,0.0428293,mRNA
RPS6KC1,-0.407087,mRNA
DCAF7,0.0530933,mRNA
COBL,-0.764156,mRNA
CAPRIN1,0.0900641,mRNA
TTC26,-0.495654,mRNA
POLE,0.251919,mRNA
ARHGAP24,-1.76335,mRNA
RNPS1,0.173771,mRNA
CLTC,0.069759,mRNA
CPSF6,-0.04193,mRNA
CRMP1,0.571927,mRNA
FICD,-0.609819,mRNA
TEX2,-0.509354,mRNA
VCP,0.110578,mRNA
TOM1L2,-0.410583,mRNA
LRP10,0.209332,mRNA
ADAM12,2.59666,mRNA
ZNF770,0.262937,mRNA
LAIR1,0.259622,mRNA
MGMT,0.130672,mRNA
ACSBG2,-0.0923532,mRNA
PBX2,-0.0292719,mRNA
BAZ2B,0.0384908,mRNA
RBMS2,0.439553,mRNA
SORT1,-0.0778908,mRNA
CECR2,-2.54509,mRNA
EIF2S1,-0.126901,mRNA
SDHA,-0.140237,mRNA
DCP1A,-0.451125,mRNA
ZW10,-0.0715482,mRNA
RSBN1,-0.331553,mRNA
PIWIL1,3.61762,mRNA
ACER3,-0.16199,mRNA
BBC3,2.10688,mRNA
NIPSNAP3B,0.132877,mRNA
TOM1,0.0132097,mRNA
STRBP,-0.0597189,mRNA
FYTTD1,0.147489,mRNA
UTP6,-0.261014,mRNA
CBX2,1.46799,mRNA
CAND1,0.280181,mRNA
C18orf25,-0.220212,mRNA
LANCL2,0.135434,mRNA
CDKL5,-0.806168,mRNA
RBBP6,-0.436765,mRNA
UBIAD1,-0.237454,mRNA
RCC2,0.790434,mRNA
TIMM50,0.233515,mRNA
GNG12,-0.0807215,mRNA
RNF215,0.19573,mRNA
KLHL9,-0.26138,mRNA
TP53BP2,-0.176686,mRNA
MCCC2,-0.288288,mRNA
RAC1,0.255634,mRNA
TERF2IP,-0.17987,mRNA
WNK2,-1.07926,mRNA
KRT20,0.170909,mRNA
FXN,-0.332415,mRNA
RFX3,-0.577278,mRNA
TBC1D16,-0.356578,mRNA
PCDH18,0.114688,mRNA
PNRC1,-0.456826,mRNA
ING3,-0.813428,mRNA
CCDC59,-0.380448,mRNA
NDFIP2,0.242291,mRNA
ACER2,1.22243,mRNA
PLEKHA3,0.157589,mRNA
POLL,-0.0174657,mRNA
CRLS1,0.0867036,mRNA
ADD1,0.0965292,mRNA
KLHL4,-2.5789,mRNA
SPIN3,-0.312711,mRNA
CTPS2,-0.0713825,mRNA
PPARA,-0.408329,mRNA
UGGT1,-0.124249,mRNA
UFM1,-0.152402,mRNA
WRNIP1,0.00192494,mRNA
EGFR,0.167311,mRNA
NPTX1,-0.154687,mRNA
C1GALT1,-0.533421,mRNA
STX7,-0.33302,mRNA
SLC39A10,0.852225,mRNA
CLEC4E,-0.878004,mRNA
COL8A1,1.45243,mRNA
UBXN2B,-0.204058,mRNA
PLSCR4,-1.57494,mRNA
STX3,0.736524,mRNA
ENTPD7,-0.324045,mRNA
NAA40,-0.442618,mRNA
PBXIP1,0.113522,mRNA
CLASP1,-0.0787809,mRNA
CHAT,7.35524,mRNA
SLC9A8,-0.351122,mRNA
RET,1.9711,mRNA
C21orf91,-0.0318271,mRNA
URM1,0.127761,mRNA
C11orf16,0.538863,mRNA
LRRC27,-0.128523,mRNA
GSK3B,0.231883,mRNA
ZNF287,-0.0725123,mRNA
RHOJ,-0.416889,mRNA
FOS,-1.58512,mRNA
PPM1H,0.0914422,mRNA
SLC7A5,0.563449,mRNA
ERMN,-0.710394,mRNA
CDC25B,0.685868,mRNA
RNF150,-2.29192,mRNA
EI24,0.226836,mRNA
DLG3,0.0979497,mRNA
FBRS,0.267755,mRNA
HEG1,0.41807,mRNA
ING4,0.118956,mRNA
PVRIG,-0.789712,mRNA
ZNF608,0.203969,mRNA
FOXJ3,-0.361749,mRNA
XPO5,0.184622,mRNA
SYNPO2L,0.243082,mRNA
GPR158,-0.565722,mRNA
TACC1,-0.383539,mRNA
ARHGAP31,-0.373891,mRNA
NAPG,-0.0676251,mRNA
RPTOR,-0.136816,mRNA
ZNF610,-0.0173598,mRNA
ZNF548,-0.720378,mRNA
TXNDC16,-0.651044,mRNA
FRMD3,2.17471,mRNA
ARRDC3,-0.110654,mRNA
ZDHHC22,0.756934,mRNA
RAD54L2,-0.366176,mRNA
VPS18,0.365891,mRNA
HUNK,0.557363,mRNA
DPP10,2.26676,mRNA
ACTG1,0.258276,mRNA
RDH14,-0.0983269,mRNA
FAM107A,-0.174217,mRNA
EPB41L5,-0.898158,mRNA
ANTXR2,-0.424619,mRNA
ASAH2,1.42106,mRNA
ZBTB26,-0.702061,mRNA
TP53INP2,-1.10505,mRNA
HPR,-0.916636,mRNA
DUSP6,2.32537,mRNA
NEUROG3,-0.767685,mRNA
SLITRK4,1.95117,mRNA
E2F1,2.00453,mRNA
XPOT,0.0927947,mRNA
NDUFV3,-0.0212136,mRNA
BMP7,-0.590712,mRNA
CCND2,1.33079,mRNA
RAP1GDS1,0.325217,mRNA
LSAMP,-0.374721,mRNA
KCNK10,0.460358,mRNA
STRN,-0.429145,mRNA
FOSL2,-0.199429,mRNA
RHOU,0.839267,mRNA
CBX1,-0.374726,mRNA
PTPRN2,-0.292826,mRNA
PUS10,-0.0151536,mRNA
TSPYL4,-0.268835,mRNA
RRM2,-0.149978,mRNA
TICAM2,-0.674589,mRNA
SUGT1,-0.0643857,mRNA
PLAC1,1.50627,mRNA
HDLBP,-0.105587,mRNA
EXOC4,0.133836,mRNA
GNPDA1,0.589294,mRNA
PLA2G2D,-1.47691,mRNA
ZFAND3,-0.0594846,mRNA
CDC23,-0.157057,mRNA
NLRC5,-0.031848,mRNA
TCL1A,-2.78333,mRNA
CPT2,0.17099,mRNA
ADARB1,0.466213,mRNA
GAN,-0.510769,mRNA
CAMTA1,0.197883,mRNA
KCNK12,-0.472131,mRNA
CFLAR,-0.366285,mRNA
GAPVD1,-0.26309,mRNA
OPA1,-0.257945,mRNA
LIN7B,-0.0838532,mRNA
PDF,0.40043,mRNA
CD40,0.535438,mRNA
ERLIN2,-0.510423,mRNA
AZI2,-0.459772,mRNA
SYNGR2,0.711492,mRNA
GREM2,-0.295306,mRNA
AXIN2,-1.00433,mRNA
CLTB,0.360604,mRNA
HHIP,-2.00087,mRNA
NUP98,-0.175107,mRNA
MTMR14,-0.0615974,mRNA
ITGA6,0.81514,mRNA
TPM1,0.0519647,mRNA
LARP1,-0.0739602,mRNA
FNDC3B,-0.0384119,mRNA
CDON,-1.65631,mRNA
MPHOSPH9,-0.845144,mRNA
ANKS1A,-0.525384,mRNA
PAPOLG,-0.506336,mRNA
CASP6,0.3781,mRNA
RANBP17,-0.303318,mRNA
CDC25C,0.299439,mRNA
KCNH1,0.846068,mRNA
TM6SF1,-0.356557,mRNA
MKLN1,-0.328766,mRNA
UBE2Z,0.063023,mRNA
WNT2B,0.124159,mRNA
AKT1,0.310938,mRNA
ADNP,-0.273363,mRNA
HIVEP3,-0.590861,mRNA
MUL1,-0.230483,mRNA
RBM12,-0.376773,mRNA
FUT8,0.244137,mRNA
DHX40,-0.279976,mRNA
SPTBN1,-0.789048,mRNA
SAP30L,-0.48258,mRNA
APAF1,-0.19643,mRNA
ZYG11B,-0.0347998,mRNA
SYNE2,-0.768349,mRNA
LRRK1,-0.0874713,mRNA
BIRC3,-0.323003,mRNA
LIN28A,-0.180603,mRNA
ZDHHC16,0.465335,mRNA
C1orf115,1.32158,mRNA
DIABLO,0.226993,mRNA
ALG9,-0.0590507,mRNA
NDRG1,-0.642652,mRNA
AGBL2,-0.514184,mRNA
TRAF3,-0.53339,mRNA
ZC3H14,-0.102985,mRNA
IRGQ,0.246322,mRNA
ZNF672,-0.092804,mRNA
EXT2,0.0338429,mRNA
C10orf88,-0.113818,mRNA
MTAP,0.124349,mRNA
TMOD2,0.0343006,mRNA
RNF40,-0.0949097,mRNA
GFM1,-0.275864,mRNA
GIGYF2,-0.179464,mRNA
WDR26,0.281229,mRNA
GDE1,0.312946,mRNA
FIGN,-0.340961,mRNA
ANKRD36B,-0.272428,mRNA
POLR3E,-0.220339,mRNA
CASP10,0.610373,mRNA
KIF2A,-0.24081,mRNA
GRPEL1,-0.133278,mRNA
PDGFD,0.176256,mRNA
ACSL4,0.189432,mRNA
CXXC4,-1.34219,mRNA
WDR77,0.000622858,mRNA
MAP4,0.500335,mRNA
PLIN3,0.209686,mRNA
GYG1,0.277466,mRNA
FOSL1,-0.47797,mRNA
UST,-0.787736,mRNA
PRRT1,0.417487,mRNA
CCT3,0.206849,mRNA
PTPRO,0.85392,mRNA
PDGFRA,-1.21011,mRNA
RRAS,1.0606,mRNA
PUS7L,-0.560681,mRNA
ERLIN1,0.394678,mRNA
RAB33B,-0.274093,mRNA
SNTB2,-0.529635,mRNA
BRCA1,-0.430413,mRNA
RAB3GAP2,-0.229854,mRNA
GREB1L,-0.581483,mRNA
AKR1B1,0.295025,mRNA
PHYHIPL,0.283739,mRNA
GATA4,-2.22412,mRNA
C15orf61,-0.329274,mRNA
CXCL9,-0.400974,mRNA
TMX2,-0.270263,mRNA
PDXK,0.0517253,mRNA
LDHAL6A,-1.07987,mRNA
PEA15,0.592226,mRNA
PRICKLE1,1.27826,mRNA
HRK,2.26497,mRNA
PLAU,3.37035,mRNA
TNFRSF10A,0.838374,mRNA
BCL10,-0.174011,mRNA
PKP2,1.9069,mRNA
ETV3,-0.74826,mRNA
STX1A,0.0995054,mRNA
SIN3A,-0.347169,mRNA
TSN,0.199739,mRNA
ABHD11,0.296054,mRNA
TOMM40,0.151428,mRNA
RBCK1,0.310677,mRNA
AFMID,0.483951,mRNA
E2F5,-0.192124,mRNA
TNFSF13B,-0.5795,mRNA
RNF169,-0.28674,mRNA
BCL2A1,-0.537136,mRNA
FKBP5,-1.22573,mRNA
AIFM1,-0.113559,mRNA
PARP9,0.770753,mRNA
ALS2,-0.303597,mRNA
PEG3,-1.50901,mRNA
MBD6,-0.204258,mRNA
ABHD14B,0.153874,mRNA
FKBP1B,-0.0957225,mRNA
BEND4,-1.96804,mRNA
TPCN2,-0.189986,mRNA
SLC25A13,0.079735,mRNA
GDF5,0.634868,mRNA
CHFR,0.155039,mRNA
MOV10,0.377666,mRNA
TMEM217,0.83456,mRNA
CD70,2.41997,mRNA
APBA1,-0.827688,mRNA
TNF,-0.685333,mRNA
MGA,-0.522454,mRNA
POLR2A,-0.0113209,mRNA
C10orf105,-0.539092,mRNA
RPL37,0.164628,mRNA
STAU2,-0.0459961,mRNA
REEP3,0.349106,mRNA
DISC1,0.178774,mRNA
BIRC5,-0.0362097,mRNA
IYD,-1.26455,mRNA
PODXL,0.404106,mRNA
PTAFR,0.274375,mRNA
TGFBR2,-0.237592,mRNA
C1orf210,-0.23577,mRNA
GPBP1,-0.297381,mRNA
SCG3,-2.46237,mRNA
ZNF148,-0.538702,mRNA
SCARB2,0.500961,mRNA
NRG3,-0.587908,mRNA
UROC1,-0.391988,mRNA
USP22,-0.0533262,mRNA
ZNF260,-0.182731,mRNA
LIMA1,0.120176,mRNA
GLRB,2.11975,mRNA
POLR1B,-0.227026,mRNA
NEK6,-0.0471917,mRNA
NOLC1,-0.54512,mRNA
XPO4,-0.400509,mRNA
CTSA,0.948399,mRNA
SHC1,0.329837,mRNA
CDH18,1.22169,mRNA
TLR3,-0.903289,mRNA
ABL2,0.196738,mRNA
IL6R,-0.692303,mRNA
FOXP1,-0.0936786,mRNA
MAP7D2,2.20168,mRNA
ASB9,0.183846,mRNA
PIK3R1,-0.0266704,mRNA
AFF2,1.78512,mRNA
CADM1,0.0483722,mRNA
CDK20,-0.38387,mRNA
UBE2S,-0.344521,mRNA
PTPRD,-0.309743,mRNA
RCOR3,-0.0815407,mRNA
HPGD,0.129586,mRNA
MCFD2,-0.615496,mRNA
NUDT16,-0.696553,mRNA
CENPN,-0.089298,mRNA
MBD4,0.0533735,mRNA
SEC23IP,-0.284327,mRNA
BTBD9,-0.0177927,mRNA
IGSF3,1.20028,mRNA
INTS9,-0.0500689,mRNA
UBASH3B,-0.206555,mRNA
CELF6,-0.43682,mRNA
MACROD2,2.4856,mRNA
TRAK1,-0.12891,mRNA
OBSL1,-0.241928,mRNA
PRRG1,0.581707,mRNA
PPP2R5C,-0.185442,mRNA
PCDH7,0.626587,mRNA
SETD1B,-0.235563,mRNA
SLC11A2,-0.0963425,mRNA
MT1E,-0.741755,mRNA
CASK,0.0331034,mRNA
SH2D4A,1.09949,mRNA
RBMS3,-0.759846,mRNA
ASCC1,0.114176,mRNA
RANGRF,0.456745,mRNA
ZNF449,-0.177615,mRNA
UHMK1,-0.447771,mRNA
CASR,-0.976909,mRNA
PPM1A,-0.186732,mRNA
BCAT1,1.56771,mRNA
SESTD1,-0.0798312,mRNA
CMTM4,-0.293237,mRNA
MINPP1,-0.0526055,mRNA
ABI1,-0.00929248,mRNA
RNF41,-0.0973978,mRNA
DGCR2,0.125161,mRNA
TFAP2A,0.304878,mRNA
KIAA1671,-0.30472,mRNA
VDAC2,-0.0478699,mRNA
TOMM20,-0.0361553,mRNA
SEC16A,0.00569707,mRNA
NDUFA2,0.0573667,mRNA
ADD2,-0.493003,mRNA
CDK12,-0.389728,mRNA
CDCA4,0.592153,mRNA
NIT1,0.0617053,mRNA
ANK3,-0.956493,mRNA
NR6A1,-0.704787,mRNA
PPP2R3A,0.16734,mRNA
CORO2B,-1.24784,mRNA
VOPP1,0.240337,mRNA
FANCA,0.472287,mRNA
CYP3A5,-0.500626,mRNA
UBFD1,0.44302,mRNA
NRXN3,1.65204,mRNA
CDC42SE2,-0.244482,mRNA
HNRNPA1,0.150095,mRNA
ARHGAP29,-0.046358,mRNA
IKBKB,-0.255794,mRNA
NTN1,-1.34595,mRNA
LANCL1,-0.229161,mRNA
MED23,-0.35722,mRNA
PRDM4,-0.161576,mRNA
TLL1,-0.569325,mRNA
VPS26A,0.0440511,mRNA
ATP6V1B2,0.646931,mRNA
MRPL49,-0.305577,mRNA
KPNA3,-0.182696,mRNA
CUL3,-0.115962,mRNA
CDH6,3.09283,mRNA
DNM2,0.0947288,mRNA
TNFRSF11A,-0.549484,mRNA
SLC33A1,-0.851102,mRNA
B4GALT5,0.86726,mRNA
SERPINB10,1.27865,mRNA
ZFHX4,-0.785201,mRNA
SEL1L,-0.374134,mRNA
DYNLL2,-0.531786,mRNA
SLC15A1,0.48402,mRNA
IGF1R,-0.00117864,mRNA
FGF19,6.29282,mRNA
RS1,-1.13579,mRNA
CNGA2,0.438835,mRNA
CTDSPL,-0.152311,mRNA
HP,5.4159,mRNA
XKR7,2.29796,mRNA
ZNF704,-0.693863,mRNA
ATF1,-0.077024,mRNA
RPS16,0.0888088,mRNA
BMI1,0.219828,mRNA
NFAT5,-0.199669,mRNA
CBL,0.363272,mRNA
AP1G1,-0.161975,mRNA
ANKRD9,-0.635033,mRNA
UBE2I,0.543642,mRNA
GFI1,-0.730397,mRNA
SIX3,-0.0735486,mRNA
KIF1A,-0.419001,mRNA
YIPF6,-0.415911,mRNA
GEN1,-0.3849,mRNA
GTF2E1,-0.530822,mRNA
HMX2,-0.875718,mRNA
FAM120AOS,-0.176471,mRNA
LAMP1,0.14549,mRNA
ZBTB44,-0.319714,mRNA
ALDH6A1,-0.846869,mRNA
ATP11B,0.0407086,mRNA
TERF2,-0.191824,mRNA
RAP1GAP2,0.700034,mRNA
TMPRSS2,0.267295,mRNA
MRAS,0.0106659,mRNA
DGCR6,1.22659,mRNA
AGAP3,0.192035,mRNA
PLXNC1,2.33838,mRNA
ACTN4,0.625495,mRNA
LHFPL2,0.161611,mRNA
CEBPG,-0.0676776,mRNA
ZNF443,0.0560747,mRNA
SLC31A1,-0.128888,mRNA
SPRY3,-0.201263,mRNA
SRPK1,0.0501433,mRNA
DENND4A,-0.300722,mRNA
GCM1,-1.30884,mRNA
EFS,-0.654596,mRNA
ARCN1,-0.0633114,mRNA
MORF4L2,-0.259061,mRNA
ZNF431,0.124502,mRNA
RPS19,0.369115,mRNA
MXI1,-0.392247,mRNA
RPS29,0.0602193,mRNA
NAB1,0.183658,mRNA
CHERP,-0.0117822,mRNA
NAB2,1.55256,mRNA
NNAT,-0.730292,mRNA
ENPP2,0.319814,mRNA
SMYD1,0.417059,mRNA
TAF10,0.487461,mRNA
PRDM2,-0.640998,mRNA
NKIRAS2,0.0504168,mRNA
TYRO3,2.07134,mRNA
KLF7,-0.237289,mRNA
ZNF230,-0.371621,mRNA
MAD2L2,1.13208,mRNA
EYA3,-0.814912,mRNA
HOXB13,-1.14722,mRNA
CRTC3,-0.349273,mRNA
APPBP2,-0.391119,mRNA
MARCKSL1,0.412729,mRNA
NRF1,-0.146977,mRNA
OLFM4,-0.699758,mRNA
RANBP2,-0.459808,mRNA
MTHFS,0.0362382,mRNA
PTPRJ,-0.431457,mRNA
PAQR5,-0.302932,mRNA
SAA4,3.52449,mRNA
CNTFR,0.0444698,mRNA
ARHGAP42,0.237786,mRNA
MTHFD2,0.55479,mRNA
APBB2,-0.629941,mRNA
FOSB,-2.45525,mRNA
DDX18,-0.24784,mRNA
PPP4R2,-0.46803,mRNA
HNRNPA0,-0.0408182,mRNA
NTRK3,2.00661,mRNA
HOXA7,-0.82411,mRNA
TNFAIP8,-0.683277,mRNA
HOXD3,1.05588,mRNA
FRMD4B,-0.390946,mRNA
TBPL1,-0.448763,mRNA
SOX10,-2.20456,mRNA
PRRX1,-0.893634,mRNA
SPRR2D,5.86804,mRNA
ZNF24,-0.289464,mRNA
SOX7,-0.328744,mRNA
SLC19A2,-1.03002,mRNA
SERINC5,0.128413,mRNA
TLE4,-1.6005,mRNA
ONECUT2,-0.116109,mRNA
NUDT21,-0.1962,mRNA
REST,-0.315394,mRNA
SLC30A4,-0.929009,mRNA
DDX52,0.578172,mRNA
JAK1,0.188699,mRNA
RPP14,-0.502191,mRNA
TTC7B,0.0906923,mRNA
UBL3,0.0287861,mRNA
ZNF41,-0.439756,mRNA
ZNF81,-0.458503,mRNA
WBP4,-0.288263,mRNA
CA5B,-0.239029,mRNA
NXPH3,-0.172005,mRNA
TUSC2,0.0409818,mRNA
GRIA3,2.15851,mRNA
ATP1B4,0.93218,mRNA
ELL2,-1.11072,mRNA
AK5,-0.86516,mRNA
DNPEP,0.00802286,mRNA
CLDN17,-0.483755,mRNA
LMOD1,-2.42766,mRNA
RABGAP1,-0.532018,mRNA
RYBP,-0.0339883,mRNA
SIRT3,0.16819,mRNA
HS2ST1,0.303565,mRNA
MAGI2,-0.971064,mRNA
NUPR1,-0.784914,mRNA
RGS17,-1.33618,mRNA
ST8SIA5,0.999734,mRNA
HCFC2,-0.462696,mRNA
EPN1,0.312232,mRNA
TIMM22,-0.0434064,mRNA
ZNF223,-0.245488,mRNA
ZDHHC8,0.182172,mRNA
WDR37,-0.469955,mRNA
MCTS1,0.0344278,mRNA
KLF15,-1.40511,mRNA
C16orf72,-0.420287,mRNA
CRIPT,-0.0199754,mRNA
COMMD9,0.0821579,mRNA
KCNK2,-2.22839,mRNA
ADAMTS3,-0.854171,mRNA
EIF2S3,0.0273401,mRNA
ELF4,0.815498,mRNA
ELF5,1.44732,mRNA
ERN1,-0.564471,mRNA
FOXF1,-0.195413,mRNA
FRZB,0.051205,mRNA
GABBR1,0.10936,mRNA
GBX2,5.08413,mRNA
B4GALT1,0.0177618,mRNA
GLE1,-0.112057,mRNA
MR1,0.199324,mRNA
SHROOM2,0.39619,mRNA
ARSD,0.0880401,mRNA
CEACAM1,0.364522,mRNA
POLR3D,0.206015,mRNA
CCT6A,0.184123,mRNA
CD1C,0.391972,mRNA
CD37,-1.02958,mRNA
COL19A1,2.14469,mRNA
COX7B,-0.168674,mRNA
MASP1,-2.55092,mRNA
CRYBA4,-0.0761051,mRNA
CSN1S1,-2.23765,mRNA
CSPG4,1.53673,mRNA
CTSD,0.823427,mRNA
DCT,-1.16702,mRNA
DR1,0.0945285,mRNA
DRP2,1.23493,mRNA
EPS15,-0.0825856,mRNA
FGF9,0.303138,mRNA
FKBP4,-0.441782,mRNA
FLT1,0.440989,mRNA
FUT4,-0.408659,mRNA
GABRR1,1.02568,mRNA
GLUL,-0.974727,mRNA
HLA-DOA,0.32097,mRNA
ITGB8,0.544426,mRNA
KCNJ6,0.665441,mRNA
KCNJ10,-0.0761656,mRNA
LAMA4,0.554253,mRNA
NDN,0.111199,mRNA
NDUFB5,-0.116832,mRNA
OR3A1,-0.170168,mRNA
P2RX3,0.0551065,mRNA
P2RY2,0.120332,mRNA
PDE7A,-0.556116,mRNA
PDK1,-0.102477,mRNA
SERPINB5,4.51861,mRNA
PPP2R1B,-0.474429,mRNA
KLK10,6.28921,mRNA
PSG4,4.74721,mRNA
PSMC6,0.0955239,mRNA
PEX19,0.164529,mRNA
RCVRN,-0.243141,mRNA
RGS16,-1.6141,mRNA
CX3CL1,1.33935,mRNA
SDC1,1.06868,mRNA
SLN,0.459502,mRNA
SNRPE,-0.0219783,mRNA
SNTA1,-0.816508,mRNA
SP100,0.201384,mRNA
UAP1,0.167051,mRNA
SSR1,-0.281141,mRNA
STAC,3.35972,mRNA
SYN2,-1.31732,mRNA
TGFA,2.57917,mRNA
THOP1,0.164732,mRNA
UBA7,0.258199,mRNA
UBE2D1,0.0317777,mRNA
USP5,0.207596,mRNA
FZD1,0.145336,mRNA
SOAT2,0.625695,mRNA
DOC2B,-0.837572,mRNA
TTF2,-0.316419,mRNA
DGKD,-0.0536681,mRNA
THOC5,0.719015,mRNA
ABCB11,-2.24802,mRNA
EIF3A,-0.0845324,mRNA
VAMP4,0.374636,mRNA
GALNT4,-0.0575763,mRNA
TNFRSF6B,-0.142504,mRNA
SUCLG2,-0.0660695,mRNA
GMPS,0.0613938,mRNA
FUBP1,-0.193454,mRNA
PRPF4B,-0.38223,mRNA
MBD2,-0.318572,mRNA
USP13,-0.0563433,mRNA
S100G,1.28123,mRNA
CMKLR1,-0.505447,mRNA
CSRP1,-0.283314,mRNA
E2F2,-0.100158,mRNA
ECHS1,-0.0332577,mRNA
GBP2,0.771533,mRNA
GNG11,-0.198681,mRNA
CD83,-0.134644,mRNA
ZNF235,-0.682652,mRNA
MED21,-0.338023,mRNA
PMPCB,-0.0206243,mRNA
NFE2L3,2.7071,mRNA
TRAF4,0.0753349,mRNA
ASCL1,-0.915468,mRNA
CETN2,-0.286761,mRNA
CDH7,1.89124,mRNA
COL6A3,0.952921,mRNA
CRHR1,1.18458,mRNA
NCAN,0.0538887,mRNA
CTBS,0.374397,mRNA
PHC1,-0.304189,mRNA
ELF3,2.1209,mRNA
IDI1,-0.715083,mRNA
MMP2,0.343473,mRNA
NAP1L1,0.241461,mRNA
SCN2B,0.709126,mRNA
LIN7A,-0.871054,mRNA
VNN1,0.0429725,mRNA
PAPSS2,-2.46434,mRNA
ASH2L,-0.000176816,mRNA
MTMR6,-0.270464,mRNA
ATG12,-0.0548514,mRNA
PCSK7,0.00825001,mRNA
REPS2,0.121948,mRNA
DCLK1,-0.202846,mRNA
MAGI1,-0.938918,mRNA
MED1,-0.228154,mRNA
E2F7,1.35263,mRNA
LRRN4CL,-2.71681,mRNA
ENSA,-0.240743,mRNA
GTF2H5,0.0182824,mRNA
ZNF474,-1.03784,mRNA
KBTBD12,-0.139939,mRNA
SPRYD4,-0.0625374,mRNA
SLC25A34,-0.454964,mRNA
NCKAP5,-0.698586,mRNA
C11orf87,-1.76362,mRNA
ARL4A,-0.729436,mRNA
LYSMD1,-0.156215,mRNA
TMEM215,5.88133,mRNA
SLC39A3,0.253919,mRNA
FOXN4,-0.291099,mRNA
PLA2G4F,-1.18453,mRNA
SPATS2L,0.776162,mRNA
BRAP,0.00354243,mRNA
NCOR1,-0.17887,mRNA
SNX11,-0.470251,mRNA
DOT1L,-0.432906,mRNA
UROS,0.110156,mRNA
C5orf24,-0.047372,mRNA
USP9X,-0.213139,mRNA
TTLL2,-0.990608,mRNA
SERAC1,0.0466748,mRNA
OPA3,-0.0948821,mRNA
RGPD6,-0.106918,mRNA
TTC23L,-1.09015,mRNA
C6orf62,0.090217,mRNA
ASB15,-0.0520822,mRNA
BEND7,-0.102752,mRNA
GJB1,-1.35088,mRNA
ZC3H12B,-0.686474,mRNA
SLC3A1,-0.12481,mRNA
COL10A1,3.46215,mRNA
STX11,-1.26137,mRNA
NEDD1,-0.185273,mRNA
HVCN1,-0.400118,mRNA
C8A,4.83317,mRNA
XKR6,0.265472,mRNA
BIN3,-0.00740526,mRNA
USP35,0.50292,mRNA
BCL7C,0.454084,mRNA
HCRTR1,-1.19213,mRNA
SHOX2,0.313851,mRNA
GALNTL6,2.14342,mRNA
CNOT8,0.188585,mRNA
C2orf88,-0.461078,mRNA
GLRA3,-0.505243,mRNA
GTPBP10,-0.372928,mRNA
RCC1,0.834054,mRNA
SSTR1,-0.301284,mRNA
TF,-1.03367,mRNA
ZNF391,-0.758153,mRNA
QSER1,-0.201909,mRNA
PDE11A,-1.83927,mRNA
GRIA4,-1.13034,mRNA
FAM110C,0.476652,mRNA
FTO,-0.395952,mRNA
BICC1,-0.930142,mRNA
ZNF799,0.068084,mRNA
CYP4F2,1.12052,mRNA
DDTL,-0.230521,mRNA
C17orf67,-0.306083,mRNA
SIGLEC14,0.0704686,mRNA
GBX1,-1.1559,mRNA
IFT74,-0.358872,mRNA
CCNK,-0.163183,mRNA
GPRASP1,-0.764282,mRNA
ADCYAP1,-0.519236,mRNA
TMEM170B,-0.9254,mRNA
SLC25A36,-0.361133,mRNA
FBXO45,0.182969,mRNA
ACVR2B,0.106396,mRNA
GSG1L,0.72497,mRNA
CCR2,-0.227937,mRNA
CACNA1D,-1.13718,mRNA
INPP4A,0.630212,mRNA
SPATC1,-0.163458,mRNA
ZNF502,-0.126174,mRNA
SIRPB2,0.525878,mRNA
C1QTNF7,-2.11157,mRNA
C12orf73,-0.183079,mRNA
FOXI3,-0.976429,mRNA
MICAL3,-0.789915,mRNA
ZFP92,-0.518119,mRNA
C1orf198,-0.406469,mRNA
ATXN1L,-0.585482,mRNA
TP53BP1,-0.0145024,mRNA
PDK3,0.520009,mRNA
FZD8,-1.01652,mRNA
MRPS5,0.0319906,mRNA
ESYT3,0.0975019,mRNA
TM2D2,-0.319412,mRNA
PCDHGA1,0.119458,mRNA
MAF1,0.111578,mRNA
DCUN1D5,-0.212975,mRNA
ING5,-0.371246,mRNA
COG8,-0.0266992,mRNA
ZC3H8,-0.531748,mRNA
NT5C1A,4.80827,mRNA
GPR174,-1.35358,mRNA
CNDP1,0.76907,mRNA
USP30,-0.193171,mRNA
HAVCR2,0.327274,mRNA
RAB2B,-0.231214,mRNA
CCL14,-0.984662,mRNA
SEC22C,-0.174637,mRNA
NR1I2,0.556449,mRNA
DMRTB1,-0.854559,mRNA
EAF1,-0.0219638,mRNA
RBM18,-0.266861,mRNA
ZIC5,-0.584811,mRNA
UCN2,3.62985,mRNA
RASL10B,0.184804,mRNA
LHX4,-0.364244,mRNA
RWDD2A,-0.305092,mRNA
DIXDC1,-0.868337,mRNA
CNTNAP3,-1.66112,mRNA
GPRIN1,2.28173,mRNA
RPL39L,0.302772,mRNA
ZNF518B,-0.443959,mRNA
HTRA3,-0.899246,mRNA
DUSP4,1.9395,mRNA
BSND,0.515428,mRNA
TSR2,-0.165841,mRNA
TECTB,0.311491,mRNA
TRPV1,0.309022,mRNA
SRXN1,-0.334968,mRNA
PTPRA,0.0417733,mRNA
ELMO1,-1.77859,mRNA
KLHL6,-1.08644,mRNA
LRPPRC,-0.092485,mRNA
CCBE1,-2.09788,mRNA
ZNF483,-0.536541,mRNA
BMPER,0.977932,mRNA
SPACA4,0.15097,mRNA
TARBP2,-0.107094,mRNA
PANK1,-0.739803,mRNA
TAAR1,-1.22453,mRNA
PKDCC,-0.558687,mRNA
RAB3C,0.585202,mRNA
MBOAT2,1.15689,mRNA
PPIL4,-0.316634,mRNA
ATRN,-0.204614,mRNA
RPIA,0.169488,mRNA
ANGEL2,-0.165029,mRNA
ZMAT2,0.0412994,mRNA
SDR42E1,-0.125542,mRNA
SLC2A12,0.123689,mRNA
VTI1A,-0.209455,mRNA
WDR31,-1.06085,mRNA
SPATA18,1.94571,mRNA
ZNF493,-0.458731,mRNA
ANXA11,0.311708,mRNA
NFAM1,0.987302,mRNA
TTC30A,-1.2949,mRNA
BHLHE22,-0.772192,mRNA
CCR1,0.727436,mRNA
PDE4B,-0.840186,mRNA
MFAP5,-1.04756,mRNA
GPATCH2,-0.472606,mRNA
CNN1,-0.417603,mRNA
DDB2,1.47167,mRNA
FILIP1,0.128462,mRNA
CHIC1,-0.268926,mRNA
CSRP2,-0.688649,mRNA
PTBP2,-0.422079,mRNA
ADAMTSL3,-0.0880779,mRNA
CLEC5A,1.1172,mRNA
SAP30BP,0.0847037,mRNA
BOC,-0.213413,mRNA
HIP1R,0.505736,mRNA
LRRC37A3,0.196413,mRNA
ZNF773,-0.21163,mRNA
CCDC25,-0.210219,mRNA
DTWD2,-0.597964,mRNA
DCUN1D1,-0.524747,mRNA
PTPN2,0.107488,mRNA
PROS1,3.48432,mRNA
RPL35A,-0.00194439,mRNA
C9orf64,-0.329476,mRNA
CCDC157,-0.259083,mRNA
PCDH9,-1.08534,mRNA
RPS6KA2,0.61612,mRNA
DUSP15,-0.917821,mRNA
ORMDL3,0.65186,mRNA
YIPF2,0.435057,mRNA
ZNF224,-0.166283,mRNA
ZNF530,-0.309945,mRNA
PRKAR2A,-0.611068,mRNA
C2orf76,-0.104477,mRNA
ARL16,0.167035,mRNA
CD276,1.09775,mRNA
PLEKHG1,0.969301,mRNA
AGA,0.118244,mRNA
ASPA,-1.10869,mRNA
CHRNE,0.830261,mRNA
F11,0.216477,mRNA
F13A1,0.331034,mRNA
HPRT1,0.198584,mRNA
NF1,-0.152462,mRNA
PEX12,-0.501965,mRNA
PLOD1,0.434032,mRNA
TGM1,1.93526,mRNA
SLC25A20,-0.378981,mRNA
HSD17B1,0.360768,mRNA
NOTCH3,1.14167,mRNA
AQP2,0.368514,mRNA
OTC,-2.75966,mRNA
IL1A,-0.649956,mRNA
IL3,2.19272,mRNA
CACNB4,-0.521126,mRNA
CHRNA3,-0.640413,mRNA
CHRNB3,1.56244,mRNA
CYP2B6,0.0403732,mRNA
CYP2C19,-0.467739,mRNA
FKBP1A,-0.207036,mRNA
PON3,-0.394766,mRNA
RPL27A,0.0945278,mRNA
ZNF429,-0.545999,mRNA
GALK2,-0.389658,mRNA
ZNF470,0.155812,mRNA
OR2T35,-1.43318,mRNA
ITIH5,-0.326062,mRNA
TPD52L3,0.434942,mRNA
OR2T2,-1.14883,mRNA
LINGO4,-0.415308,mRNA
OR5A1,5.47477,mRNA
OR5K1,-0.0628637,mRNA
OR2A1,-1.45043,mRNA
ZNF835,-0.488007,mRNA
IP6K1,-0.114663,mRNA
WDR33,-0.092083,mRNA
FBXO47,-1.43493,mRNA
TMEM201,-0.367164,mRNA
ZIK1,-0.505194,mRNA
CENPP,0.392115,mRNA
NHLRC3,-0.385792,mRNA
ZKSCAN2,-0.257914,mRNA
SNX30,0.575509,mRNA
SRRD,-0.552325,mRNA
TMEM30B,-0.233425,mRNA
GOLGA8B,0.734616,mRNA
IQCB1,0.0446519,mRNA
RPS14,0.0741521,mRNA
ARRDC2,1.06543,mRNA
PGAM4,-0.273686,mRNA
DCAF4L1,-0.737087,mRNA
SUN3,0.746881,mRNA
CYB5RL,-0.705619,mRNA
RAB24,0.274176,mRNA
OAS2,0.487585,mRNA
CBFA2T2,-0.375583,mRNA
ERP29,0.0781923,mRNA
RYR2,-3.2079,mRNA
SRA1,0.334917,mRNA
CYS1,0.979303,mRNA
NARF,0.0978685,mRNA
LRTM2,-0.461918,mRNA
ARL17B,-0.47687,mRNA
VWA5B1,-0.393732,mRNA
MDH1B,-1.13379,mRNA
INTS6,-0.18144,mRNA
CLDND1,-0.271298,mRNA
ZNF765,-0.536511,mRNA
ZBTB8A,-0.246195,mRNA
ZNF565,-0.542648,mRNA
ZNF639,-0.377578,mRNA
TMEM127,0.192264,mRNA
OXR1,0.125577,mRNA
HCN1,0.251612,mRNA
ZNF641,-0.492301,mRNA
SLC39A5,0.45915,mRNA
TMCO4,-0.124873,mRNA
WBP2,0.514653,mRNA
PALLD,-0.175204,mRNA
REC8,0.727499,mRNA
SRL,1.54026,mRNA
GLP2R,-1.78972,mRNA
NT5DC1,-0.193867,mRNA
MAGI3,-0.248232,mRNA
FYN,1.21434,mRNA
CPNE4,4.53783,mRNA
SLC38A11,1.63252,mRNA
PRDM11,-1.11381,mRNA
AFF4,-0.200078,mRNA
KIAA0232,-0.215244,mRNA
IER3IP1,0.374134,mRNA
CLIC5,0.0708525,mRNA
ZNF701,-0.165318,mRNA
GALC,-0.622274,mRNA
ITGBL1,0.233801,mRNA
RBM46,-1.08199,mRNA
RSPO2,1.88851,mRNA
USP8,-0.344976,mRNA
SLC22A23,-0.879991,mRNA
PBK,0.452766,mRNA
DENND1A,0.068593,mRNA
SCN2A,0.161858,mRNA
RRAGC,-0.0113598,mRNA
SIGLEC6,5.1253,mRNA
ARHGEF6,-0.356901,mRNA
FSTL1,-0.186375,mRNA
CEP250,-0.0388666,mRNA
GAB2,0.887532,mRNA
FCN1,0.872921,mRNA
PSMD12,0.000492029,mRNA
ZNF202,-0.0410676,mRNA
ATP6V0E1,-0.0744335,mRNA
TGM5,0.916089,mRNA
PIGL,0.340589,mRNA
DDX3Y,-0.618302,mRNA
PSMG4,-0.129833,mRNA
BCAP31,0.189267,mRNA
NRXN1,-3.11261,mRNA
SLC23A3,0.0804129,mRNA
MAX,0.169964,mRNA
TMIE,-0.00096274,mRNA
GBE1,-0.369671,mRNA
AHCY,0.146417,mRNA
OR14I1,0.39853,mRNA
FLG2,-0.344634,mRNA
ZNF787,0.0851881,mRNA
ZNF516,-0.369555,mRNA
SHANK1,0.163746,mRNA
RAB6A,-0.1806,mRNA
NET1,0.0922472,mRNA
TRDN,0.0794314,mRNA
SLC2A5,-0.364984,mRNA
KRTAP5-2,0.86561,mRNA
KRTAP5-11,0.757157,mRNA
PSPC1,0.0112889,mRNA
ZNF280B,-0.499773,mRNA
SNX33,0.456881,mRNA
KCNJ15,0.11373,mRNA
TRAPPC5,0.370751,mRNA
CRP,2.02825,mRNA
YAF2,0.50344,mRNA
ZNF761,-0.233984,mRNA
PCYT1A,-0.151981,mRNA
LRRC32,0.272439,mRNA
MYOG,0.403383,mRNA
RAE1,-0.00126476,mRNA
ATF3,-1.25777,mRNA
NMD3,-0.109931,mRNA
BTBD18,-0.469324,mRNA
ALDH5A1,0.116046,mRNA
ST6GAL1,-0.139534,mRNA
NRBP2,0.660099,mRNA
TSPAN11,-1.15332,mRNA
COL18A1,0.375093,mRNA
TTLL12,-0.136839,mRNA
PKD1L2,-0.448841,mRNA
RCHY1,-0.398034,mRNA
NAV1,0.503446,mRNA
IER2,-1.5052,mRNA
ZDHHC1,-0.246192,mRNA
ADAMTSL5,1.30898,mRNA
ENTPD3,0.372017,mRNA
DUXA,-0.983922,mRNA
RPL28,0.537527,mRNA
AQP9,1.41304,mRNA
ATP6V1G1,0.185952,mRNA
PLP1,1.31705,mRNA
HPCAL4,5.16943,mRNA
SCAPER,-0.165355,mRNA
C12orf43,-0.176171,mRNA
GBP4,0.0140057,mRNA
INTS2,-0.5738,mRNA
RPS6KA1,0.00746759,mRNA
MAP2K6,-0.741277,mRNA
ATL2,0.0536268,mRNA
TRIM62,0.0357274,mRNA
HMBOX1,-0.84296,mRNA
PCYT2,0.249102,mRNA
RPGRIP1L,-0.334315,mRNA
MMACHC,-0.132967,mRNA
EPSTI1,0.205492,mRNA
L3MBTL4,-1.35577,mRNA
MPPE1,-0.415826,mRNA
DECR1,0.0528572,mRNA
LMO7,-0.138107,mRNA
LRRC7,-1.93709,mRNA
OXNAD1,-0.13061,mRNA
PSMA4,0.075562,mRNA
PRUNE2,0.31672,mRNA
CD84,-0.450338,mRNA
PPARGC1A,-1.97099,mRNA
ZDHHC3,-0.0967961,mRNA
ITSN1,-0.322504,mRNA
C22orf15,-1.28831,mRNA
CXADR,-0.333294,mRNA
PPIP5K2,-0.371004,mRNA
ZNF383,-0.583224,mRNA
TCF7,0.0930495,mRNA
CD164,-0.3268,mRNA
UPK3B,0.237286,mRNA
MYLK4,-1.03758,mRNA
CXCR4,-1.02204,mRNA
ZNF141,-0.341777,mRNA
ST3GAL4,0.0205865,mRNA
TMEM229B,-0.0561232,mRNA
KIDINS220,0.0477839,mRNA
SNTN,2.74005,mRNA
CC2D2B,3.25209,mRNA
ECT2,0.216127,mRNA
DNAJB5,0.754573,mRNA
ZNF654,-0.435659,mRNA
SNX13,-0.0737618,mRNA
GOLGA8F,-1.52466,mRNA
PRMT7,-0.148698,mRNA
MGAT4C,0.424395,mRNA
XIRP1,1.11149,mRNA
TIA1,0.419057,mRNA
PLEKHG2,1.05238,mRNA
RAPGEF2,-0.479448,mRNA
CREM,-0.572682,mRNA
ACBD5,-0.309348,mRNA
ST18,-0.516565,mRNA
CCDC160,-1.54021,mRNA
TTC23,-0.187769,mRNA
SCN1A,2.00035,mRNA
VHL,-0.304626,mRNA
ZBTB16,-1.93801,mRNA
ZNF738,-0.395663,mRNA
SEC16B,0.511484,mRNA
CD24,-0.788225,mRNA
DHODH,-0.394277,mRNA
CDH10,1.77812,mRNA
ACO1,0.657558,mRNA
BCAP29,-0.625011,mRNA
HARS2,0.191606,mRNA
CCNH,0.263647,mRNA
PAAF1,0.138473,mRNA
TATDN3,-0.214556,mRNA
ZNF563,-0.0989361,mRNA
MANSC1,0.102137,mRNA
TSEN15,0.160074,mRNA
CALM1,0.0783311,mRNA
HUS1,-0.220095,mRNA
PIGH,-0.16674,mRNA
PPT1,0.341581,mRNA
RTN1,-1.10947,mRNA
MTX3,-0.256157,mRNA
PHKB,-0.547466,mRNA
GFAP,1.41065,mRNA
MAP2,0.927195,mRNA
ARMC8,-0.368739,mRNA
RAB6B,-0.415992,mRNA
RABL3,-0.70146,mRNA
MCPH1,-0.293264,mRNA
TNPO1,-0.461826,mRNA
MGAT1,-0.507016,mRNA
DPP6,-2.93597,mRNA
C4orf50,-0.500126,mRNA
MPRIP,0.490048,mRNA
NKX6-3,-1.50254,mRNA
CYTH1,-0.310738,mRNA
ADAR,0.138986,mRNA
SLC12A6,-0.49614,mRNA
USP40,-0.3874,mRNA
NEK5,-1.40347,mRNA
NLGN4Y,-0.114007,mRNA
COBLL1,0.229707,mRNA
P4HA2,1.94676,mRNA
LRGUK,-1.63121,mRNA
KLHL33,-2.02696,mRNA
MSL1,0.191283,mRNA
TDRD12,-0.733038,mRNA
DLG1,-0.398151,mRNA
UBE2U,-1.96517,mRNA
ZBTB8OS,0.0357877,mRNA
KPNA5,-1.08654,mRNA
AIG1,-0.0572519,mRNA
TBXAS1,0.624214,mRNA
DPY19L1,1.06787,mRNA
TMEM132B,-1.13034,mRNA
PGM3,0.0212238,mRNA
BEND3,0.467725,mRNA
CYP27C1,0.0211686,mRNA
AGBL3,-0.00766174,mRNA
PLIN4,-0.200146,mRNA
SOX6,-0.262937,mRNA
ZNF678,-0.906241,mRNA
MAGT1,-0.557761,mRNA
GOLGA8G,0.610338,mRNA
CDYL,0.242885,mRNA
C11orf54,-0.287977,mRNA
LSM12,0.246712,mRNA
ADK,1.02163,mRNA
DUSP13,4.47183,mRNA
FAM107B,-0.770998,mRNA
NPAS4,-1.09886,mRNA
TRIM5,-0.0210048,mRNA
BANF1,0.320181,mRNA
INTS4,0.0459254,mRNA
MON2,-0.487335,mRNA
TDP1,-0.260366,mRNA
CKMT1A,-0.11701,mRNA
HSD3B7,0.800327,mRNA
CEACAM5,-1.50064,mRNA
ZNF233,0.662669,mRNA
TMEM161A,-0.155692,mRNA
POLR3F,-0.441729,mRNA
FANCB,-0.547917,mRNA
SHROOM4,2.72716,mRNA
RPS6KA3,0.509133,mRNA
KDM6A,-0.510976,mRNA
FAM200A,-0.190986,mRNA
PMS2,-0.32839,mRNA
MSRB3,-0.561166,mRNA
CRADD,-0.149538,mRNA
TAF12,0.186619,mRNA
HNRNPC,0.208474,mRNA
PRKCH,0.24819,mRNA
NDUFAF1,-0.105995,mRNA
APH1B,0.0370581,mRNA
HDHD2,-0.156086,mRNA
ATP2B3,4.95293,mRNA
MBNL3,-0.742785,mRNA
ELMOD3,-0.0790651,mRNA
CTNNB1,0.591504,mRNA
SLC25A38,0.193401,mRNA
ELAVL4,0.0991015,mRNA
SLC4A4,-2.25595,mRNA
PIGG,-0.117704,mRNA
LARP1B,-0.247345,mRNA
TBC1D19,-0.409633,mRNA
LDB2,0.0234455,mRNA
ZNF346,-0.559219,mRNA
GNG4,-0.517437,mRNA
C6orf141,-1.38098,mRNA
BEND6,0.570549,mRNA
MOXD1,0.209553,mRNA
GSTM4,-0.345173,mRNA
HDAC2,-0.0101419,mRNA
PRDM1,1.67202,mRNA
IL12RB2,0.729526,mRNA
RASA4,0.626748,mRNA
ILDR2,-0.206207,mRNA
CPA4,1.5145,mRNA
EYA1,-2.78211,mRNA
PABPC1,0.360447,mRNA
ZBTB7B,0.229947,mRNA
FAM86B1,-0.460004,mRNA
RNF38,-0.383874,mRNA
LINGO2,-2.46644,mRNA
SUSD3,-0.211536,mRNA
UBAP1,-0.162901,mRNA
ALG2,-0.166971,mRNA
LRSAM1,-0.0985938,mRNA
INPP5F,0.500598,mRNA
LARP4B,-0.265877,mRNA
HSPA12A,-0.753714,mRNA
MRPS16,0.0903327,mRNA
OR13A1,1.82064,mRNA
SLC22A10,0.11251,mRNA
FADS1,0.240372,mRNA
FADS3,0.502762,mRNA
CPSF7,-0.182426,mRNA
RAD51AP1,0.399212,mRNA
RASSF3,0.100674,mRNA
SLC16A1,0.730935,mRNA
CNOT2,-0.0601348,mRNA
ANKS1B,-2.14506,mRNA
PTPRR,0.96493,mRNA
LNX2,-0.0532721,mRNA
PRIMA1,-1.42967,mRNA
MIPOL1,-0.729076,mRNA
SNX27,0.403636,mRNA
TRIP11,-0.358695,mRNA
EFCAB2,-0.693852,mRNA
CKMT1B,-0.388884,mRNA
KCNAB2,-0.0858736,mRNA
MTHFSD,-0.141784,mRNA
CD101,0.0644548,mRNA
KIAA0040,0.00193442,mRNA
SLC25A35,0.161727,mRNA
MFN2,-0.0962845,mRNA
NXN,1.30489,mRNA
TMEM101,0.126104,mRNA
SCRN2,0.185534,mRNA
PIGN,-0.628395,mRNA
CYP2F1,-0.0823562,mRNA
ZC3H4,0.0452837,mRNA
ZNF575,0.268635,mRNA
MBD3,0.0608362,mRNA
PRKACA,0.47892,mRNA
OCEL1,-0.0387122,mRNA
TECR,-0.0943669,mRNA
ARFGEF2,-0.105065,mRNA
EPB41L1,0.511341,mRNA
PLCB4,0.390784,mRNA
C21orf58,0.475986,mRNA
DERL3,0.24927,mRNA
MSN,1.07433,mRNA
SLITRK2,-1.62262,mRNA
ERMAP,0.00975127,mRNA
SNED1,-0.8938,mRNA
GGCX,-0.187802,mRNA
GMPPA,-0.294338,mRNA
ITGAV,0.391567,mRNA
THNSL2,0.0901071,mRNA
REEP1,-0.407998,mRNA
SOS1,-0.440384,mRNA
ANKRD44,-0.805419,mRNA
DENND1B,-0.504593,mRNA
MST1R,1.64379,mRNA
ATP6V1A,0.2603,mRNA
IFT122,0.0906231,mRNA
BBX,-0.316831,mRNA
NR2C2,-0.249362,mRNA
CRELD1,-0.24021,mRNA
EIF2A,-0.0808023,mRNA
ZBTB47,-0.371727,mRNA
MFSD10,0.493983,mRNA
DCUN1D4,-0.416056,mRNA
TBC1D1,-0.360191,mRNA
BEST3,0.529413,mRNA
PGBD4,-0.718359,mRNA
EXD1,-0.172056,mRNA
CDC20B,1.38199,mRNA
OIT3,3.24959,mRNA
ZNF585A,-0.562286,mRNA
TMEM154,1.35135,mRNA
DNAJC18,-0.0325153,mRNA
GAPT,-0.554338,mRNA
KHDRBS2,-2.31647,mRNA
SENP5,-0.0539383,mRNA
PATL1,-0.0261771,mRNA
RSU1,0.0368416,mRNA
RSPH9,1.08909,mRNA
ATXN7L1,-0.887637,mRNA
SNX16,0.165746,mRNA
MS4A1,-2.1324,mRNA
KCNJ4,0.57215,mRNA
PYDC1,2.84233,mRNA
APCDD1,0.634811,mRNA
GPR156,0.820213,mRNA
ZFP3,-0.618346,mRNA
SPATA13,-1.29352,mRNA
ZNF488,-0.836142,mRNA
TTLL10,1.22272,mRNA
KCTD6,-0.37261,mRNA
ERI1,0.270305,mRNA
TMEM86A,-0.0852724,mRNA
MED19,-0.38457,mRNA
CMYA5,0.480328,mRNA
CPNE9,1.06082,mRNA
LCORL,-0.256395,mRNA
MRPL11,-0.121964,mRNA
ALDH8A1,-0.934645,mRNA
CAMK2B,0.176692,mRNA
MRPL42,-0.0199773,mRNA
AGER,-0.158148,mRNA
MMAA,-0.285375,mRNA
KCNG4,-3.15697,mRNA
CPO,-1.05282,mRNA
CAPN3,1.54141,mRNA
NR4A3,-2.29431,mRNA
ANKRD29,-1.28828,mRNA
CCDC117,-0.596107,mRNA
DZIP1L,-0.992705,mRNA
ANKS6,0.564342,mRNA
KSR2,-0.374766,mRNA
FAM177A1,0.611122,mRNA
C17orf78,-0.35476,mRNA
CRB2,-0.0346002,mRNA
SCAI,-0.043798,mRNA
HARBI1,-0.0473315,mRNA
ZFP42,3.22325,mRNA
PCSK9,2.60878,mRNA
SEC14L3,-3.57125,mRNA
SLA2,-0.695335,mRNA
PTPMT1,0.155195,mRNA
ZNF792,0.276661,mRNA
PRR15,5.9357,mRNA
NLRP8,-1.6601,mRNA
S100A7A,0.961187,mRNA
LYNX1,0.805411,mRNA
CYP20A1,-0.543465,mRNA
GAS2,-0.941172,mRNA
ARL6,-0.494635,mRNA
PLA2G4D,1.19454,mRNA
IQGAP3,2.32661,mRNA
STXBP4,-0.218093,mRNA
LAYN,-1.95972,mRNA
PLD6,-0.09343,mRNA
GPR180,-0.301524,mRNA
SLCO4C1,2.57357,mRNA
MRPL52,0.114834,mRNA
OGT,0.270054,mRNA
QSOX2,0.0271809,mRNA
TMEM119,-1.11238,mRNA
BTLA,-1.60058,mRNA
SPRED2,0.387719,mRNA
PKIG,0.0969299,mRNA
UBE2D3,-0.212959,mRNA
COQ6,0.0958108,mRNA
MYLK3,0.044497,mRNA
ISM2,0.57247,mRNA
SPC24,0.951126,mRNA
THAP5,-0.381497,mRNA
TCTE1,-1.58361,mRNA
LYPD5,0.716543,mRNA
ZNF677,-0.508805,mRNA
FAM131C,-0.586381,mRNA
RNF144B,-0.254563,mRNA
ADAMTS9,2.72546,mRNA
RNF8,-0.0705007,mRNA
SEC13,0.143475,mRNA
FBXO25,-0.0759243,mRNA
HNRNPA3,-0.282262,mRNA
SLC19A1,-0.797839,mRNA
ISCA2,0.517741,mRNA
SRRM4,0.283902,mRNA
ADAMTS6,0.711824,mRNA
NAIF1,-0.102427,mRNA
BOLL,-0.818649,mRNA
DHRS4L2,-0.107104,mRNA
RNF138,-0.401579,mRNA
OVCH2,2.64831,mRNA
OASL,0.50885,mRNA
ARHGEF11,-0.261439,mRNA
HIPK1,-0.461205,mRNA
VWA5A,0.470541,mRNA
PDPN,-0.76552,mRNA
TCF21,-0.380809,mRNA
ZNF600,-0.137338,mRNA
RSBN1L,-0.461276,mRNA
NKPD1,-0.0346881,mRNA
ZNF621,-0.112515,mRNA
TPRG1,1.86317,mRNA
LANCL3,0.301994,mRNA
RBM43,-0.113899,mRNA
VWC2,-0.729773,mRNA
SEC24C,-0.00882583,mRNA
COL25A1,-1.06595,mRNA
SIAH3,-0.362222,mRNA
NSUN4,-0.427456,mRNA
XAF1,-0.0507714,mRNA
CXCL12,-1.09146,mRNA
SLC22A25,0.401856,mRNA
TPD52L2,0.123031,mRNA
SPG7,-0.122126,mRNA
USP51,-1.16125,mRNA
LRRC10,-0.260503,mRNA
CDC25A,-0.595571,mRNA
GPM6A,-2.73274,mRNA
USP33,-0.29502,mRNA
TRIM7,0.793241,mRNA
FAM180A,-1.64158,mRNA
MLF1,-1.36845,mRNA
KRAS,-0.0925308,mRNA
ALPL,1.70476,mRNA
TMEM150A,0.42612,mRNA
ZNF479,-0.113224,mRNA
PARP3,-0.197582,mRNA
RGS6,-0.429417,mRNA
PHF3,-0.364617,mRNA
EIF5A,0.259548,mRNA
ZNF577,-0.237651,mRNA
KCTD16,-2.84718,mRNA
ANO7,0.902983,mRNA
XRCC3,0.0473335,mRNA
FBXO41,1.23885,mRNA
USP53,-0.653256,mRNA
PCSK5,0.781247,mRNA
PRRG3,-1.49505,mRNA
PIGV,-0.148264,mRNA
PNPLA1,-1.56575,mRNA
BAAT,-0.586607,mRNA
GCNT2,0.0773197,mRNA
SIM1,-0.678601,mRNA
SNCA,-1.25865,mRNA
FETUB,3.87827,mRNA
TFDP2,0.0961823,mRNA
ZNF532,0.163296,mRNA
MFSD6,0.403235,mRNA
GTF2H2C,-0.586819,mRNA
EPB41,-0.449565,mRNA
FAM169A,-0.407839,mRNA
SLC30A10,-0.713029,mRNA
MAK,-1.62397,mRNA
MAPT,0.374531,mRNA
FGF12,0.13999,mRNA
KCNJ11,0.590983,mRNA
STIL,0.0973978,mRNA
CLCC1,-0.219308,mRNA
RNF13,-0.11177,mRNA
CIDEC,-1.68169,mRNA
RFX5,0.0573967,mRNA
RASL12,0.53727,mRNA
ZNF142,-0.282463,mRNA
ACSL1,-0.501657,mRNA
FSHB,-1.97363,mRNA
PKNOX2,-1.57202,mRNA
RGPD1,-0.613128,mRNA
FBLN5,-1.19325,mRNA
RAD21L1,-0.0368597,mRNA
FUT1,0.921882,mRNA
HOXB3,0.235594,mRNA
BEGAIN,-0.20308,mRNA
OPN1SW,-0.70698,mRNA
GPRIN2,-0.73513,mRNA
IRF9,0.451092,mRNA
PLEKHA5,0.343508,mRNA
OR2AG2,0.0205362,mRNA
OR3A3,-0.673058,mRNA
SBF2,0.0790713,mRNA
LZTFL1,-0.408203,mRNA
N4BP2L2,-0.218176,mRNA
TRIM9,-0.608417,mRNA
DNAJA4,-0.336987,mRNA
TRIM66,-0.891706,mRNA
SH2D4B,-1.48352,mRNA
JAKMIP3,-1.40574,mRNA
CRTAP,0.135061,mRNA
MAST3,0.82755,mRNA
CNPY1,0.413972,mRNA
GPR61,0.295782,mRNA
SH3PXD2A,0.0841163,mRNA
SLC35A4,-0.299712,mRNA
SPRED3,1.00985,mRNA
PHACTR2,-0.273011,mRNA
IPCEF1,-3.20746,mRNA
KDM5B,0.230745,mRNA
DBT,-0.446756,mRNA
UTY,-0.532638,mRNA
MAMLD1,2.80453,mRNA
CAPN6,-1.52569,mRNA
CBX6,-0.146196,mRNA
DDX58,0.134763,mRNA
OPN3,0.135117,mRNA
DAPK2,1.47359,mRNA
PPIL2,-0.178567,mRNA
PISD,0.0815785,mRNA
CYFIP2,0.367779,mRNA
SIGLEC7,0.99041,mRNA
ANKRD1,1.5966,mRNA
VPS41,0.00510285,mRNA
LAMP3,1.10904,mRNA
UQCRQ,0.277031,mRNA
TAF5L,-0.18473,mRNA
CACYBP,-0.0425689,mRNA
HPGDS,1.76781,mRNA
RABGEF1,-0.169642,mRNA
GALNT5,3.64293,mRNA
ZNF354C,-0.999851,mRNA
PPM1F,-0.173227,mRNA
DZIP3,-0.830029,mRNA
HERPUD1,-0.655422,mRNA
IFT140,-0.726953,mRNA
RIMS3,-0.819264,mRNA
BMS1,-0.020823,mRNA
DNAJC6,-0.158455,mRNA
LRIG2,-0.576647,mRNA
SGSM2,-0.184424,mRNA
ARNT2,0.0313459,mRNA
CD302,-0.820911,mRNA
RNF44,-0.0446191,mRNA
ZNF507,-0.456591,mRNA
ZNF510,-0.388887,mRNA
PDCD11,0.0290564,mRNA
DAAM1,-0.798999,mRNA
ZNF609,-0.121266,mRNA
GGA2,0.238581,mRNA
TRAK2,0.642643,mRNA
HECW1,-1.83731,mRNA
SIPA1L3,-0.228674,mRNA
FSTL4,3.73135,mRNA
GPD1L,-0.597289,mRNA
RGL1,0.159248,mRNA
ARL6IP1,-0.0241939,mRNA
MLC1,-0.0925596,mRNA
FBXO28,0.0664196,mRNA
ANKRD12,-0.650496,mRNA
NCAPD3,-0.248803,mRNA
SASH1,-0.842903,mRNA
DNAJC16,-0.238173,mRNA
ESYT1,0.458479,mRNA
NUDCD3,0.214941,mRNA
ZDHHC17,-0.106623,mRNA
VPS13D,-0.0642872,mRNA
BRMS1,0.114688,mRNA
ABHD14A,0.279686,mRNA
CCDC28A,-0.284113,mRNA
OLFML2B,-0.229048,mRNA
POT1,-0.315493,mRNA
ATL3,-0.408297,mRNA
OSBPL3,0.304628,mRNA
UBXN7,-0.372076,mRNA
MMADHC,-0.192783,mRNA
NOX3,-2.17145,mRNA
KRT76,2.66045,mRNA
ST8SIA3,-3.21746,mRNA
UBR5,-0.211311,mRNA
POMP,0.215202,mRNA
MRPS17,0.00902619,mRNA
SH3GLB1,0.09001,mRNA
MECR,0.268336,mRNA
YPEL5,-0.104914,mRNA
ZNF589,-0.632894,mRNA
ZNF706,-0.0234245,mRNA
HSD17B12,-0.152823,mRNA
SUFU,0.541847,mRNA
POLK,-0.211993,mRNA
ANAPC7,0.0208518,mRNA
UPB1,-0.420294,mRNA
EVL,-0.200663,mRNA
CRIM1,-0.126655,mRNA
DTL,1.16432,mRNA
COX16,-0.188257,mRNA
SHISA5,0.655837,mRNA
RAB8B,-0.40103,mRNA
PCDH12,1.18537,mRNA
PLAC8,-0.745825,mRNA
ARL6IP4,0.310223,mRNA
RALY,0.242364,mRNA
GYPC,-0.731897,mRNA
RWDD2B,0.0755365,mRNA
DLL3,0.192822,mRNA
SETD4,-0.162602,mRNA
LEPROT,-0.185646,mRNA
HAO1,0.381165,mRNA
STAB2,-2.83318,mRNA
SMG6,0.0602098,mRNA
KIF27,-0.550178,mRNA
BTG4,-2.69209,mRNA
MBTD1,-0.188278,mRNA
QPCTL,0.10402,mRNA
ZNF280C,-0.286446,mRNA
DPP8,-0.429347,mRNA
CMTM6,0.442568,mRNA
TXNL4B,-0.173157,mRNA
TIPIN,-0.0238268,mRNA
BANP,-0.254676,mRNA
DDX27,0.0392926,mRNA
HIF1AN,-0.114473,mRNA
TTC22,-0.0737093,mRNA
PTCD3,-0.274188,mRNA
PLEKHJ1,-0.701296,mRNA
RBM28,-0.146099,mRNA
FAR2,0.69777,mRNA
EFHC1,-0.322357,mRNA
ELAC2,0.0748665,mRNA
TSR1,-0.10834,mRNA
MRPS18A,0.0450521,mRNA
GOLPH3L,-0.170513,mRNA
TMLHE,-0.272813,mRNA
KLHDC8A,4.95406,mRNA
PARVA,0.00394171,mRNA
TMEM100,2.79547,mRNA
PGM2,-0.421038,mRNA
PRR11,-0.701761,mRNA
BRF2,-0.0821471,mRNA
DDX19A,-0.0896749,mRNA
GABRB3,-1.12653,mRNA
SAMD9,0.361461,mRNA
DIDO1,-0.343037,mRNA
NDUFA11,0.248948,mRNA
SUV39H2,-0.537567,mRNA
SLC1A4,0.627561,mRNA
GSR,0.0319356,mRNA
MFAP4,-2.11772,mRNA
RBBP7,0.024837,mRNA
KIAA1522,0.357151,mRNA
STMN2,3.95333,mRNA
CHRNA6,0.428796,mRNA
BVES,-0.295419,mRNA
IL33,-1.25193,mRNA
CALU,0.18406,mRNA
PSMB2,0.321867,mRNA
PDK2,0.28048,mRNA
WASF2,-0.0964479,mRNA
OSBPL6,-0.890284,mRNA
UBE4A,-0.0990658,mRNA
SRP19,-0.110848,mRNA
FLT3LG,-0.107816,mRNA
NT5E,1.49943,mRNA
ZNF587,-0.309847,mRNA
XPNPEP3,-0.664823,mRNA
ALDH2,-0.773268,mRNA
GK,-0.528021,mRNA
RAD54B,-0.0131391,mRNA
JAM3,-0.115692,mRNA
MAVS,-0.0377311,mRNA
RIC3,-0.260214,mRNA
CTNND1,-0.297282,mRNA
UGT2B28,-2.93098,mRNA
M6PR,0.00175133,mRNA
KLK7,6.20237,mRNA
CA6,-0.315481,mRNA
SLC46A1,-0.564513,mRNA
MFSD11,0.177276,mRNA
ANAPC16,-0.310148,mRNA
TREM1,3.27497,mRNA
NXT2,-0.499436,mRNA
GFOD1,-0.225512,mRNA
IL31RA,3.28448,mRNA
AHCYL1,0.134867,mRNA
ARFGAP2,-0.0541819,mRNA
ARFIP2,-0.127934,mRNA
PRMT2,0.0280891,mRNA
E2F3,0.176957,mRNA
CD28,-1.29184,mRNA
PDE4A,-0.190854,mRNA
PELI3,0.182055,mRNA
IL18,0.881238,mRNA
ALCAM,0.133728,mRNA
PARVB,0.270787,mRNA
MAPKAPK3,0.828771,mRNA
ARID5B,0.29565,mRNA
CSAD,0.432174,mRNA
PPP1R12A,-0.293259,mRNA
CD68,0.555731,mRNA
TP53AIP1,-0.552349,mRNA
SLC30A5,-0.252852,mRNA
SPAG9,-0.430144,mRNA
LUZP2,1.3947,mRNA
TRPM1,0.0956682,mRNA
USP15,0.197599,mRNA
CLPS,-1.35227,mRNA
CDC5L,-0.0975743,mRNA
AP4S1,-0.499757,mRNA
KLK2,-2.55221,mRNA
ZNF85,-0.542807,mRNA
DENND2C,-0.409798,mRNA
GUCY1A2,0.246368,mRNA
PDLIM5,-0.0966898,mRNA
CABLES1,-0.736129,mRNA
PRRT2,0.68019,mRNA
ENC1,1.64338,mRNA
RPL10,0.0879993,mRNA
STOML1,-0.00698466,mRNA
PEX5L,-1.30671,mRNA
HTR2C,-0.893506,mRNA
BMPR1B,-1.43515,mRNA
ZNF382,-0.352671,mRNA
DOK7,3.13054,mRNA
CYBRD1,-0.974551,mRNA
GPD1,1.2465,mRNA
ALG13,-0.260528,mRNA
NOP2,0.18637,mRNA
SLC4A8,-0.134532,mRNA
CALCOCO2,-0.564132,mRNA
INSL3,1.13385,mRNA
MZF1,-0.195758,mRNA
PWWP2A,0.0737417,mRNA
RIBC1,-0.719294,mRNA
GPR161,1.2535,mRNA
SRP72,-0.158954,mRNA
CTCFL,0.0171104,mRNA
RTBDN,3.59423,mRNA
PRSS21,0.438838,mRNA
MCM3,0.299116,mRNA
OTX2,0.33538,mRNA
DEDD2,-0.241893,mRNA
NRM,0.19313,mRNA
BCL2L13,0.0312943,mRNA
CHD2,-0.369041,mRNA
ATRIP,-0.159598,mRNA
PEX11A,-0.803106,mRNA
SLC35A3,-0.39521,mRNA
CALCRL,0.39441,mRNA
DENND2D,0.226265,mRNA
AAGAB,-0.233907,mRNA
DUOXA1,0.241804,mRNA
TNNT2,2.2314,mRNA
C1orf100,0.23424,mRNA
KLK15,-0.968143,mRNA
ZNF550,-0.287842,mRNA
ZNF468,-0.0451112,mRNA
ZBTB10,-0.32114,mRNA
IGSF9B,-1.91522,mRNA
LPAR4,0.149769,mRNA
SDHC,-0.242667,mRNA
PTPN5,0.534228,mRNA
ZFAND5,-0.432491,mRNA
MPP2,-0.396743,mRNA
SLC38A1,-0.713279,mRNA
SP140,-1.20464,mRNA
ZNF180,-0.595314,mRNA
NFATC1,-1.14363,mRNA
GPR132,-1.28837,mRNA
ANP32E,0.177122,mRNA
ZNHIT3,0.0465286,mRNA
ARFGAP1,0.151859,mRNA
SLITRK1,-1.98047,mRNA
FSD2,-0.829345,mRNA
KIR2DS4,-0.179643,mRNA
ZNF630,-0.396547,mRNA
CHRNA2,1.50501,mRNA
C14orf132,-0.871003,mRNA
TXNRD2,-0.178052,mRNA
MICAL2,1.25452,mRNA
DFFB,-0.1372,mRNA
FBXO31,0.416781,mRNA
SUPT7L,0.0613217,mRNA
PLXDC2,0.433305,mRNA
TMEM108,1.75166,mRNA
RHD,-0.359908,mRNA
POLR3H,-0.376137,mRNA
RAPGEF4,0.657999,mRNA
DHRS4,-0.191013,mRNA
LRIT2,-1.81943,mRNA
OPALIN,-1.80393,mRNA
EIF3J,-0.247401,mRNA
WDR93,-1.13302,mRNA
UTP15,-0.210086,mRNA
RCAN1,-1.67663,mRNA
PDXDC1,0.0309086,mRNA
GCOM1,-1.32098,mRNA
SLC36A4,-0.427375,mRNA
PPIL6,-0.829599,mRNA
CIITA,-0.108087,mRNA
N4BP2L1,0.248893,mRNA
DUSP22,-0.19008,mRNA
STK24,0.186507,mRNA
AASDH,-0.601443,mRNA
ABLIM2,-0.387984,mRNA
CALML4,-0.0986538,mRNA
OCIAD2,0.90147,mRNA
CLCN7,0.57537,mRNA
TPD52,-0.154719,mRNA
MOGAT3,2.48598,mRNA
KIF17,-0.752398,mRNA
GGT6,3.14926,mRNA
B3GAT3,0.372724,mRNA
ELP4,-0.50372,mRNA
SMC4,0.188754,mRNA
STK33,-0.307239,mRNA
LOXL3,0.143979,mRNA
ZNF302,-0.34392,mRNA
SMARCA2,-0.801799,mRNA
TAP2,-0.0297984,mRNA
TMPRSS4,6.49367,mRNA
AGPAT5,0.290835,mRNA
LIN7C,-0.15887,mRNA
METTL2B,-0.272316,mRNA
SLC22A15,-0.383482,mRNA
PECR,0.471413,mRNA
ACOT13,0.0707275,mRNA
ACTR10,0.0373164,mRNA
AP1AR,-0.225566,mRNA
LENEP,-1.10563,mRNA
SLC35E3,-0.546495,mRNA
MYO5C,-0.297957,mRNA
AJAP1,1.31636,mRNA
KLHL7,-0.0475752,mRNA
NLGN3,-1.1112,mRNA
CCDC93,-0.392514,mRNA
NUDT4,-0.159317,mRNA
RPRM,-0.634904,mRNA
F8,-0.298137,mRNA
ADD3,-0.990081,mRNA
ACRV1,-0.145376,mRNA
PAPOLB,-2.50478,mRNA
MEIS3,0.825162,mRNA
FEM1C,-0.233568,mRNA
OTUD7B,-0.0286177,mRNA
INCENP,-0.626377,mRNA
COQ9,-0.122345,mRNA
RARS2,0.0467327,mRNA
ZMIZ1,-0.381,mRNA
CASS4,-0.00390723,mRNA
PDSS2,0.113981,mRNA
GOPC,-0.336533,mRNA
CD177,5.41743,mRNA
CHMP1B,-0.493116,mRNA
PTGFRN,0.594382,mRNA
NIPAL3,0.566663,mRNA
THAP11,-0.310953,mRNA
ABO,-0.498139,mRNA
AS3MT,-0.653036,mRNA
SLC24A3,-1.28141,mRNA
KIAA1143,-0.243979,mRNA
TMCC3,1.07449,mRNA
ODF2L,0.125073,mRNA
CCPG1,-0.138663,mRNA
AARS2,-0.135206,mRNA
PCDH19,-0.218007,mRNA
ALPK3,0.0802664,mRNA
ZNF398,-0.080026,mRNA
PDP2,-0.349709,mRNA
NCEH1,-0.154416,mRNA
ZNF319,0.64132,mRNA
WDFY1,0.228775,mRNA
RANBP10,-0.75704,mRNA
LRRN1,0.366723,mRNA
ART4,-2.08129,mRNA
SLC5A6,-0.172671,mRNA
ANGPTL7,-0.725272,mRNA
TMX4,-0.0869022,mRNA
RAB40C,0.210967,mRNA
NEUROD4,-1.45703,mRNA
RRAGD,-0.248125,mRNA
IL22RA1,-0.345292,mRNA
MFAP3L,-0.806385,mRNA
ADAM30,-0.0122665,mRNA
DHX35,-0.435515,mRNA
NAP1L2,-0.481869,mRNA
SLC22A3,-0.710646,mRNA
DEF6,-0.126453,mRNA
GPR88,0.371518,mRNA
MRPL17,0.480989,mRNA
NSUN3,-0.0719672,mRNA
HPS4,-0.197921,mRNA
CLSPN,0.731898,mRNA
SMOC2,-2.36516,mRNA
TCTA,-0.466945,mRNA
GLIPR2,-0.313009,mRNA
KCNK15,1.57686,mRNA
HERPUD2,-0.217959,mRNA
SLC13A1,-1.66498,mRNA
RAB17,-0.492792,mRNA
HS1BP3,-0.0183706,mRNA
VPS52,8.02383e-05,mRNA
DGCR8,-0.104394,mRNA
TNS3,-1.4362,mRNA
GINS3,0.163748,mRNA
YTHDC2,-0.224791,mRNA
USP46,-0.483246,mRNA
ARID4A,-0.289384,mRNA
RSRC2,-0.15975,mRNA
SPATS2,0.702926,mRNA
C8orf33,-0.346998,mRNA
FUNDC2,-0.0005307,mRNA
CHID1,0.353521,mRNA
TMEM106C,0.121764,mRNA
TRPM8,0.557611,mRNA
PHF1,0.0381239,mRNA
PRR15L,-1.03035,mRNA
NOTCH2,0.104217,mRNA
NPPC,-0.496344,mRNA
DSC3,4.06001,mRNA
ATP13A3,-0.502972,mRNA
TCTN1,-0.485125,mRNA
RPAP3,-0.0509209,mRNA
TTLL7,-1.19047,mRNA
KLHL36,0.00269695,mRNA
MMRN2,0.644392,mRNA
NIPAL2,0.341592,mRNA
FAM124B,0.60623,mRNA
ELOVL7,0.326107,mRNA
CSRNP3,-0.331448,mRNA
PGAP1,-0.0473723,mRNA
NYNRIN,0.42438,mRNA
EDC3,0.0990309,mRNA
MOGAT2,0.374571,mRNA
RAB11FIP1,0.39383,mRNA
RUFY1,0.26041,mRNA
TANC2,0.841908,mRNA
MED28,0.106467,mRNA
PDCD1LG2,0.151723,mRNA
SLC44A4,0.0948198,mRNA
ATXN3,-0.133085,mRNA
WNT3,1.35247,mRNA
CD1E,0.767866,mRNA
ARPC5L,0.480727,mRNA
TCF7L1,-1.22713,mRNA
ANO3,-0.800815,mRNA
AIF1L,-1.50331,mRNA
CALCOCO1,0.346217,mRNA
CCDC68,-0.508792,mRNA
GRM5,3.68937,mRNA
UGT2B10,-1.1375,mRNA
CD209,0.401044,mRNA
VMO1,0.474752,mRNA
EFCAB5,-0.562751,mRNA
ZNF619,-0.580251,mRNA
SLC1A5,1.67628,mRNA
VPS37A,0.034324,mRNA
HBS1L,-0.225187,mRNA
CFP,-0.663049,mRNA
NGLY1,-0.0154399,mRNA
LRTOMT,-0.60192,mRNA
PLS1,0.122248,mRNA
PTPN3,-0.00163016,mRNA
TEF,0.112857,mRNA
CHM,-0.208479,mRNA
ZNF200,-0.116552,mRNA
CTXN2,1.02758,mRNA
SH3BP2,0.555954,mRNA
GORAB,-0.166902,mRNA
SLAMF9,1.64573,mRNA
RPS20,0.318562,mRNA
ZDHHC15,-0.313,mRNA
GPR85,1.45089,mRNA
RBM19,0.0918367,mRNA
ANGPT2,0.790845,mRNA
ANPEP,1.05097,mRNA
ANXA4,0.118425,mRNA
ZNF716,-0.143617,mRNA
ZNF737,-0.749688,mRNA
ZNF727,-0.212483,mRNA
SCNN1A,0.338466,mRNA
CD109,2.43854,mRNA
LTA,-0.944696,mRNA
BZW2,-0.296697,mRNA
CANT1,0.480465,mRNA
ZNF583,-0.570551,mRNA
EVI5L,0.316829,mRNA
NRG1,-0.674885,mRNA
RANBP3L,-2.29768,mRNA
PTPRH,0.7069,mRNA
LOC728392,0.720916,mRNA
PDCD6IP,-0.01911,mRNA
ZSCAN12,-0.45258,mRNA
ABCB5,0.170513,mRNA
ZNF44,-0.554707,mRNA
TMEM212,-0.900392,mRNA
CA1,0.991266,mRNA
FXYD6,-0.815854,mRNA
LDHA,0.219621,mRNA
SLC25A11,0.246843,mRNA
RGS9,-1.13996,mRNA
SKA3,0.525944,mRNA
CHST4,-0.966532,mRNA
SLC1A3,0.31957,mRNA
RAB35,0.0447368,mRNA
IL1RAP,2.5884,mRNA
TSPAN9,0.451078,mRNA
OSMR,0.586365,mRNA
AQP7,0.40534,mRNA
C4orf3,-0.170299,mRNA
VSIG1,1.49682,mRNA
FCAMR,-2.75608,mRNA
DTHD1,-1.71511,mRNA
PIN4,0.257573,mRNA
LARP4,-0.226288,mRNA
FOXO4,-0.201707,mRNA
UBXN6,0.0360825,mRNA
RIPPLY1,2.61434,mRNA
OAT,-0.605161,mRNA
ZNF829,-0.995202,mRNA
KCNJ13,-1.68463,mRNA
ZNF300,0.464696,mRNA
BRD7,0.0920382,mRNA
CACNA2D2,0.637053,mRNA
SAMD8,-0.189759,mRNA
ARL1,-0.0457575,mRNA
HDX,-0.1504,mRNA
ZFX,-0.613936,mRNA
PLEKHG7,-1.92491,mRNA
GYG2,-0.31105,mRNA
VSIG4,0.497259,mRNA
CARD8,-0.263337,mRNA
NOL3,0.204707,mRNA
CLDN19,-0.187796,mRNA
GNE,-0.595867,mRNA
RPH3AL,0.189928,mRNA
CHRNA7,-1.10219,mRNA
ALS2CL,0.596385,mRNA
TRAF1,-0.1878,mRNA
POLR2D,-0.0610205,mRNA
AKAP5,-0.299111,mRNA
SEC22B,-0.213399,mRNA
CDKN2B,2.89576,mRNA
MYO1E,0.677447,mRNA
PDE1A,0.203851,mRNA
PPID,-0.0854171,mRNA
PRKX,-1.41538,mRNA
PSMD5,-0.0390804,mRNA
EXOG,-0.0657386,mRNA
NR1I3,0.224714,mRNA
CD80,-0.361724,mRNA
CCR8,1.43143,mRNA
CRKL,-0.127692,mRNA
FER,-0.593452,mRNA
MSTN,0.0070666,mRNA
GNL1,0.121809,mRNA
GPR3,-0.157331,mRNA
UBE2K,-0.0382171,mRNA
LCK,-1.02486,mRNA
LIPE,0.413184,mRNA
PRKAB2,-0.442559,mRNA
PTPN14,-0.233303,mRNA
RALA,0.142472,mRNA
WNT1,-0.469077,mRNA
XRCC2,0.481469,mRNA
NCOA4,-0.0893189,mRNA
TOM1L1,-0.299536,mRNA
HLA-E,-0.0596119,mRNA
HMGN2,-0.097603,mRNA
LCP2,0.111836,mRNA
NHLH2,3.31633,mRNA
CLDN11,0.987734,mRNA
RBBP4,-0.0257492,mRNA
RGS4,1.92689,mRNA
TAF11,-0.249867,mRNA
IL18BP,-0.0811241,mRNA
CTDSP2,-0.275329,mRNA
ARL4C,-0.436405,mRNA
LPCAT3,-0.177316,mRNA
EIF1,-0.162556,mRNA
LRRC17,0.615159,mRNA
HNRNPR,-0.15769,mRNA
DNAJA2,-0.0990505,mRNA
IPP,-0.152765,mRNA
SMAD9,-1.92715,mRNA
MANBA,0.137924,mRNA
MFAP3,-0.145939,mRNA
MMP11,3.6886,mRNA
CD200,0.182979,mRNA
LIPG,-0.85917,mRNA
NMUR1,-0.892779,mRNA
FGF8,0.753431,mRNA
NTS,-1.56508,mRNA
ENPP1,-1.07933,mRNA
PRKAA2,-0.676308,mRNA
TFPI,-1.51474,mRNA
TNFAIP2,0.897267,mRNA
UQCRB,0.0345809,mRNA
PCGF3,0.136244,mRNA
ARIH2,-0.135909,mRNA
TRIM38,0.213379,mRNA
NEBL,-0.990866,mRNA
SORBS1,-0.561075,mRNA
POLR3C,0.169828,mRNA
IGF2BP3,0.940814,mRNA
FUT9,5.74658,mRNA
SLC17A3,-0.499845,mRNA
CPLX2,0.87825,mRNA
FGL2,-1.39923,mRNA
MMP24,0.124508,mRNA
LYVE1,-3.07916,mRNA
GLO1,-0.0801357,mRNA
PSMF1,0.0546473,mRNA
RAB40B,-0.0974055,mRNA
RBPMS,0.0771777,mRNA
ELF2,-0.212176,mRNA
CEACAM7,-1.62468,mRNA
MYO9A,-1.07114,mRNA
PSG1,6.43155,mRNA
RP2,0.0455405,mRNA
SUMO2,0.320514,mRNA
ZBTB25,-0.487252,mRNA
ZNF197,-0.246733,mRNA
NPM3,0.344953,mRNA
LSM6,-0.208381,mRNA
SOX21,-1.91132,mRNA
CLTCL1,-1.05127,mRNA
SSR3,0.183821,mRNA
ZNF146,-0.132065,mRNA
VEZF1,-0.259828,mRNA
ZNF184,-0.288499,mRNA
PRSS23,2.44897,mRNA
ZHX1,-0.395784,mRNA
SLC6A14,3.81972,mRNA
CBX3,0.422634,mRNA
KLRK1,-1.1769,mRNA
RASA3,0.0510157,mRNA
SIX6,0.672945,mRNA
LTB,-0.889932,mRNA
ADAT1,-0.24216,mRNA
ICOS,-1.38509,mRNA
MSRB2,-0.52689,mRNA
HSPBP1,0.153607,mRNA
TRAM2,-0.981935,mRNA
KEAP1,0.196387,mRNA
PXDN,1.57791,mRNA
SLC17A5,0.956822,mRNA
SHC2,0.211821,mRNA
YWHAG,0.144502,mRNA
DNAJC15,0.128073,mRNA
SLCO3A1,-0.0771426,mRNA
PCDHB1,-0.488817,mRNA
KCNJ14,-0.494205,mRNA
ZNF225,-0.581231,mRNA
NPC1L1,0.288459,mRNA
NCF4,-0.0329175,mRNA
CLIC4,0.420544,mRNA
DIO2,-1.51002,mRNA
MEOX1,-0.3434,mRNA
FLVCR1,-0.205025,mRNA
NDUFAF4,-0.325318,mRNA
VAMP2,-0.242306,mRNA
ELAVL1,0.217653,mRNA
EMP1,-0.747826,mRNA
EPAS1,-0.181121,mRNA
GPR39,-0.0685997,mRNA
HSBP1,-0.643155,mRNA
AK2,-0.00136797,mRNA
ALPI,2.1707,mRNA
ARF4,-0.351548,mRNA
FXYD2,-0.408141,mRNA
ATP6V1E1,0.184389,mRNA
CXCR5,-2.20394,mRNA
CAV1,-0.504715,mRNA
CCNF,-0.104299,mRNA
CD38,-0.967074,mRNA
CD47,0.452792,mRNA
CDH3,4.05138,mRNA
CEACAM8,4.32888,mRNA
CLC,0.0310395,mRNA
CCR7,-1.65073,mRNA
CST1,7.09796,mRNA
CTSE,0.603511,mRNA
CYB5A,-0.145986,mRNA
DDB1,0.149109,mRNA
DLX4,1.37487,mRNA
DSG2,0.326074,mRNA
ETV6,0.244698,mRNA
F3,-0.382724,mRNA
FES,-0.0872459,mRNA
FGF7,-1.12519,mRNA
FHIT,-0.529727,mRNA
KDSR,-0.166682,mRNA
GNA11,-0.383624,mRNA
HSPA4,0.100114,mRNA
IL12B,-0.58906,mRNA
IL13,-0.524447,mRNA
ITGA9,0.28409,mRNA
ITGB5,0.86178,mRNA
KCNK3,0.245634,mRNA
KCNS1,-0.0708863,mRNA
KLRC1,0.240227,mRNA
LAMC1,0.55895,mRNA
LRPAP1,0.391387,mRNA
LYN,0.818737,mRNA
SH2D1A,-1.40971,mRNA
MARCKS,0.0293209,mRNA
MAD2L1,0.107864,mRNA
MMP1,3.71141,mRNA
MX2,0.147316,mRNA
MYD88,0.499878,mRNA
NOVA2,1.05794,mRNA
OCLN,-0.180781,mRNA
P2RX7,0.24269,mRNA
PAPPA,1.07995,mRNA
PDGFB,0.927383,mRNA
PDZK1,0.400238,mRNA
PGD,-0.416372,mRNA
PIK3C3,-0.266438,mRNA
POLA2,0.198382,mRNA
PPBP,1.48029,mRNA
PPP1R8,0.0401249,mRNA
PREP,0.197213,mRNA
KLK6,7.32935,mRNA
PTHLH,-0.319872,mRNA
PTPRK,0.497963,mRNA
RAD1,0.0334229,mRNA
RBL1,-0.536463,mRNA
RNASEH1,-0.224696,mRNA
CCL3,-0.386239,mRNA
CCL5,-0.566512,mRNA
CXCL6,3.21736,mRNA
SDC2,-1.04692,mRNA
SFRP2,0.0934373,mRNA
SHB,0.413382,mRNA
SLC18A3,8.05598,mRNA
SMARCE1,0.0456917,mRNA
FSCN1,0.253841,mRNA
NEK4,-0.387694,mRNA
TBCC,-0.124721,mRNA
NFE2L1,-0.229925,mRNA
THRSP,3.43548,mRNA
TIMP2,0.0975942,mRNA
TNR,-0.835707,mRNA
TSPYL1,-0.105434,mRNA
UBE2N,-0.208324,mRNA
VIPR2,-0.243901,mRNA
WNT9A,-0.718029,mRNA
ZNF264,-0.130609,mRNA
ZNF35,-0.149375,mRNA
STAM,0.779916,mRNA
SYN3,-0.304841,mRNA
SNN,-0.130576,mRNA
EEA1,-0.221468,mRNA
CUL4B,0.065182,mRNA
GPR65,-0.494402,mRNA
CILP,0.659256,mRNA
SLC4A7,0.0477555,mRNA
DGKE,-0.28835,mRNA
HSD17B6,-0.987752,mRNA
RNASET2,-0.817309,mRNA
DYNLL1,0.330777,mRNA
TNFRSF25,0.579163,mRNA
IL18R1,1.24413,mRNA
IL1RL1,-0.183306,mRNA
EIF2S2,0.270242,mRNA
CPNE3,-0.761696,mRNA
TIMELESS,0.22281,mRNA
RPL14,0.369333,mRNA
GPRC5A,-0.00368878,mRNA
SLC7A6,-0.868509,mRNA
DMD,1.70614,mRNA
ANXA2,0.868475,mRNA
CTSS,0.994467,mRNA
KCNMB1,0.875258,mRNA
LLGL1,0.797245,mRNA
RAB27B,3.48905,mRNA
SNRPD3,-0.151382,mRNA
SEMA3F,1.50095,mRNA
TRIP13,0.209527,mRNA
MED17,0.197495,mRNA
LY86,-0.0479406,mRNA
BAG2,-0.631335,mRNA
RAB3D,0.622133,mRNA
CYTIP,-1.08825,mRNA
PTTG1IP,0.285413,mRNA
CNN2,-0.182206,mRNA
DNM1,-0.342296,mRNA
EML1,-0.799369,mRNA
EPHA4,1.22277,mRNA
ETV5,1.78313,mRNA
FGF5,1.33807,mRNA
FGF10,-2.66858,mRNA
HNRNPU,-0.144008,mRNA
MGST3,-0.0453408,mRNA
NCAM2,-0.0166401,mRNA
SCO1,-0.301065,mRNA
CCL16,-0.762822,mRNA
TRAF5,-0.304819,mRNA
BAP1,-0.0788277,mRNA
MAP3K13,-0.0471493,mRNA
BUB3,-0.00380465,mRNA
VAPB,-0.669916,mRNA
TXNL1,-0.696926,mRNA
SLC23A2,-0.517997,mRNA
MBLAC2,-0.340653,mRNA
CLEC12B,1.02273,mRNA
PSD3,1.90421,mRNA
DEGS2,0.69075,mRNA
MS4A7,0.53833,mRNA
C16orf74,0.00171102,mRNA
UAP1L1,-0.271162,mRNA
PRRT3,0.545249,mRNA
C10orf99,1.52412,mRNA
CLEC17A,-1.95613,mRNA
ZNF662,-0.223153,mRNA
XKR5,2.84448,mRNA
TEX19,-0.892859,mRNA
SLC25A24,0.0569703,mRNA
NCSTN,0.194189,mRNA
PPIL3,0.233053,mRNA
MARVELD2,-0.377471,mRNA
CHRFAM7A,-0.955141,mRNA
ADAMTS17,0.767181,mRNA
SLC12A3,-1.55626,mRNA
SSH2,-0.312782,mRNA
UBA2,0.196737,mRNA
PSG9,4.91892,mRNA
GRIK1,-0.917876,mRNA
DCLK2,-0.286632,mRNA
TMEM214,0.0815819,mRNA
METTL6,-0.117232,mRNA
THUMPD3,-0.00200725,mRNA
PIK3AP1,-0.512561,mRNA
PBLD,-0.0284777,mRNA
SLC25A28,-0.300585,mRNA
GINS4,-0.00787838,mRNA
MAPK14,0.14751,mRNA
SULF1,-0.131733,mRNA
GSDMA,2.64706,mRNA
CD247,-1.1214,mRNA
RSAD2,0.688354,mRNA
FMNL2,0.448333,mRNA
TPK1,0.325567,mRNA
MTMR10,-0.293751,mRNA
CHAD,-0.315219,mRNA
KRT40,-0.494638,mRNA
CUEDC1,-0.300768,mRNA
MAP3K14,-0.313371,mRNA
SPATA5,-0.231251,mRNA
ACTR8,-0.0349413,mRNA
CENPJ,-1.53178,mRNA
RNASEH2B,0.0189916,mRNA
CDK19,0.1091,mRNA
EPM2A,-0.717001,mRNA
TPPP2,-1.7148,mRNA
SPTLC2,0.159718,mRNA
SLC36A1,0.25868,mRNA
ZMYM1,-0.562482,mRNA
FAM167A,-1.71054,mRNA
KCNK1,0.89407,mRNA
UNC5D,-0.215329,mRNA
NLRP3,-0.32949,mRNA
SCN3A,-1.71364,mRNA
COASY,0.0544928,mRNA
KDM5A,-0.198553,mRNA
SNX21,0.10417,mRNA
RERE,-0.204422,mRNA
SPPL2B,-0.0503748,mRNA
ACVRL1,0.190882,mRNA
TMEM231,0.0288919,mRNA
LYPD1,1.82622,mRNA
ZNF846,-0.231446,mRNA
PEX2,-0.265531,mRNA
BEX4,-0.364373,mRNA
MBOAT1,0.661779,mRNA
ZNF823,-0.313222,mRNA
MEGF9,1.18256,mRNA
RABEP1,-0.130301,mRNA
RELL1,-0.290727,mRNA
ARSA,0.27658,mRNA
COQ10A,-0.330201,mRNA
RPL22L1,0.167376,mRNA
C4orf33,-0.43523,mRNA
TMEM192,-0.280114,mRNA
ADH6,-1.2792,mRNA
ZNF160,-0.145631,mRNA
NUDT19,0.32068,mRNA
RNFT2,1.18987,mRNA
TMEM87A,0.322308,mRNA
ECE1,1.57657,mRNA
AMOT,1.04077,mRNA
ZNF276,-0.174852,mRNA
NBEAL1,-1.17613,mRNA
PIK3R3,0.262729,mRNA
LAMP2,0.304396,mRNA
ESRP1,0.318449,mRNA
MYOZ3,-1.18173,mRNA
SERPINA1,4.61786,mRNA
CLCN5,-0.406101,mRNA
SPDYE4,-1.57583,mRNA
ORMDL1,0.189898,mRNA
SGCD,-1.34982,mRNA
SLC39A13,0.441648,mRNA
GSPT1,-0.122859,mRNA
PDLIM4,3.58142,mRNA
AFP,1.5766,mRNA
SPOCK2,2.52677,mRNA
DERL1,0.343162,mRNA
JDP2,-0.234903,mRNA
MUC15,-0.00173439,mRNA
ZNF397,-0.451839,mRNA
ESM1,2.51481,mRNA
CNGB1,1.332,mRNA
EIF2AK2,-0.147761,mRNA
XPR1,1.59592,mRNA
RNF185,-0.15658,mRNA
LRRFIP1,-0.399733,mRNA
RGSL1,-0.38951,mRNA
POTEC,1.57386,mRNA
TBL1X,-0.831996,mRNA
FGF13,-0.89986,mRNA
NIPA1,-5.01739e-05,mRNA
ARFGAP3,-0.621575,mRNA
SQSTM1,0.224664,mRNA
ST6GAL2,0.240755,mRNA
CCDC3,-0.116712,mRNA
CD99L2,-0.078674,mRNA
RBP5,-0.843028,mRNA
PCDHA4,1.05227,mRNA
C1QTNF6,0.953235,mRNA
PCDHGA6,0.177146,mRNA
QRICH2,-1.06951,mRNA
SYDE2,-1.23639,mRNA
C19orf44,-0.285682,mRNA
SETD3,-0.21412,mRNA
ZNRF1,0.20216,mRNA
ATP13A4,0.594161,mRNA
PSD2,2.24218,mRNA
YIPF4,-0.0410536,mRNA
SLC25A33,-1.48808,mRNA
TMPRSS3,-1.5317,mRNA
C15orf48,1.58396,mRNA
PHF6,-0.0388124,mRNA
PARD6G,-0.714614,mRNA
ZNF594,-0.702987,mRNA
PPP1R9B,0.728451,mRNA
CINP,0.0980585,mRNA
RTN4IP1,-0.423411,mRNA
AGBL4,-0.866082,mRNA
ZNF514,-0.135458,mRNA
ZNF566,-0.2149,mRNA
FAM83A,2.02058,mRNA
TMEM141,0.260223,mRNA
SYDE1,-0.0577186,mRNA
VPS13A,-0.459361,mRNA
MMAB,-0.0849705,mRNA
VPS26B,0.0367614,mRNA
KLHL29,-0.0221096,mRNA
SMYD4,-0.353224,mRNA
TMEM123,-0.576442,mRNA
NOSTRIN,0.460567,mRNA
ANKH,0.710055,mRNA
TBX5,-0.789794,mRNA
NRSN1,0.547198,mRNA
GPR62,-0.412971,mRNA
COLEC12,-1.1041,mRNA
CHST14,-0.492258,mRNA
A1BG,0.874378,mRNA
ATP6V1G2,-0.774916,mRNA
PYGO2,0.149536,mRNA
SP140L,-0.201403,mRNA
ARL11,0.473343,mRNA
CDAN1,0.0900718,mRNA
TSLP,-0.0854157,mRNA
HDGFL1,-0.196171,mRNA
TMC1,1.01477,mRNA
MSR1,0.773299,mRNA
MYEOV,0.0547494,mRNA
SPATA17,-1.29383,mRNA
CD200R1,-0.447608,mRNA
CMBL,-0.398844,mRNA
MSI2,-0.194996,mRNA
PROKR1,0.651565,mRNA
ADAMTS15,-0.285142,mRNA
SMARCD1,0.00956038,mRNA
ABRA,0.344995,mRNA
TRUB1,-0.10288,mRNA
PPTC7,-0.421615,mRNA
YWHAB,0.099808,mRNA
CNOT6L,-0.114862,mRNA
C15orf40,-0.221069,mRNA
RFTN2,-0.283444,mRNA
ZNF558,-0.217503,mRNA
THAP6,-0.379491,mRNA
PROKR2,-2.25994,mRNA
SMCR8,-0.315408,mRNA
CCDC122,-0.204485,mRNA
SLFN5,0.344885,mRNA
ALG14,-0.0499455,mRNA
C9orf72,-0.423946,mRNA
SKA1,-0.0478777,mRNA
NSMCE1,0.200606,mRNA
DNAJB7,-0.573354,mRNA
CABP4,0.326768,mRNA
DDIT4L,-0.719468,mRNA
ACVR1C,0.375897,mRNA
CCDC127,0.016855,mRNA
GSTA1,2.90261,mRNA
NFX1,-0.184188,mRNA
ACOT11,-0.862134,mRNA
TRAF3IP2,0.0408858,mRNA
CCL28,-0.872559,mRNA
GJD3,-0.649437,mRNA
CHMP7,-0.195506,mRNA
TADA2B,-0.112141,mRNA
ZG16,-0.440333,mRNA
MYOM3,2.11397,mRNA
UBXN10,-0.15285,mRNA
SGPP2,-1.1595,mRNA
DHFR,0.08834,mRNA
TAL1,-0.539071,mRNA
IGF2BP2,1.89328,mRNA
TSNARE1,-0.0705397,mRNA
ALDH1A3,2.77605,mRNA
UGT2B4,3.5962,mRNA
NSL1,-0.269637,mRNA
KLF6,-1.36303,mRNA
SCLT1,-0.0483081,mRNA
ARHGEF12,0.0460195,mRNA
TRIM35,0.183444,mRNA
FBXO44,0.0266973,mRNA
ADH4,-0.512901,mRNA
STARD4,-0.712387,mRNA
CYP4A22,1.83471,mRNA
PLEKHG3,-0.036907,mRNA
C3orf33,-0.634873,mRNA
ALG10B,-0.278894,mRNA
RNF31,-0.0411678,mRNA
CCDC141,-1.4007,mRNA
S100A16,1.18706,mRNA
SPACA3,-0.566441,mRNA
AKNA,0.17072,mRNA
CWC27,-0.189347,mRNA
SNCB,0.697018,mRNA
DTD1,0.379381,mRNA
SDR16C5,2.72408,mRNA
DNMBP,-0.333459,mRNA
EXOSC1,0.260102,mRNA
TOLLIP,0.0963501,mRNA
MEA1,0.310458,mRNA
FABP7,-0.433015,mRNA
CYP1A1,-1.23335,mRNA
ASB8,-0.258314,mRNA
STS,0.119767,mRNA
GTF2A2,-0.197732,mRNA
DLG4,1.50398,mRNA
METTL8,-0.523231,mRNA
CD99,-0.0591202,mRNA
DHRS7,-0.494767,mRNA
DSE,0.129544,mRNA
GLYR1,0.0145189,mRNA
ZNF208,-0.015807,mRNA
MPDU1,0.0286281,mRNA
PID1,-2.50544,mRNA
CNTD1,0.11379,mRNA
ACOT9,0.361615,mRNA
STX5,-0.254056,mRNA
SAP130,-0.261341,mRNA
WFIKKN2,0.464397,mRNA
AR,-1.8486,mRNA
BRCA2,0.445733,mRNA
CD3G,-1.17302,mRNA
COL3A1,1.63788,mRNA
FABP2,-0.657457,mRNA
ITGB3,0.0424565,mRNA
KRT9,3.08468,mRNA
LYZ,0.419188,mRNA
PEX7,0.0156657,mRNA
TAT,-0.291926,mRNA
TIMP3,-0.571182,mRNA
TPP1,0.629853,mRNA
GM2A,0.0502896,mRNA
HFE,-0.220789,mRNA
HRG,3.62018,mRNA
SLC26A4,-2.08131,mRNA
SLC10A2,-0.949807,mRNA
CYP11B1,-0.575215,mRNA
FGA,4.14303,mRNA
OPN1MW,-0.47124,mRNA
IL10RB,-0.000438441,mRNA
CXCR1,-0.463087,mRNA
ALDH1B1,-1.03796,mRNA
ATP4B,-0.372925,mRNA
AVPR1A,-2.43335,mRNA
CACNA1E,2.8006,mRNA
COMT,0.34058,mRNA
DBH,-0.383614,mRNA
DRD2,1.55596,mRNA
GRM4,5.97263,mRNA
ITGA4,-0.41841,mRNA
P4HB,0.0759367,mRNA
PTGER4,-0.300463,mRNA
PTGFR,-1.98881,mRNA
RPL4,0.207317,mRNA
RPL31,0.0833257,mRNA
CALHM1,1.24055,mRNA
SPOPL,-0.210908,mRNA
TOMM5,-0.139878,mRNA
USP16,-0.612102,mRNA
RECQL5,-0.047379,mRNA
TARP,-0.760149,mRNA
EVI2A,-0.502198,mRNA
TSPYL6,-0.596182,mRNA
ALG11,-0.344355,mRNA
OR10G4,-0.962026,mRNA
OR10G7,-1.50501,mRNA
OR2T10,-1.17135,mRNA
OR13G1,0.240132,mRNA
OR6C75,-4.75898,mRNA
GJB3,4.67515,mRNA
JMJD8,-0.118741,mRNA
APOBEC3F,-0.0267645,mRNA
ZNF182,-0.261978,mRNA
ZDHHC9,0.192371,mRNA
CISD2,-0.266379,mRNA
C4orf46,-0.606706,mRNA
TCOF1,0.226592,mRNA
FAM168B,-0.35837,mRNA
RPS6,0.167821,mRNA
IRAK1BP1,-0.252601,mRNA
ZNF766,-0.284985,mRNA
PM20D2,-0.336697,mRNA
RNF187,0.50765,mRNA
TECRL,-2.68168,mRNA
GOLGA7B,1.9183,mRNA
RAP1B,0.0435011,mRNA
OLA1,0.179508,mRNA
NAA30,-0.308361,mRNA
RNASE13,-0.45054,mRNA
SLC45A2,2.8336,mRNA
KRTAP5-10,1.09384,mRNA
PLAC9,-1.03632,mRNA
LDLRAD2,0.915844,mRNA
RFFL,-0.372489,mRNA
ESCO2,0.120565,mRNA
TSHR,-0.540174,mRNA
CORO1B,0.42954,mRNA
FAHD1,0.313985,mRNA
FBXO48,-0.762182,mRNA
CD34,0.176611,mRNA
RPS26,-0.267967,mRNA
PDE8B,-0.572545,mRNA
SLC35F1,1.02413,mRNA
KCTD21,0.0379178,mRNA
RGS7BP,-0.96028,mRNA
SFMBT2,-0.745489,mRNA
NT5DC3,0.447705,mRNA
LIMK2,-0.718547,mRNA
KCNIP1,-2.21843,mRNA
PTCHD3,-0.999374,mRNA
PARL,-0.0665651,mRNA
SLC38A10,-0.0155658,mRNA
TBC1D28,1.28123,mRNA
PRSS53,0.289566,mRNA
ZDHHC19,-0.455085,mRNA
YIF1B,0.408076,mRNA
SNAPC3,0.365629,mRNA
MLH3,-0.585035,mRNA
AKR1E2,-1.99688,mRNA
NCALD,-0.0972557,mRNA
PPP4R1,0.326667,mRNA
USP44,-1.33798,mRNA
C10orf53,0.930175,mRNA
ANK1,-0.830733,mRNA
TMEM218,-0.648962,mRNA
IL2RB,-0.271193,mRNA
C1S,-1.1552,mRNA
MID1,-0.850906,mRNA
KIAA0753,-0.187473,mRNA
UNC5CL,2.80901,mRNA
KIAA0586,-0.226101,mRNA
JAKMIP2,-0.307897,mRNA
TFB1M,0.0946922,mRNA
VPS13C,0.048949,mRNA
ZFAND6,0.0631809,mRNA
ALPK1,-0.0402106,mRNA
MTCH1,-0.738167,mRNA
DRGX,4.88474,mRNA
SH3GLB2,0.502046,mRNA
CTNND2,0.402804,mRNA
PHLPP2,-0.796539,mRNA
RNF114,0.0369754,mRNA
GRIPAP1,0.244262,mRNA
PANK2,0.280436,mRNA
TMEM47,-0.931261,mRNA
FAM133A,-0.703244,mRNA
LETM1,0.176638,mRNA
TNPO2,0.0678818,mRNA
SERPINA6,1.54097,mRNA
PSMA2,-0.0074742,mRNA
CALD1,-0.0699777,mRNA
ECM1,4.80245,mRNA
RDH13,-0.428375,mRNA
TMEM150C,-0.67466,mRNA
MTRF1L,-0.28537,mRNA
CCDC8,-0.389174,mRNA
NICN1,-0.303566,mRNA
BATF2,-0.0500264,mRNA
ATP2C2,-2.71958,mRNA
RXRA,-0.407172,mRNA
RARB,-1.16274,mRNA
PREPL,-0.411265,mRNA
POU6F1,-0.212162,mRNA
HORMAD2,2.89836,mRNA
PLLP,-0.582267,mRNA
TRPV3,0.984465,mRNA
LDLRAD1,-0.973452,mRNA
PGM5,-1.30598,mRNA
ADIPOQ,-2.09287,mRNA
VAT1,0.7052,mRNA
SLC6A4,-1.14911,mRNA
MED11,0.072501,mRNA
CEP63,-0.141435,mRNA
TMOD1,-1.13765,mRNA
CHMP4B,0.0951592,mRNA
SIRT5,-0.109651,mRNA
KLHL20,-0.123625,mRNA
WDR19,-0.425221,mRNA
SENP8,-0.67538,mRNA
GP2,-1.22005,mRNA
SNRNP70,0.146425,mRNA
MYT1,-0.703186,mRNA
PDE12,-0.169586,mRNA
WSCD2,-2.7457,mRNA
PLEKHA2,-0.828638,mRNA
TMPRSS11A,-0.231113,mRNA
FAM102A,-0.428758,mRNA
MGRN1,0.559606,mRNA
MIER2,0.61477,mRNA
GPR68,0.700698,mRNA
DOCK3,0.547485,mRNA
ATF5,0.944672,mRNA
EFNA5,-0.811946,mRNA
PRELP,-0.832426,mRNA
XCL1,-0.637829,mRNA
MAP2K3,0.178786,mRNA
AGXT2,0.295482,mRNA
USHBP1,0.396117,mRNA
CDC42EP1,1.45393,mRNA
SFXN5,0.100556,mRNA
SCP2,-0.18053,mRNA
ABLIM3,-0.595891,mRNA
VWC2L,-0.427086,mRNA
CRAT,-0.0998727,mRNA
ZKSCAN1,-0.470927,mRNA
TRIM16,-0.699001,mRNA
KLK13,3.21088,mRNA
CDH26,0.0066311,mRNA
PCBP3,-0.216467,mRNA
C16orf87,-0.189803,mRNA
TBC1D5,-0.356594,mRNA
HSPB7,-0.116717,mRNA
TOP3B,0.0161503,mRNA
EVI5,-0.134082,mRNA
SUPT3H,0.113344,mRNA
C10orf82,-0.744696,mRNA
ZCCHC8,-0.106581,mRNA
ATM,-0.544345,mRNA
LMF1,0.113458,mRNA
IGSF11,-0.0390371,mRNA
GRAPL,-0.484387,mRNA
DCAF8L2,0.137985,mRNA
C11orf86,8.03774,mRNA
SH3KBP1,-0.499926,mRNA
ARHGEF7,-0.180542,mRNA
CSGALNACT1,-2.00721,mRNA
NDRG2,-0.867286,mRNA
THRB,-0.49323,mRNA
MOCS1,-0.10955,mRNA
ANXA6,-0.508949,mRNA
PSRC1,-0.0176698,mRNA
DPF1,-0.143789,mRNA
BEST1,0.52788,mRNA
TDG,-0.205256,mRNA
TBCEL,-0.653849,mRNA
LIAS,-0.256615,mRNA
ZNF442,-0.118997,mRNA
APOBEC3D,-0.435602,mRNA
RHBDL3,0.161723,mRNA
LRCH3,-0.442597,mRNA
CTCF,-0.160414,mRNA
DDX19B,0.0821579,mRNA
CAMK2A,1.31121,mRNA
TNIP1,0.305603,mRNA
ANO2,0.20495,mRNA
C9orf85,-0.184837,mRNA
DAB1,-0.990982,mRNA
TTLL3,0.353748,mRNA
PHTF2,-0.131681,mRNA
ATF7,-0.302112,mRNA
ARHGAP21,-0.542112,mRNA
SYT16,-1.6938,mRNA
ESYT2,-0.664652,mRNA
ARHGEF18,0.1201,mRNA
SCUBE2,-0.406974,mRNA
LDB3,-0.881283,mRNA
PLSCR3,0.839007,mRNA
NFIB,0.299722,mRNA
KCNT1,2.93374,mRNA
IDE,-0.0154714,mRNA
CPT1A,-0.417869,mRNA
SHANK2,-1.7145,mRNA
NAV3,-0.81577,mRNA
SLC8A3,-0.243212,mRNA
GLDN,4.57821,mRNA
MFGE8,2.26698,mRNA
NIPA2,0.080273,mRNA
ZNF423,-0.26541,mRNA
TBC1D24,-0.544144,mRNA
PRCD,-0.724857,mRNA
PPFIA3,-0.112499,mRNA
BCL2L1,1.13503,mRNA
GINS1,0.628291,mRNA
PRDM15,-0.0888675,mRNA
DEPDC5,-0.215992,mRNA
RPS6KA6,-1.99427,mRNA
SLC38A5,0.493985,mRNA
DEK,-0.480021,mRNA
TMEM176B,0.60114,mRNA
EXTL3,0.0799331,mRNA
TMEM25,0.0872131,mRNA
TMBIM6,0.107478,mRNA
ZSCAN2,0.111892,mRNA
ZFP90,-0.126451,mRNA
NKIRAS1,-0.162654,mRNA
GUF1,-0.395872,mRNA
WWC1,-0.0101028,mRNA
LMNB1,0.170137,mRNA
ERGIC1,0.0940893,mRNA
SEMA6A,-0.745195,mRNA
UBE2D2,0.116939,mRNA
PDE10A,-1.19369,mRNA
ELN,-0.141991,mRNA
ATP1A2,-0.108465,mRNA
PTP4A3,1.96913,mRNA
OSR2,-0.522485,mRNA
ATP6V0B,0.125354,mRNA
KDM4C,-0.0913355,mRNA
HAUS6,-0.0912426,mRNA
MPP7,0.500911,mRNA
KIAA1217,0.563298,mRNA
CDHR1,-0.334225,mRNA
SLC35F2,1.62378,mRNA
FGD4,-0.156743,mRNA
CLEC7A,0.698527,mRNA
ZC3H12A,-0.287476,mRNA
SHC4,1.50749,mRNA
FANCI,0.782902,mRNA
ATP8B4,-0.536871,mRNA
USP3,0.181696,mRNA
TAF1A,-0.654572,mRNA
PDPR,-0.747865,mRNA
SLC6A2,2.38567,mRNA
USP7,-0.289695,mRNA
ATF7IP2,-0.405096,mRNA
STARD3,0.500843,mRNA
CEP350,-0.269442,mRNA
JMJD6,-0.433029,mRNA
NAT9,0.115757,mRNA
SLC25A39,0.191975,mRNA
PLXDC1,1.44899,mRNA
NLGN2,0.654834,mRNA
KSR1,-0.907242,mRNA
AKT2,-0.307114,mRNA
FFAR2,0.223879,mRNA
JAK3,0.35355,mRNA
KCNN4,3.63799,mRNA
ZNF793,-0.449678,mRNA
SLC44A2,0.342034,mRNA
DENND1C,-0.432537,mRNA
CEACAM21,-0.457672,mRNA
ZNF101,-0.56092,mRNA
BPI,-1.25841,mRNA
ISX,0.0502612,mRNA
IL2RG,-0.626904,mRNA
CSMD2,1.28378,mRNA
PRKD3,-0.255639,mRNA
GLB1L,0.308169,mRNA
CLIP4,0.629101,mRNA
CHST10,0.305274,mRNA
RSRC1,-0.329263,mRNA
SLC5A9,-0.159096,mRNA
SCMH1,0.0291709,mRNA
WDTC1,0.260885,mRNA
TMEM199,-0.011868,mRNA
CKAP2L,0.0567983,mRNA
CCNYL1,-0.382092,mRNA
SRFBP1,-0.0856351,mRNA
TTC39B,1.3588,mRNA
UBE2E2,0.731926,mRNA
C1GALT1C1,0.167494,mRNA
SDK1,3.07595,mRNA
CNPY4,-0.00860227,mRNA
SP7,0.52511,mRNA
TMEM74,-0.206567,mRNA
N4BP1,-0.100011,mRNA
TMEM174,-3.38058,mRNA
CEP120,-0.388074,mRNA
LIX1,-0.598655,mRNA
SYT14,-0.00672722,mRNA
C20orf96,-0.465855,mRNA
PMP22,-0.230921,mRNA
DEFB125,3.46573,mRNA
SVEP1,-1.97501,mRNA
C1QTNF1,0.416094,mRNA
NUP155,-0.310667,mRNA
CAMKK2,-0.1971,mRNA
LPCAT4,0.770413,mRNA
NUP62,0.193157,mRNA
KCNJ1,-0.727685,mRNA
RASGRF1,4.80056,mRNA
MINK1,0.175185,mRNA
MLX,0.0175064,mRNA
TEDDM1,-2.50081,mRNA
TSHZ2,-1.03636,mRNA
TTBK2,-0.997969,mRNA
FUT11,0.142898,mRNA
PLBD2,-0.066418,mRNA
TYSND1,-0.178335,mRNA
RTTN,-0.66042,mRNA
ZNF776,-0.351425,mRNA
FAM153A,0.507551,mRNA
ARL10,-0.331461,mRNA
NEGR1,-1.7449,mRNA
SLC30A8,0.591246,mRNA
MORN3,-0.522919,mRNA
P2RX2,-1.39063,mRNA
FBXO36,-0.68869,mRNA
LDLRAD3,1.13785,mRNA
PHYHD1,-0.415535,mRNA
TMEM80,-0.653882,mRNA
ATP2A3,-0.408179,mRNA
ST6GALNAC4,0.60929,mRNA
KRT74,0.899498,mRNA
FMNL3,-0.0142266,mRNA
TCF23,-0.564222,mRNA
HNF4A,0.314922,mRNA
PSMD13,0.131606,mRNA
CCDC125,0.0109658,mRNA
NLRP9,-1.13187,mRNA
PSME3,-0.13399,mRNA
P2RY13,0.341571,mRNA
PPARD,0.00586924,mRNA
SLC13A5,1.05519,mRNA
ASB6,0.0516206,mRNA
NEK8,-0.151572,mRNA
RILPL1,-0.76793,mRNA
SPTLC1,-0.0342843,mRNA
LCE5A,1.05032,mRNA
GPR119,-1.11268,mRNA
NAT8L,2.76965,mRNA
SFXN2,-0.768451,mRNA
AXIN1,0.467173,mRNA
IL22RA2,2.25965,mRNA
ZNF445,-0.407869,mRNA
PPP1R1B,5.40792,mRNA
MYL9,0.274393,mRNA
GJC3,0.0873125,mRNA
CCNY,-0.145368,mRNA
LYRM7,-0.723062,mRNA
UBXN2A,-0.0537758,mRNA
METTL2A,-0.158635,mRNA
SPATA12,1.76626,mRNA
NF2,0.164117,mRNA
TMPRSS11B,-1.581,mRNA
C1QL2,0.783246,mRNA
LHFPL5,2.9605,mRNA
YIPF7,-0.51139,mRNA
SAMD7,-1.67593,mRNA
EPHA3,-2.13059,mRNA
UBE2G2,-0.3359,mRNA
MACC1,1.6721,mRNA
EGFLAM,0.594049,mRNA
CLDN10,6.74908,mRNA
SNX20,-0.395728,mRNA
MOBP,-0.0509592,mRNA
DLGAP4,0.793069,mRNA
VPS28,0.0495951,mRNA
RAB27A,1.67477,mRNA
PXMP4,-0.638074,mRNA
RNF19A,-0.286344,mRNA
KIF24,-0.490728,mRNA
PHC2,0.290094,mRNA
C1orf52,-0.126852,mRNA
SCML4,-1.39493,mRNA
ZNF155,-0.113814,mRNA
LMOD3,0.740973,mRNA
UBA5,-0.243651,mRNA
APOOL,-0.493871,mRNA
MORN5,-0.183298,mRNA
MXRA7,0.233857,mRNA
SFTPB,5.01587,mRNA
GABRG2,-1.18061,mRNA
HINFP,0.0864678,mRNA
DLEU7,-0.506382,mRNA
SPRY1,1.16715,mRNA
NANOS1,0.445021,mRNA
NRP2,2.06286,mRNA
ZMYM3,0.124415,mRNA
ERCC1,0.275909,mRNA
GIPC1,0.713287,mRNA
RP9,0.326212,mRNA
PDE4C,3.62442,mRNA
ZBTB46,0.287854,mRNA
CNDP2,-0.0878662,mRNA
USP11,-0.333828,mRNA
CCL24,1.37156,mRNA
GALNT11,-0.0496049,mRNA
PAX9,2.37125,mRNA
NPHP1,-0.323821,mRNA
NEK1,-0.68315,mRNA
PTPRG,0.327441,mRNA
DAPK3,0.266106,mRNA
NRXN2,-0.481486,mRNA
TRPC7,1.91356,mRNA
AHRR,0.116371,mRNA
RAG1,-1.46098,mRNA
ADCY5,-0.499184,mRNA
HDAC4,-1.30904,mRNA
BDKRB2,-1.16745,mRNA
ENTPD5,-0.186874,mRNA
HSH2D,0.0307646,mRNA
STIM1,0.166123,mRNA
SAMD4B,-0.169913,mRNA
CTSB,1.02688,mRNA
COL14A1,-0.0599552,mRNA
PTP4A1,-0.206482,mRNA
ODF3L2,0.232672,mRNA
OR52K1,-1.14421,mRNA
CENPI,0.0574971,mRNA
SLCO1A2,-1.15056,mRNA
PCDHGC4,1.68717,mRNA
KALRN,0.229563,mRNA
USP54,-1.0775,mRNA
ANKMY1,0.0211635,mRNA
VCX,-0.699875,mRNA
PLXNA4,1.95655,mRNA
RNASE11,5.47753,mRNA
SCG5,2.32138,mRNA
THSD4,0.155651,mRNA
CCR6,-0.452852,mRNA
IQCK,0.179104,mRNA
KLC1,0.363326,mRNA
TDRD1,0.0581523,mRNA
PLA2G2A,1.11506,mRNA
ICOSLG,-0.0298052,mRNA
LOC728743,-0.5828,mRNA
SPATA1,-0.224505,mRNA
MRPL34,0.0576712,mRNA
NCS1,-1.04084,mRNA
ISCU,0.540879,mRNA
RASD2,3.1221,mRNA
SMPX,0.767057,mRNA
ZNF324,-0.252054,mRNA
LYPD3,0.677286,mRNA
TUBGCP4,-0.0971066,mRNA
CRCP,-0.0177763,mRNA
APOBEC3C,0.0217096,mRNA
TFCP2L1,-2.91029,mRNA
ZNF432,-0.488274,mRNA
LRRC14,-0.252972,mRNA
FAM131B,0.442469,mRNA
AQR,-0.115579,mRNA
SECISBP2L,-0.35729,mRNA
KIAA0408,3.57894,mRNA
TOX,-1.46597,mRNA
MLEC,-0.480692,mRNA
SNX17,-0.0447956,mRNA
PTDSS1,-0.00492505,mRNA
TRIM14,0.927757,mRNA
ZBED4,-0.0632637,mRNA
LMTK2,-0.418524,mRNA
ZNF365,0.482201,mRNA
RUFY3,0.0230776,mRNA
BTBD3,0.0771257,mRNA
SV2C,-0.290634,mRNA
TMEM41B,0.162828,mRNA
SMC5,-0.253218,mRNA
ZZEF1,-0.439348,mRNA
LRCH1,-0.203339,mRNA
FAM168A,-0.340227,mRNA
EXOC6B,-0.0501741,mRNA
SIK2,-0.580845,mRNA
EHBP1,0.146491,mRNA
CRTC1,0.402688,mRNA
SRGAP2,0.905197,mRNA
NIPBL,-0.417912,mRNA
ZNF473,-0.341125,mRNA
HEATR5A,-0.295452,mRNA
B9D1,-0.114628,mRNA
GPX7,-0.113888,mRNA
CD207,2.85725,mRNA
ZNF117,0.391427,mRNA
CDC40,-0.403446,mRNA
EIF5B,0.0970874,mRNA
ATP6V1H,-0.290575,mRNA
PTPN22,-0.530092,mRNA
RBMX2,0.0662627,mRNA
RDH11,-0.149109,mRNA
MRPS2,-0.113558,mRNA
DERL2,-0.22281,mRNA
TMBIM4,0.0588845,mRNA
MRPS18C,-0.148256,mRNA
COMMD2,-0.074032,mRNA
GINS2,0.948162,mRNA
RAB10,-0.314006,mRNA
MYEF2,1.475,mRNA
ETV7,0.784547,mRNA
AK3,-0.0249299,mRNA
POLR3K,-0.0320369,mRNA
RAB14,0.129951,mRNA
SLCO4A1,1.63174,mRNA
VCX2,-1.25722,mRNA
VCX3A,-0.594816,mRNA
CD244,-0.317856,mRNA
TRMT112,0.350065,mRNA
PHF20,-0.250014,mRNA
PHF7,0.124708,mRNA
FAM178B,5.48229,mRNA
TM7SF3,0.656464,mRNA
LGSN,0.580284,mRNA
KRCC1,-0.183424,mRNA
AHSP,-0.434879,mRNA
DACT1,-1.1203,mRNA
CRK,-0.245515,mRNA
POLA1,-0.124824,mRNA
F11R,0.22439,mRNA
APLN,2.70248,mRNA
MPHOSPH8,-0.337554,mRNA
PARP14,0.867237,mRNA
OTUD5,0.149922,mRNA
DNAJB12,0.261679,mRNA
PPP1R9A,0.308505,mRNA
DYM,-0.141927,mRNA
KLHL28,-0.421397,mRNA
GIN1,-0.428534,mRNA
MCM9,-0.233915,mRNA
THUMPD1,-0.375804,mRNA
FNBP1L,-0.0910939,mRNA
TBC1D8B,-0.495773,mRNA
RPP25,-0.198431,mRNA
ZNHIT6,-0.209353,mRNA
UACA,0.527051,mRNA
RBM23,-0.342916,mRNA
MRPS10,-0.203158,mRNA
KLHL11,-0.825249,mRNA
DNAJC17,0.384719,mRNA
BTBD7,-0.351191,mRNA
ATF7IP,-0.125924,mRNA
HMG20A,-0.0718136,mRNA
CCAR1,-0.195358,mRNA
WDR12,-0.00559868,mRNA
WDR41,0.276305,mRNA
IMP3,0.187137,mRNA
CWF19L1,-0.196116,mRNA
TBC1D23,0.0225717,mRNA
ASPN,0.764449,mRNA
TUBA8,-1.50941,mRNA
SCRN3,-0.507175,mRNA
ENY2,-0.233683,mRNA
TMEM184B,0.308493,mRNA
GPR35,-0.152679,mRNA
CLRN1,-0.535633,mRNA
PLD5,-1.51471,mRNA
HSDL2,-0.234293,mRNA
CLEC2D,-0.0780135,mRNA
GNGT2,0.234806,mRNA
RBM14,-0.302993,mRNA
RBM4,-0.14994,mRNA
FPGT,-0.643749,mRNA
DHX33,-0.444711,mRNA
CPT1C,1.90585,mRNA
PPP2R5A,-0.0910326,mRNA
SDCBP2,-0.233212,mRNA
ANGPT1,-0.101601,mRNA
NPL,0.197986,mRNA
PIGO,-0.23857,mRNA
FAM161A,-0.74219,mRNA
SLC16A4,0.695823,mRNA
ALDH7A1,-0.672607,mRNA
CRHR2,2.1152,mRNA
NPR3,-1.23657,mRNA
TNFRSF19,-0.739975,mRNA
CDH16,-2.81727,mRNA
SCNM1,0.334115,mRNA
STEAP4,1.04387,mRNA
GSG1,0.193313,mRNA
ZNF497,-0.171555,mRNA
IRF5,1.17563,mRNA
ZNF195,0.0515229,mRNA
EPDR1,0.0688185,mRNA
APLP2,0.85832,mRNA
LMO3,1.41916,mRNA
GFOD2,-0.609139,mRNA
ZNF124,-0.28546,mRNA
BTF3L4,-0.0133695,mRNA
RAD23B,1.07758,mRNA
TNIP3,-0.505824,mRNA
RCAN3,-0.107344,mRNA
AP4E1,-0.0252663,mRNA
VTCN1,5.9601,mRNA
MED27,0.431506,mRNA
CDC6,0.824055,mRNA
SMARCAD1,-0.248644,mRNA
PIWIL3,0.424021,mRNA
PNPLA8,-0.457576,mRNA
WNT5A,1.01719,mRNA
CHIT1,1.64189,mRNA
TMCO1,-0.340854,mRNA
SLC5A1,2.02233,mRNA
PRMT8,5.60407,mRNA
CHRNB4,1.35707,mRNA
PPFIBP2,-0.24242,mRNA
SLC39A2,0.561402,mRNA
USP39,0.232819,mRNA
PAF1,0.00436558,mRNA
RNF34,0.0984754,mRNA
POLD4,0.32165,mRNA
ITCH,-0.1716,mRNA
ZNF451,-0.386772,mRNA
CDK3,0.201652,mRNA
PGBD5,0.362634,mRNA
CCDC103,-0.441961,mRNA
DCTN2,0.164401,mRNA
TMC5,-1.01508,mRNA
PLEKHG5,1.16463,mRNA
F7,1.4647,mRNA
CD274,0.186944,mRNA
DYDC2,-0.391523,mRNA
XRRA1,0.0114011,mRNA
TRAPPC6A,-0.711898,mRNA
IFIT1,0.435004,mRNA
SESN3,-1.29788,mRNA
GPR176,0.35555,mRNA
TK2,0.403973,mRNA
USP10,0.0484072,mRNA
CHKA,-0.523062,mRNA
ZNF83,0.103199,mRNA
DMC1,-0.0442133,mRNA
MS4A15,6.21892,mRNA
FRS2,-0.460415,mRNA
ZNF518A,-0.633513,mRNA
PCDH1,0.879407,mRNA
IRX4,-0.575198,mRNA
FASTKD1,-0.439818,mRNA
LBX2,2.02748,mRNA
GNA12,-0.0649991,mRNA
ARMC3,-2.27315,mRNA
OPRK1,-2.68486,mRNA
MX1,0.199,mRNA
ARNT,-0.183482,mRNA
TMEM9B,0.0535839,mRNA
RBM4B,-0.349828,mRNA
RERGL,-2.24631,mRNA
DACT2,-0.896459,mRNA
HDDC3,-0.0819742,mRNA
DNAJA3,0.056188,mRNA
MON1B,-0.375499,mRNA
SLC25A30,-0.100833,mRNA
KLF5,0.000417389,mRNA
CDK14,-0.182012,mRNA
KIAA1191,0.106694,mRNA
CAB39L,-0.921008,mRNA
STK32A,2.66089,mRNA
ICA1L,0.36143,mRNA
ZNF286A,-0.446018,mRNA
PDE1B,0.367846,mRNA
PRKCSH,0.216499,mRNA
MICB,0.26712,mRNA
NUMBL,0.233693,mRNA
SCAMP1,0.010583,mRNA
TXLNG,-0.41716,mRNA
SLC35C1,0.489618,mRNA
STK32B,-1.30476,mRNA
FOXJ2,-0.0979903,mRNA
GABRQ,2.19549,mRNA
CYTL1,-0.278127,mRNA
ZC4H2,-0.413263,mRNA
TRIM36,3.11995,mRNA
CTTNBP2NL,0.336719,mRNA
ELMOD1,-1.61595,mRNA
MAML3,0.584979,mRNA
ABCB4,-0.424303,mRNA
PCDHA12,0.070874,mRNA
PCDHA8,0.903161,mRNA
PCDHGA2,0.132347,mRNA
PCDHGA3,0.0458969,mRNA
PCDHGA7,0.379388,mRNA
PCDHGA9,-0.351125,mRNA
PCDHGB1,0.16369,mRNA
PCDHGB2,0.583188,mRNA
PCDHGB3,0.162896,mRNA
PCDHGB5,0.342518,mRNA
PCDHGB6,-0.126208,mRNA
PCDHGC5,2.35273,mRNA
CLN8,0.00229989,mRNA
SASH3,-0.820179,mRNA
MOV10L1,0.440158,mRNA
ANKIB1,-0.42258,mRNA
GNL3L,-0.690195,mRNA
WDR5B,-0.227726,mRNA
DLL4,1.08192,mRNA
ZKSCAN4,-0.159254,mRNA
LRRC8A,0.47822,mRNA
HNRNPH2,-0.157781,mRNA
KCNQ5,-0.613208,mRNA
MYOM1,-0.710796,mRNA
FMN2,-1.6651,mRNA
TUFT1,-0.948358,mRNA
AGPAT4,-1.81949,mRNA
CDC42SE1,0.27226,mRNA
TULP4,-0.0598182,mRNA
CTNNBIP1,-0.0600183,mRNA
ATP13A1,0.185581,mRNA
SALL4,-1.13769,mRNA
GALNT1,-0.0901723,mRNA
CBX8,0.354964,mRNA
ABHD6,-0.318639,mRNA
LRTM1,-0.248111,mRNA
AMIGO1,-0.281404,mRNA
MTUS1,1.13376,mRNA
KIAA1328,-0.613365,mRNA
ANO8,0.443057,mRNA
LTBP3,0.512046,mRNA
NMT1,0.146128,mRNA
SLC15A2,-0.468327,mRNA
SNX6,0.00586132,mRNA
PBOV1,-1.43055,mRNA
CCDC90B,-0.160339,mRNA
ITM2B,-0.0737847,mRNA
SLC26A1,0.0600439,mRNA
NXF3,3.0416,mRNA
PERP,1.63612,mRNA
NPAS3,0.53175,mRNA
AKTIP,-0.0285826,mRNA
C11orf1,-0.388785,mRNA
UCP3,-0.406576,mRNA
DCLRE1B,-0.00774418,mRNA
LPIN3,-0.340816,mRNA
VPS33A,0.27279,mRNA
KRI1,0.0478129,mRNA
VKORC1,0.0451503,mRNA
TMEM38A,-0.383635,mRNA
DCTPP1,-0.258361,mRNA
TNIP2,0.307662,mRNA
CENPO,-0.251251,mRNA
ZNF343,-0.350919,mRNA
LRRC2,-1.17553,mRNA
SNRNP25,-0.29299,mRNA
ROGDI,0.1634,mRNA
ZNF329,-0.243791,mRNA
SNIP1,-0.400704,mRNA
DHRS12,-0.308991,mRNA
TTC21B,-0.498736,mRNA
AGMAT,-0.442496,mRNA
ZNF669,-0.30945,mRNA
DNAJC22,-0.053773,mRNA
ANKRD53,-1.04165,mRNA
VCPIP1,-0.0970676,mRNA
PLEKHO2,-0.685804,mRNA
GKAP1,-0.338037,mRNA
PUS1,0.188306,mRNA
ULBP1,2.42357,mRNA
CYB5B,0.0113504,mRNA
C1orf21,0.448568,mRNA
CDADC1,-1.13508,mRNA
KAZALD1,-0.63206,mRNA
TRIM56,-0.419974,mRNA
RAB1B,0.0826749,mRNA
CABLES2,0.14374,mRNA
SEH1L,0.272392,mRNA
FCRL4,-1.84936,mRNA
NUDT12,-0.0835908,mRNA
IRAK3,-0.272459,mRNA
RAD54L,0.379987,mRNA
IMPDH1,0.674144,mRNA
NOX4,2.74309,mRNA
RGPD3,-0.383366,mRNA
FGFR2,-1.24642,mRNA
CCDC85C,0.180969,mRNA
SLC2A6,-0.0263325,mRNA
VAMP7,-0.0063526,mRNA
TPM4,0.308135,mRNA
ZNF576,-0.00464717,mRNA
MPPED2,-2.34187,mRNA
RASGRP4,0.497771,mRNA
RNF222,-0.279483,mRNA
SCOC,-0.0842547,mRNA
KLF8,0.544386,mRNA
PRR5L,0.421409,mRNA
RNF170,-0.445728,mRNA
DPYD,0.380926,mRNA
SEC14L4,1.6332,mRNA
SAMD4A,1.32967,mRNA
PCYT1B,1.69705,mRNA
RGPD8,-0.100852,mRNA
ASPH,-0.820053,mRNA
GFRA2,-0.692437,mRNA
PROM2,0.385129,mRNA
HMGCS2,-1.49663,mRNA
UTP14A,0.150928,mRNA
ITIH1,-0.111259,mRNA
ITIH4,-0.214709,mRNA
MPP1,-0.35856,mRNA
PCDH11X,-2.75548,mRNA
IQSEC3,1.82045,mRNA
CYB5R3,-0.142838,mRNA
GRAMD1C,0.076737,mRNA
SFTPC,-1.21204,mRNA
LEFTY2,0.776484,mRNA
PNPLA4,-0.534849,mRNA
SHISA6,3.36845,mRNA
ARHGDIB,0.870772,mRNA
HABP2,0.352461,mRNA
KLF11,-0.312425,mRNA
PCSK1,-1.61753,mRNA
VIT,-3.12791,mRNA
PTH1R,-0.1371,mRNA
ZNF674,-0.442245,mRNA
AKR1D1,-1.04909,mRNA
PPIG,-0.354651,mRNA
HOMER2,0.0291407,mRNA
AQP3,-0.377078,mRNA
CD8B,-0.359235,mRNA
HDAC1,0.180894,mRNA
KCNA2,-1.50062,mRNA
KCNC1,-0.00426933,mRNA
PCBP2,-0.128651,mRNA
PGGT1B,-0.438965,mRNA
RGPD5,-0.579965,mRNA
TNFSF18,3.05573,mRNA
OXSR1,-0.232669,mRNA
APLNR,1.31702,mRNA
CEBPB,-0.0302597,mRNA
COL8A2,1.85133,mRNA
NR2F6,0.72069,mRNA
GPM6B,-1.0595,mRNA
NPBWR1,2.45393,mRNA
NPBWR2,1.82119,mRNA
GPR31,-0.88221,mRNA
JUND,-0.898315,mRNA
ROCK1,0.0863408,mRNA
SCARB1,0.280266,mRNA
MLANA,-0.71741,mRNA
ITK,-1.36167,mRNA
LMAN1,-0.105212,mRNA
ZNF239,0.0435447,mRNA
COLQ,0.227191,mRNA
SOX13,-0.0486468,mRNA
FARSB,0.0036069,mRNA
RAD50,-0.149739,mRNA
MPZL2,2.41725,mRNA
STX6,0.214712,mRNA
STAM2,-0.333891,mRNA
ZMPSTE24,-0.175802,mRNA
BET1,-0.150525,mRNA
RGS19,0.329735,mRNA
MAEA,0.128572,mRNA
SLC25A3,0.0923065,mRNA
TSPAN31,0.0178324,mRNA
STK10,-0.00751123,mRNA
TSNAX,-0.0853096,mRNA
UCHL3,-0.375957,mRNA
PPIE,0.169764,mRNA
CAPZA2,0.026937,mRNA
NRGN,1.07403,mRNA
PFKFB2,-1.19721,mRNA
SMC1A,-0.35891,mRNA
C1D,-0.14274,mRNA
ZER1,0.232466,mRNA
NPC2,2.48878,mRNA
MXD4,0.139293,mRNA
ARID3B,-0.357119,mRNA
DYNLT1,-0.224971,mRNA
CPLX1,0.442444,mRNA
SRCAP,-0.00953114,mRNA
CYP46A1,-0.659927,mRNA
TRAFD1,-0.0181104,mRNA
FKTN,-0.245219,mRNA
TNNT3,-1.63508,mRNA
TOMM34,0.812135,mRNA
SLC38A3,0.296148,mRNA
LILRA2,0.681946,mRNA
PIM2,-0.0706224,mRNA
HOXC9,1.34554,mRNA
ST3GAL2,-0.0373016,mRNA
SLC5A3,-0.185364,mRNA
SOX12,0.346955,mRNA
TRIOBP,0.102781,mRNA
RER1,0.0637423,mRNA
DNAJB4,-1.49036,mRNA
ZNF90,0.515497,mRNA
SEC63,-0.153947,mRNA
SCRG1,-0.86797,mRNA
OGFR,0.173132,mRNA
CASC3,-0.313978,mRNA
TARDBP,-0.243784,mRNA
BACE2,0.308914,mRNA
CHIC2,-0.222082,mRNA
FKBP8,0.37694,mRNA
ZNF212,-0.0879364,mRNA
KIN,-0.250844,mRNA
LSM5,-0.304451,mRNA
TIMM13,-0.0141255,mRNA
TINF2,-0.143923,mRNA
PRELID1,0.169687,mRNA
N6AMT1,-0.302306,mRNA
SGK3,0.712993,mRNA
CNOT7,-0.235953,mRNA
NCKAP1,0.143539,mRNA
MKRN1,0.0344071,mRNA
LIG3,-0.200217,mRNA
REM1,0.29825,mRNA
PSORS1C2,1.41117,mRNA
GTPBP8,0.0681695,mRNA
MRPL22,0.0860564,mRNA
EMP2,1.04491,mRNA
FAT2,1.91067,mRNA
FHL2,-1.36955,mRNA
FOXO3,-0.404328,mRNA
TADA2A,-0.499247,mRNA
CXCR2,0.361805,mRNA
IL10RA,-0.281585,mRNA
TNFRSF9,-0.580716,mRNA
ARF5,0.355653,mRNA
BCL6,-0.53038,mRNA
BMP6,0.386373,mRNA
BRS3,0.097914,mRNA
CRABP2,2.26638,mRNA
CSNK1D,0.17852,mRNA
CST4,1.22744,mRNA
CFD,-2.31827,mRNA
E2F4,0.0507935,mRNA
EPHX2,-0.295391,mRNA
EZH1,0.179351,mRNA
FRK,-0.401557,mRNA
GLRX,0.405113,mRNA
GML,-1.87349,mRNA
GNAI1,-0.897948,mRNA
GNAI2,0.436291,mRNA
GRB2,0.071063,mRNA
HOXB5,0.946211,mRNA
IFNA5,-1.52251,mRNA
IL17A,-0.976254,mRNA
INSL4,0.333294,mRNA
ITGAL,-0.85311,mRNA
CD82,0.131787,mRNA
KCNJ3,3.06229,mRNA
KCNN1,1.40021,mRNA
KRT35,-1.42852,mRNA
LEPR,-0.498202,mRNA
LIFR,-2.04675,mRNA
MEIS1,-1.03724,mRNA
MMP7,4.09313,mRNA
MMP15,-0.39299,mRNA
NDUFA4,0.163167,mRNA
NKX2-2,-1.24984,mRNA
OAS1,0.537623,mRNA
P2RX4,0.362944,mRNA
PCDHGC3,0.953404,mRNA
PCK1,-0.982372,mRNA
PFDN1,0.327653,mRNA
PLGLB2,-0.43646,mRNA
POLR2E,0.167789,mRNA
MAPK1,0.296757,mRNA
MAPK13,0.966898,mRNA
PSMD7,-0.0483245,mRNA
PTBP1,0.0143212,mRNA
PTPN11,-0.139739,mRNA
RFC2,0.234137,mRNA
RFNG,0.20994,mRNA
RGR,-1.59564,mRNA
SDC4,2.4018,mRNA
SLAMF1,-1.05064,mRNA
SLC6A1,3.14871,mRNA
SNRPG,0.0164151,mRNA
SORL1,-0.466291,mRNA
SP3,-0.447185,mRNA
TRIM21,0.116175,mRNA
STAT5A,0.267165,mRNA
SUPT5H,0.20549,mRNA
TNNI1,1.13967,mRNA
CNBP,-0.000942967,mRNA
ZNF37A,-0.655956,mRNA
DOC2A,0.467395,mRNA
BLZF1,-0.33597,mRNA
KMO,-0.0950455,mRNA
PLA2G4C,-0.29465,mRNA
UNC5C,-0.269694,mRNA
PCDHGB4,0.511924,mRNA
CDS2,-0.159748,mRNA
ST3GAL5,1.45667,mRNA
SOCS3,-0.690965,mRNA
SEMA5A,0.607006,mRNA
KITLG,-0.190049,mRNA
EMX1,0.493732,mRNA
HNF4G,0.735981,mRNA
NINJ1,0.859878,mRNA
PSMB8,0.59619,mRNA
TNFRSF18,0.755041,mRNA
ZNF213,0.53234,mRNA
BIN1,-0.59137,mRNA
ARHGAP1,0.401956,mRNA
CCNG2,-0.0307986,mRNA
COPA,-0.0749336,mRNA
CYP8B1,-1.8224,mRNA
DAP,0.305461,mRNA
HSF2,-0.275547,mRNA
PFKFB4,0.338119,mRNA
RAD9A,-0.0811347,mRNA
TTC4,-0.00991752,mRNA
LRAT,-0.470352,mRNA
GPR37L1,-0.833946,mRNA
CD59,0.562582,mRNA
TMEM81,0.447368,mRNA
AP3M1,-0.202636,mRNA
RNF216,-0.0251141,mRNA
C2CD4A,4.77633,mRNA
NIPAL1,-0.587646,mRNA
CYP4V2,-0.1127,mRNA
RNF207,0.142402,mRNA
CD164L2,3.5047,mRNA
PATE2,-1.14126,mRNA
HES4,1.3765,mRNA
RAB19,-0.43044,mRNA
MYL4,0.730777,mRNA
SLC14A1,-0.463732,mRNA
GRIN1,2.43066,mRNA
LGMN,-0.78082,mRNA
FCHSD1,0.359294,mRNA
ITGB7,0.818094,mRNA
HSF1,0.306906,mRNA
PAFAH2,-0.0319814,mRNA
PBX3,1.13246,mRNA
SYT15,-0.579337,mRNA
NOL10,-0.0245245,mRNA
AP1S3,-0.933752,mRNA
IL1R2,0.743437,mRNA
UGT3A1,2.16595,mRNA
SLC5A12,1.63863,mRNA
LPCAT2,-0.544136,mRNA
CDH19,-1.70614,mRNA
MSH2,-0.0221685,mRNA
CAPN13,-0.527671,mRNA
CSMD1,3.63305,mRNA
CAPN8,3.70682,mRNA
B4GALT2,0.410881,mRNA
TXNDC9,0.156814,mRNA
SEMA4C,1.0628,mRNA
PDE6A,1.53929,mRNA
PRSS16,-0.717337,mRNA
TAF8,-0.380178,mRNA
GRM1,-1.06218,mRNA
TTBK1,0.898515,mRNA
LRP11,0.518631,mRNA
TTC14,-0.35712,mRNA
DBNDD1,0.726631,mRNA
SLA,-0.580581,mRNA
TBXA2R,0.896348,mRNA
ACSS2,-0.0551074,mRNA
TAC4,-0.573582,mRNA
RASSF10,-0.309967,mRNA
CCDC150,-0.0168679,mRNA
KIR2DL4,-0.207135,mRNA
TMEM120B,-0.583607,mRNA
PRF1,-0.527242,mRNA
ZNF655,-0.241599,mRNA
PSAPL1,2.77461,mRNA
FOXD4L6,-0.695916,mRNA
AAMP,-0.115768,mRNA
KNCN,0.472437,mRNA
HRH1,2.65677,mRNA
RAPGEF3,0.669788,mRNA
TOX2,0.128054,mRNA
COMMD7,0.0437369,mRNA
WDR83,-0.0645639,mRNA
C7orf25,-0.0947162,mRNA
GABRR3,-1.83031,mRNA
ADAM10,-0.411821,mRNA
TSTD1,0.496764,mRNA
CD300LD,-0.530523,mRNA
SLC7A7,0.0789927,mRNA
MRO,-2.52465,mRNA
FAM189A2,-0.891342,mRNA
SYCE1L,1.36492,mRNA
KIFC3,0.198965,mRNA
ZDHHC4,-0.13412,mRNA
SAMD13,-0.266657,mRNA
HYLS1,0.00917065,mRNA
GIT2,-0.166758,mRNA
AKR1C2,-1.52082,mRNA
C11orf68,0.228097,mRNA
ATXN7L3B,-0.403357,mRNA
DUSP19,-0.769409,mRNA
NIF3L1,-0.0270442,mRNA
SESN2,0.79188,mRNA
NRIP2,-0.449817,mRNA
MARVELD1,0.416648,mRNA
PCDHA6,1.98672,mRNA
PCDHA10,-0.0279535,mRNA
KCNA7,0.596205,mRNA
C1QTNF2,-0.995993,mRNA
KRTAP3-1,-1.02129,mRNA
NDRG3,0.223986,mRNA
RASSF4,-0.0426765,mRNA
PCDHGA8,0.675507,mRNA
PCDHGA11,0.986628,mRNA
PCGF6,-0.0237699,mRNA
PHAX,-0.282386,mRNA
RNASEH2C,0.0927628,mRNA
MRI1,-0.415232,mRNA
SLC37A3,-0.128512,mRNA
FBXW9,0.226441,mRNA
MXRA8,2.44249,mRNA
BRSK1,2.1033,mRNA
MAK16,-0.0563564,mRNA
GLIS2,0.30198,mRNA
CARD6,0.212969,mRNA
FUT10,-0.437739,mRNA
ZNF607,-0.26981,mRNA
RAX2,-0.653455,mRNA
ZDHHC12,0.188826,mRNA
SPPL2A,-0.153519,mRNA
RELT,0.588287,mRNA
ZNF658,-0.797701,mRNA
CAMK2N2,3.56578,mRNA
MRPS36,0.0600252,mRNA
B3GNT9,-0.175645,mRNA
ITPRIP,0.169627,mRNA
LIMS3,1.26699,mRNA
ARHGAP18,0.769007,mRNA
RCCD1,-0.301541,mRNA
CARD14,0.5756,mRNA
MARVELD3,0.477813,mRNA
RFT1,-0.18928,mRNA
NACC1,0.71244,mRNA
PFN2,-0.323251,mRNA
THEM4,-0.072031,mRNA
DCD,-1.21797,mRNA
GPR101,-0.138164,mRNA
MSL3,0.0194454,mRNA
SLC32A1,-4.21043,mRNA
SPSB3,0.156664,mRNA
RLN3,-0.3033,mRNA
UNC5A,-1.6475,mRNA
ZNF526,-0.0749931,mRNA
ZFP82,-0.419644,mRNA
MED22,-0.219665,mRNA
CYGB,0.101397,mRNA
PCSK6,-1.39315,mRNA
TTC5,-0.444256,mRNA
MTG1,0.0152764,mRNA
CHADL,-0.195465,mRNA
GAMT,0.298855,mRNA
LIPH,5.91845,mRNA
TEX261,-0.468542,mRNA
CYB5D1,-0.796003,mRNA
GABPB2,-0.580573,mRNA
CCDC13,-0.996898,mRNA
CTU1,0.177858,mRNA
NUDCD2,-0.0404885,mRNA
RTKN2,0.219951,mRNA
ZNF511,-0.0867542,mRNA
CACNG5,-1.03264,mRNA
ITSN2,-0.288324,mRNA
SMC1B,0.443085,mRNA
SYT11,0.662904,mRNA
ZFP62,-0.61955,mRNA
ZNF285,-0.381501,mRNA
ZNF572,-0.424724,mRNA
HGSNAT,0.301668,mRNA
FGFBP3,-0.801274,mRNA
PRAMEF13,-0.309808,mRNA
CCL4L2,-1.14245,mRNA
MAPK4,-2.93804,mRNA
MYCN,-1.1097,mRNA
CLEC1A,0.0819844,mRNA
KIAA0513,-0.232614,mRNA
TMEM53,0.515704,mRNA
KRT78,1.71898,mRNA
ZNF500,-0.118855,mRNA
CD226,-0.980114,mRNA
ARMC7,-0.100177,mRNA
RAPGEF1,-0.122912,mRNA
SLC22A11,-0.562873,mRNA
TNFAIP8L3,-1.28161,mRNA
PLCB3,0.452291,mRNA
ZBTB45,0.179122,mRNA
ATAD3B,-0.0542924,mRNA
FRMPD2,1.74337,mRNA
HSCB,0.0926371,mRNA
DHRS2,1.62287,mRNA
RPE,0.0540983,mRNA
MAGOHB,-0.0726703,mRNA
NMNAT3,-1.30308,mRNA
MKS1,-0.277808,mRNA
ZNF667,-0.0936151,mRNA
ADA,-0.0835323,mRNA
DIS3,-0.145924,mRNA
RPUSD1,0.304751,mRNA
INTS3,-0.296745,mRNA
STK16,0.037633,mRNA
GALT,-0.030595,mRNA
GSS,0.58533,mRNA
LIPA,0.297593,mRNA
SLC2A2,0.724755,mRNA
SRD5A2,1.53494,mRNA
STAR,-0.587205,mRNA
PHEX,1.78924,mRNA
PON1,-0.679591,mRNA
SLC5A5,-2.34789,mRNA
AMT,-0.0294377,mRNA
RHO,-0.0812804,mRNA
WRN,-0.428916,mRNA
CD53,-0.611815,mRNA
SLC11A1,0.573785,mRNA
C7,-1.45826,mRNA
IGFBP3,1.71683,mRNA
CNTF,-0.215168,mRNA
CHRNA5,0.496256,mRNA
CHRNB2,-0.686019,mRNA
CYP1A2,-0.725231,mRNA
CYP27B1,-0.614483,mRNA
IL1R1,-0.260138,mRNA
KCNJ5,0.493633,mRNA
OPRD1,0.0204745,mRNA
RPL7,-0.18477,mRNA
RPL23,0.174477,mRNA
RPL23A,0.0596438,mRNA
RPL29,0.255898,mRNA
BLOC1S2,0.501899,mRNA
CCL3L3,-1.41884,mRNA
PIM3,-0.234118,mRNA
VCX3B,-0.634301,mRNA
OR2T11,-1.51971,mRNA
HMGXB4,-0.0177939,mRNA
MED15,0.502543,mRNA
OGDH,-0.441469,mRNA
ZNF813,-0.568445,mRNA
LEKR1,-0.814671,mRNA
MAP1LC3C,-1.49532,mRNA
SLC30A2,1.31532,mRNA
ITGA11,1.19857,mRNA
OR1L8,-0.562855,mRNA
OR2AG1,1.92151,mRNA
OR1I1,1.86803,mRNA
OR5AN1,4.32395,mRNA
OR51M1,0.387618,mRNA
OR52E4,-0.187782,mRNA
OR8A1,1.27506,mRNA
TRIM37,-0.375999,mRNA
OR2J3,0.672837,mRNA
OR2A7,-0.60877,mRNA
ZNF780B,-0.397966,mRNA
RPS6KA4,0.506893,mRNA
OPTN,0.398549,mRNA
TCHHL1,2.86628,mRNA
CST9,-0.421469,mRNA
TCP1,-0.0872679,mRNA
SMPDL3B,0.806354,mRNA
FAM83B,-0.883445,mRNA
SLC6A17,0.425264,mRNA
ARGFX,-1.03938,mRNA
ADAL,-0.65961,mRNA
RNASE10,2.84142,mRNA
RPS9,0.35862,mRNA
OR2G6,1.72238,mRNA
DGKK,0.539582,mRNA
EXOC7,0.133238,mRNA
NCDN,0.558105,mRNA
RPS11,0.0549566,mRNA
RTKN,0.751291,mRNA
ALDH18A1,-0.252099,mRNA
FBLIM1,0.12877,mRNA
LIN52,-0.275231,mRNA
RPS23,-0.000805265,mRNA
CHI3L2,0.678631,mRNA
REP15,-0.0116364,mRNA
SMAGP,0.981433,mRNA
GPR155,-1.05658,mRNA
SRGAP3,0.429775,mRNA
FOXK1,0.00655387,mRNA
GOLGA6A,-1.34151,mRNA
MRGPRE,1.05176,mRNA
CHTF8,-0.362109,mRNA
OLAH,3.86543,mRNA
EML6,-1.43585,mRNA
TMEM232,-1.45797,mRNA
SGSM1,0.0197933,mRNA
LINS1,-0.221689,mRNA
HEY1,0.812317,mRNA
FRMD6,-0.0843337,mRNA
SCN4B,-0.631439,mRNA
RIF1,-0.849253,mRNA
HES2,3.19031,mRNA
EPB41L4B,-0.902659,mRNA
ZIC4,2.04891,mRNA
HEY2,2.12124,mRNA
FOXF2,-0.241155,mRNA
RALB,0.317536,mRNA
TRDMT1,-0.540384,mRNA
ZNF99,0.165096,mRNA
LDB1,0.311527,mRNA
OR4N2,-0.137186,mRNA
UQCR10,-0.133647,mRNA
FBXO10,-0.162685,mRNA
TADA3,0.315434,mRNA
DOK1,0.243021,mRNA
ZXDB,-0.595149,mRNA
PREB,-0.203356,mRNA
DENND4C,-0.11338,mRNA
FLRT2,-1.38635,mRNA
HECW2,0.364753,mRNA
RHOBTB1,0.103873,mRNA
TRIM2,-0.674317,mRNA
IKZF4,0.535122,mRNA
ODF2,0.0419762,mRNA
VEZT,-0.205241,mRNA
ZNF536,-1.77447,mRNA
PUM2,-0.302673,mRNA
OVCH1,0.870633,mRNA
CELF4,3.24523,mRNA
MME,0.569308,mRNA
HTR3B,-1.27711,mRNA
CEP57,-0.405901,mRNA
GGA1,0.125973,mRNA
ANKRD54,-0.0877403,mRNA
CANX,-0.557679,mRNA
ESRP2,0.0489479,mRNA
LARS2,-0.182697,mRNA
EMB,0.550031,mRNA
EPHA10,4.30834,mRNA
CAMSAP1,0.367819,mRNA
FBXW2,-0.179374,mRNA
YPEL4,2.39342,mRNA
POMT2,-0.301964,mRNA
ITPK1,0.587226,mRNA
BAHD1,0.29923,mRNA
LTK,1.15421,mRNA
CLN6,0.122067,mRNA
BBS2,0.149836,mRNA
SMPD4,-0.160793,mRNA
FAM161B,-0.431854,mRNA
MOSPD2,-0.503457,mRNA
SLC25A16,0.0942672,mRNA
DOK6,-1.39904,mRNA
HIF3A,-1.3793,mRNA
FNDC5,0.183592,mRNA
NMNAT2,0.431399,mRNA
IL15RA,0.442933,mRNA
FBXO16,-0.404729,mRNA
ZDHHC23,-0.619195,mRNA
GXYLT1,0.125637,mRNA
P2RX5,-1.73684,mRNA
NHLRC4,1.22872,mRNA
P2RY6,1.76139,mRNA
C1QTNF9,-0.824533,mRNA
TBC1D26,0.588189,mRNA
NLGN4X,0.358013,mRNA
DCDC1,-1.79657,mRNA
PKLR,0.480557,mRNA
ANKRD42,-0.224413,mRNA
CLEC10A,-0.512186,mRNA
BCKDHB,-0.476608,mRNA
RBPMS2,-0.396921,mRNA
ZNF211,-0.282829,mRNA
ZNF114,0.237554,mRNA
CPVL,-0.0200891,mRNA
GABRB2,7.21268,mRNA
C10orf67,1.61248,mRNA
IKZF5,-0.491447,mRNA
LRIG1,-1.48486,mRNA
CHRM2,-1.39306,mRNA
DPH1,0.0531754,mRNA
SLITRK5,-2.91361,mRNA
AMZ1,-0.195975,mRNA
DPYSL2,0.175109,mRNA
ALDH3B2,4.11916,mRNA
RGS3,0.72182,mRNA
SSBP3,-0.38221,mRNA
STON2,-0.577164,mRNA
KRBA1,0.223076,mRNA
TMEM200C,1.0625,mRNA
CNPY2,0.224173,mRNA
SYCP2,-0.81479,mRNA
HEBP2,0.313482,mRNA
CORO1C,0.75321,mRNA
TSPAN13,0.655486,mRNA
KIAA0319,1.4624,mRNA
PPM1E,0.295245,mRNA
SPAST,0.236406,mRNA
SARM1,-0.411159,mRNA
METAP1,-0.116464,mRNA
TBC1D12,0.203293,mRNA
ADCY6,0.0617482,mRNA
TECPR1,0.0656509,mRNA
C2CD2,-0.240627,mRNA
RSL1D1,0.095718,mRNA
TRIM33,-0.175143,mRNA
NSDHL,-0.0231274,mRNA
KLF13,-0.604628,mRNA
CYB5R1,-0.190627,mRNA
ZCCHC10,-0.285944,mRNA
GDAP2,0.0165438,mRNA
ZNF407,-0.332269,mRNA
COMMD8,-0.523892,mRNA
PHIP,-0.134217,mRNA
PACS1,0.193792,mRNA
N4BP2,-1.28207,mRNA
VPS35,0.043811,mRNA
MEF2C,-0.430818,mRNA
MEFV,0.00856404,mRNA
PDCD2,-0.0474877,mRNA
CAV3,-0.7974,mRNA
TIGD6,0.0166615,mRNA
HYI,0.394498,mRNA
GPAM,-0.454208,mRNA
C4A,0.673887,mRNA
DPYSL5,5.06113,mRNA
PTK6,0.837969,mRNA
ZNF501,-0.143263,mRNA
CDK15,0.177535,mRNA
HOMER1,-0.540647,mRNA
MCRS1,-0.0645152,mRNA
LCTL,0.533731,mRNA
GAB3,0.0195095,mRNA
PGRMC1,0.0328631,mRNA
MRS2,-0.42576,mRNA
PARP11,-0.443084,mRNA
SLC44A1,0.0409327,mRNA
GRID2,-1.33381,mRNA
RALYL,-1.4424,mRNA
FDFT1,-0.418503,mRNA
DAPK1,-0.616138,mRNA
CEP70,-0.322365,mRNA
ZNF717,-0.769262,mRNA
ECHDC1,0.0869533,mRNA
PCDHB7,-0.709771,mRNA
RBM47,-0.45503,mRNA
MRPL50,-0.104902,mRNA
ZC3HAV1,-0.239215,mRNA
BDH2,0.105003,mRNA
EIF5A2,-0.755796,mRNA
PCBP4,0.507261,mRNA
PIGA,-0.37425,mRNA
JPH3,2.14179,mRNA
AICDA,-2.67238,mRNA
KCNS2,-0.3805,mRNA
LRRC47,-0.0358623,mRNA
SYT13,0.187562,mRNA
FNIP2,-0.461266,mRNA
NCOA5,-0.334927,mRNA
C6orf47,0.0699231,mRNA
GPBP1L1,0.0379753,mRNA
CUZD1,0.51396,mRNA
NECAB1,-1.79679,mRNA
RMND5A,0.0808698,mRNA
CTBP2,0.0583376,mRNA
PORCN,0.654326,mRNA
MYH11,-1.32836,mRNA
LRRC19,0.140992,mRNA
HAPLN4,1.3268,mRNA
UPF3B,-0.426692,mRNA
PRRG4,0.408438,mRNA
CHST5,-0.0610382,mRNA
NAA35,-0.265281,mRNA
ZNF419,-0.0214309,mRNA
MORN1,-0.556982,mRNA
PLXNA2,0.360662,mRNA
SLC25A21,0.0119556,mRNA
ANKRD13C,-0.238658,mRNA
SCRT1,-0.523739,mRNA
CHRDL1,-2.93401,mRNA
GOLGA6L6,1.46942,mRNA
UBE2QL1,2.50339,mRNA
ZBTB8B,1.54427,mRNA
RREB1,-0.505603,mRNA
C3orf18,-0.502735,mRNA
RAB3GAP1,-0.0722507,mRNA
RRAS2,-0.375329,mRNA
CLDN7,0.730355,mRNA
CYP7B1,-1.66015,mRNA
PDE1C,1.8661,mRNA
ADAMTS4,-0.0827746,mRNA
MED13,0.897937,mRNA
DLX6,1.88047,mRNA
GLI2,-0.240354,mRNA
ABCA1,0.656049,mRNA
KIF20A,0.979351,mRNA
APBB3,0.141261,mRNA
SEMA3A,0.131647,mRNA
NFE2,-0.201273,mRNA
NFRKB,-0.463623,mRNA
PRKG1,-1.58372,mRNA
ARPC1A,0.148123,mRNA
POLH,0.190888,mRNA
KRT38,2.26518,mRNA
RAB31,0.18198,mRNA
GABARAP,0.215233,mRNA
KLRD1,-0.832264,mRNA
AP2A2,0.0185317,mRNA
OR2A5,-1.66086,mRNA
PFAS,-0.0337816,mRNA
SEC22A,-0.0747882,mRNA
ESR2,-1.00985,mRNA
GFRA3,-1.58175,mRNA
ID4,-1.40187,mRNA
ARL4D,-0.964487,mRNA
CD8A,-0.917245,mRNA
GPX2,0.149636,mRNA
HNRNPK,-0.0968783,mRNA
HOXA4,-0.319253,mRNA
ADAM11,0.736303,mRNA
OPCML,4.89757,mRNA
SLC6A6,0.734082,mRNA
TCEA3,0.14813,mRNA
TCF12,-0.241119,mRNA
TLR4,-0.144651,mRNA
ZNF267,-0.209068,mRNA
TPST2,-0.520161,mRNA
NUMB,-0.274731,mRNA
SNX3,-0.0921946,mRNA
SUCLA2,-0.466533,mRNA
SOCS2,-0.412586,mRNA
DUSP3,-0.0894085,mRNA
SLC28A2,-1.01122,mRNA
DUSP8,0.23297,mRNA
GCNT3,-0.211368,mRNA
SNAP29,0.0283485,mRNA
FREM2,-1.06504,mRNA
ZNF324B,-0.123551,mRNA
MYO10,-0.743222,mRNA
AP3B1,-0.198866,mRNA
ZNF181,-0.685372,mRNA
GUK1,0.349672,mRNA
MSL2,-0.314509,mRNA
DCAKD,0.243387,mRNA
PLD4,0.214457,mRNA
TMEM8B,-0.451455,mRNA
CNGA3,2.15279,mRNA
WTIP,1.3216,mRNA
FITM2,-0.379208,mRNA
C1orf226,1.80281,mRNA
C2orf80,4.25424,mRNA
TP63,2.61963,mRNA
FCGR3A,0.862237,mRNA
C15orf62,0.959795,mRNA
FAM86B2,-0.74076,mRNA
ZC3H10,-0.181693,mRNA
SYAP1,-0.135293,mRNA
ADAM19,-0.373571,mRNA
ASS1,0.36114,mRNA
EDARADD,-1.36571,mRNA
CNTNAP5,1.1532,mRNA
PAQR8,-0.364734,mRNA
PLCD3,3.42584,mRNA
GRIN3A,-0.735426,mRNA
DCN,-1.89529,mRNA
PAM,0.931449,mRNA
MTFMT,-0.0302522,mRNA
EHD4,0.207733,mRNA
TBC1D20,-0.0168055,mRNA
ZNF25,-0.429029,mRNA
ATOH7,1.39475,mRNA
MRPL10,0.184666,mRNA
PDCD4,-0.080949,mRNA
SLC5A8,-2.29277,mRNA
FBXO22,0.302169,mRNA
LONRF1,-0.608371,mRNA
PDZRN3,0.228501,mRNA
ATG9B,1.06849,mRNA
HTR1F,1.40677,mRNA
DHRS7B,0.111974,mRNA
COL4A4,-0.513165,mRNA
ICAM1,2.0074,mRNA
JAG1,0.309592,mRNA
XPA,-0.496413,mRNA
CFTR,2.83208,mRNA
GRIN2B,0.036552,mRNA
IGF2R,0.772648,mRNA
GOLGA6L1,0.851382,mRNA
OR2A14,-0.25914,mRNA
ZNF280D,-0.379575,mRNA
GPR179,-0.365876,mRNA
OR2L3,-1.08346,mRNA
C12orf29,-0.32359,mRNA
PIK3R6,0.818346,mRNA
C2orf68,0.0451989,mRNA
C3orf70,0.548103,mRNA
RPGR,-0.655821,mRNA
JARID2,-0.0772185,mRNA
UBE2E1,0.14032,mRNA
SKIL,-0.0413904,mRNA
SEMA3G,0.176192,mRNA
EPB41L2,-0.889885,mRNA
GIMAP4,-0.18472,mRNA
PRDM10,-0.220538,mRNA
HYOU1,-0.907924,mRNA
STAT5B,0.0226505,mRNA
ZNF569,-0.602758,mRNA
SNX14,0.204489,mRNA
MYOCD,0.153531,mRNA
RAB11FIP2,-0.573631,mRNA
VASH1,0.803655,mRNA
SOSTDC1,-1.62084,mRNA
SHC3,2.13355,mRNA
HOXC10,2.27795,mRNA
ARHGEF38,1.07335,mRNA
GNG2,-0.434114,mRNA
SLC39A9,-0.314222,mRNA
EDIL3,1.65894,mRNA
GLS2,1.93349,mRNA
XRN1,-0.324574,mRNA
RBMXL1,-0.653361,mRNA
NMUR2,-0.914101,mRNA
PDRG1,-0.0178969,mRNA
CLOCK,-0.535541,mRNA
CLDN16,4.97984,mRNA
FZD10,0.0772918,mRNA
NUFIP1,-0.192704,mRNA
ATP1B1,-0.193367,mRNA
GNAZ,0.718436,mRNA
PAWR,-0.0911747,mRNA
CETN3,-0.239708,mRNA
RNF213,0.0733905,mRNA
GRSF1,0.131646,mRNA
TMC6,2.10364,mRNA
FAM76B,-0.41886,mRNA
KCTD10,-0.370172,mRNA
ZNF326,-0.298128,mRNA
DCAF12L2,0.425606,mRNA
SENP7,-0.347176,mRNA
SLC35D2,-0.620701,mRNA
COL11A1,6.19648,mRNA
GDAP1L1,0.111281,mRNA
EIF4E,-0.237559,mRNA
RHBDD2,0.797519,mRNA
ZNF215,0.290503,mRNA
CSPP1,-0.718825,mRNA
ASAH1,-0.633869,mRNA
CACNA2D1,-1.497,mRNA
BTNL9,0.301609,mRNA
RTP1,-0.452216,mRNA
TJP1,0.0993133,mRNA
HECTD2,-0.0197286,mRNA
SERPINB8,0.383636,mRNA
SV2A,1.16,mRNA
GABPB1,-0.0230225,mRNA
TRPM7,-0.522954,mRNA
DIS3L2,-0.111432,mRNA
SLC16A7,-1.11285,mRNA
ZNF281,-0.523443,mRNA
PINX1,-0.295889,mRNA
TOMM40L,0.22676,mRNA
SUMO3,-0.0852037,mRNA
C3orf14,-0.197492,mRNA
RIMKLB,-0.549892,mRNA
STIM2,0.213915,mRNA
NCAPG,-0.152231,mRNA
MYBL1,-0.928574,mRNA
NXPH2,-0.0637155,mRNA
FZD7,-0.251773,mRNA
FLOT2,0.429459,mRNA
TMED8,-0.384087,mRNA
ZNF517,-0.0350061,mRNA
GPD2,0.238858,mRNA
TDRKH,0.514554,mRNA
SLITRK6,1.48301,mRNA
DCAF4L2,0.444691,mRNA
ZSCAN23,-0.888905,mRNA
EFEMP1,-1.73831,mRNA
PRTFDC1,-0.367934,mRNA
WIPF1,-0.233892,mRNA
CDK13,-0.287058,mRNA
KLHL24,-0.332367,mRNA
PCMT1,0.0693745,mRNA
MRPS35,-0.0993015,mRNA
SEMA5B,0.831907,mRNA
TSPAN5,-1.36852,mRNA
CCDC89,-0.459139,mRNA
ZBTB9,-0.258258,mRNA
VKORC1L1,0.107411,mRNA
PKIB,0.946927,mRNA
PTOV1,0.236764,mRNA
C2CD2L,0.343937,mRNA
FRYL,-0.265415,mRNA
CSTF2T,-0.252969,mRNA
DCAF12,-0.26898,mRNA
POLR1A,-0.0766212,mRNA
UPF2,-0.456883,mRNA
RRP15,-0.249289,mRNA
ZDHHC2,0.0221993,mRNA
RNF141,-0.245739,mRNA
FAM120C,0.146747,mRNA
HAUS2,-0.0400137,mRNA
LGI2,-0.610303,mRNA
TMEM40,4.67537,mRNA
PLEKHA8,-0.118724,mRNA
BMPR2,0.153129,mRNA
BRF1,-0.0441291,mRNA
DEF8,0.438018,mRNA
CACNA1B,-1.51422,mRNA
MPDZ,-0.149574,mRNA
RAP2C,0.22122,mRNA
ACTR3,-0.0309512,mRNA
YTHDF3,-0.233344,mRNA
EHD1,-0.0440852,mRNA
MYNN,-0.52229,mRNA
SLC38A2,-0.362031,mRNA
CRTAM,-1.00681,mRNA
TM9SF3,-0.0954282,mRNA
ASCC3,0.734289,mRNA
PDYN,2.26661,mRNA
MAP7D3,-0.778188,mRNA
TTC39A,1.13518,mRNA
NELL2,2.73358,mRNA
FAM200B,-0.303298,mRNA
LSS,-0.255038,mRNA
EDNRA,0.762267,mRNA
NOX5,2.68616,mRNA
NR1D2,-0.189782,mRNA
DLL1,0.578317,mRNA
SLCO2A1,-0.0248066,mRNA
DYNLT3,-0.0402419,mRNA
TSPAN17,0.435916,mRNA
DUOX2,0.473549,mRNA
AMPH,-0.315373,mRNA
DST,0.233594,mRNA
LY75,-0.254328,mRNA
TNFSF4,1.10498,mRNA
TMEM187,0.0973342,mRNA
FEN1,0.273593,mRNA
HSPA9,-0.0818867,mRNA
ARMC10,0.116884,mRNA
ATG2A,0.230709,mRNA
FLYWCH1,-0.134657,mRNA
SLC35B4,-0.0183343,mRNA
TIFA,-0.712179,mRNA
SPSB4,-0.226117,mRNA
KIAA2013,0.801177,mRNA
TMEM170A,-0.194876,mRNA
UCMA,-1.37364,mRNA
ZNF396,-0.824933,mRNA
SHOX,-0.671996,mRNA
KPRP,0.617206,mRNA
OR52N5,-1.79104,mRNA
ARHGAP5,-0.227572,mRNA
MAGEB18,0.211983,mRNA
DHRS9,0.773232,mRNA
RNF115,0.071721,mRNA
DNTTIP2,-0.22274,mRNA
SEC14L5,-0.811255,mRNA
GEMIN8,-0.232996,mRNA
RPRD1A,0.541115,mRNA
HSD17B4,-0.508696,mRNA
RNF145,0.421638,mRNA
SET,0.0961398,mRNA
PRMT5,-0.410043,mRNA
MPI,-0.100528,mRNA
GNB4,0.324158,mRNA
NKAP,-0.0189792,mRNA
SETD7,0.20409,mRNA
CTF1,0.347492,mRNA
SYK,-0.575733,mRNA
MICA,0.013099,mRNA
HSPA5,-0.647667,mRNA
NEFM,0.254624,mRNA
LGALS8,0.213204,mRNA
REG1B,3.52974,mRNA
WASF3,-1.4852,mRNA
DIAPH2,0.0602063,mRNA
PFDN4,0.106585,mRNA
PSMD4,0.312744,mRNA
SLC16A12,-0.550134,mRNA
EXOSC2,-0.208119,mRNA
MMS19,0.522074,mRNA
RBP1,0.319894,mRNA
INPP5B,0.194905,mRNA
PRICKLE3,0.193468,mRNA
GRK6,-0.0296449,mRNA
NUP62CL,-1.1209,mRNA
GIMAP6,-0.21733,mRNA
JPH2,0.404029,mRNA
DSC1,-1.09222,mRNA
ACSF2,-0.783603,mRNA
TCF20,-0.162284,mRNA
ERAL1,0.0596045,mRNA
TRAPPC9,-0.0412332,mRNA
COL1A1,2.69015,mRNA
KCNQ1,-0.791413,mRNA
WWP2,-0.00666237,mRNA
USP17L2,-1.18992,mRNA
ZNF84,-0.199069,mRNA
LYRM2,-0.324124,mRNA
FBXL2,-0.335977,mRNA
HAPLN1,3.92562,mRNA
SLC7A6OS,-0.310671,mRNA
ROM1,0.943135,mRNA
TEAD3,0.619599,mRNA
NLGN1,-2.24625,mRNA
EVX1,0.998695,mRNA
KDR,0.247297,mRNA
GALNT2,0.237909,mRNA
TNS4,-0.0217293,mRNA
PKD2,-0.414374,mRNA
FAM163B,0.347635,mRNA
LBH,0.161832,mRNA
APOM,-0.560688,mRNA
DDX25,-2.30328,mRNA
FAM118B,0.231974,mRNA
TTYH2,-0.892677,mRNA
CD300A,0.17325,mRNA
SLC30A6,-0.221611,mRNA
PIWIL2,-1.63135,mRNA
ALG1,0.0376479,mRNA
UNC13B,0.0131861,mRNA
LIMCH1,-0.633746,mRNA
SLAMF8,0.233056,mRNA
CMC1,-0.118225,mRNA
ZNF394,-0.0325269,mRNA
TK1,1.01354,mRNA
SLC13A2,0.829302,mRNA
MFSD2B,0.746207,mRNA
TMEM62,0.322924,mRNA
WDR13,0.112456,mRNA
ZNF174,0.127653,mRNA
ANO9,0.0533205,mRNA
ZNF525,-0.272022,mRNA
LHX6,0.608404,mRNA
DNAJC21,0.206346,mRNA
RIMS2,2.31066,mRNA
SAMD12,0.212089,mRNA
SAMD9L,0.173315,mRNA
TEX15,0.126422,mRNA
C1orf109,-0.293312,mRNA
MSTO1,0.0901934,mRNA
UCHL5,-0.893281,mRNA
TSPAN14,0.0238326,mRNA
LETMD1,0.0447865,mRNA
RIC8B,-0.666883,mRNA
MLST8,0.149553,mRNA
MIA2,2.98737,mRNA
ANK2,-2.45095,mRNA
PPIP5K1,0.144109,mRNA
RAF1,-0.133806,mRNA
B3GALT5,-1.78276,mRNA
RMI1,-0.263954,mRNA
CEACAM4,0.398667,mRNA
NCOA1,-0.363713,mRNA
CSMD3,-0.108598,mRNA
SLC29A3,0.106644,mRNA
GRM3,-0.438414,mRNA
NUB1,0.17365,mRNA
DBN1,0.532575,mRNA
PLA2G15,-0.00806808,mRNA
ZMYND8,0.214229,mRNA
FAM3A,0.03706,mRNA
KIAA0100,0.0240712,mRNA
NDRG4,-0.424129,mRNA
IRF8,-1.57983,mRNA
HAGH,0.322617,mRNA
CHD1,-0.0189389,mRNA
ZFAND2A,-0.22875,mRNA
CES2,-0.178789,mRNA
MGAM,0.375056,mRNA
NFIX,-0.144731,mRNA
FAM131A,0.0898888,mRNA
ASH1L,-0.51733,mRNA
TTC8,-0.162748,mRNA
GLT1D1,2.77716,mRNA
TTLL9,-0.892456,mRNA
KATNAL2,-1.40654,mRNA
ATP6V0E2,-0.609234,mRNA
ZSWIM4,0.534867,mRNA
CRISP3,0.836744,mRNA
FOXO3B,-0.435908,mRNA
MYO6,0.842335,mRNA
ALDH3A2,0.323508,mRNA
ACAN,2.53185,mRNA
VWA2,0.838166,mRNA
PDZD7,1.77781,mRNA
DCUN1D2,-0.158164,mRNA
SNX22,1.25853,mRNA
CD300LG,-1.24712,mRNA
SLFN14,-0.712571,mRNA
TBCD,0.317135,mRNA
NPEPPS,0.389029,mRNA
CBLN2,-0.935193,mRNA
SRC,0.682467,mRNA
HDAC8,0.27489,mRNA
MYL7,-1.46805,mRNA
HOOK1,-0.0496288,mRNA
GPR135,-0.887887,mRNA
ENOSF1,-0.447659,mRNA
TPO,-1.95192,mRNA
VGLL4,-0.273613,mRNA
AIMP1,-0.0418288,mRNA
LYSMD3,-0.837556,mRNA
SPEF2,-0.867751,mRNA
SKIV2L,0.234667,mRNA
L3MBTL3,0.0984903,mRNA
SYNGAP1,-0.0842825,mRNA
TFEC,-0.133753,mRNA
CCM2,0.977463,mRNA
CADPS2,-0.0459742,mRNA
KCNQ3,4.71827,mRNA
LY6H,1.46847,mRNA
GDAP1,-0.691591,mRNA
NUDCD1,-0.261588,mRNA
EBAG9,-0.589183,mRNA
ABCA2,0.228126,mRNA
TBC1D2,1.96041,mRNA
POLR1E,-0.00174801,mRNA
ERMP1,0.0629921,mRNA
CD72,-1.06959,mRNA
GBF1,0.163969,mRNA
KCNE3,0.67627,mRNA
PLEKHA7,-0.243453,mRNA
EHF,1.17932,mRNA
UVRAG,-0.404824,mRNA
ERBB3,1.67415,mRNA
OAS3,0.562433,mRNA
PITPNM2,-0.654138,mRNA
HELB,-0.77011,mRNA
SLC38A6,-0.0563827,mRNA
PSEN1,0.102802,mRNA
NRG4,0.392903,mRNA
MAP1A,-0.681007,mRNA
NEO1,-0.416115,mRNA
CMTM3,1.33014,mRNA
ABCC1,-0.433562,mRNA
AIM2,-1.36723,mRNA
DDX42,-0.0715182,mRNA
B3GNTL1,0.296814,mRNA
CD300LF,0.840032,mRNA
SLFN13,0.703615,mRNA
NUP88,-0.444453,mRNA
BRIP1,0.91495,mRNA
DNAJB1,-1.32275,mRNA
LIG1,0.210224,mRNA
CC2D1A,0.448901,mRNA
RNF24,1.26597,mRNA
DNMT3B,-0.506448,mRNA
GMEB2,-0.262815,mRNA
SYNJ1,-0.379769,mRNA
HUWE1,-0.229683,mRNA
SLC10A3,-0.120148,mRNA
SP110,0.136319,mRNA
CDKL4,1.0875,mRNA
LRRTM1,0.048131,mRNA
TNS1,-0.928331,mRNA
NEURL3,0.413368,mRNA
TLK1,-0.1468,mRNA
GRK7,-0.783942,mRNA
GLYCTK,-0.0630435,mRNA
DAG1,0.23101,mRNA
IP6K2,0.190187,mRNA
NEK11,-0.828918,mRNA
NFASC,-0.61577,mRNA
MANEAL,1.73985,mRNA
ENTHD1,-0.831145,mRNA
ARL6IP6,0.279638,mRNA
CDC14C,-1.44429,mRNA
GLIS3,-1.06308,mRNA
PIKFYVE,-0.400629,mRNA
POLR1D,0.0116293,mRNA
COL22A1,0.974897,mRNA
KBTBD6,-0.321671,mRNA
TMEM130,3.7123,mRNA
POU5F2,0.120743,mRNA
TXLNB,-0.820368,mRNA
BEST4,0.894954,mRNA
HYAL1,-0.124033,mRNA
SLC22A7,0.013836,mRNA
PI16,-2.59061,mRNA
VGLL2,1.30433,mRNA
HOXA1,-0.329299,mRNA
ZFP1,-0.116155,mRNA
RASGRP2,-1.45672,mRNA
CREG2,2.77202,mRNA
RASSF1,-0.336222,mRNA
UNC5B,2.16244,mRNA
KCNE2,-0.614869,mRNA
KCNH5,-2.46913,mRNA
SMG7,-0.0593408,mRNA
PTK2B,0.934149,mRNA
TGIF1,0.473831,mRNA
PDE8A,-0.32104,mRNA
USH1G,0.0757123,mRNA
FAM117B,0.290279,mRNA
CLVS1,-0.550642,mRNA
FUNDC1,0.0340008,mRNA
MPV17L,-0.210237,mRNA
SLC41A1,-0.139891,mRNA
C1orf162,0.0963049,mRNA
C14orf39,-0.613205,mRNA
ZPLD1,3.60522,mRNA
JAZF1,-0.162749,mRNA
DDX51,-0.118922,mRNA
CNTN5,-3.37959,mRNA
GRIK2,-0.427321,mRNA
MRPL43,0.125347,mRNA
LMX1A,-2.09791,mRNA
MEST,0.0696514,mRNA
SYT12,6.77538,mRNA
FADS6,3.84139,mRNA
TSPAN33,-0.612125,mRNA
ZDHHC21,-0.2617,mRNA
ARL5B,-0.515346,mRNA
ANO4,-1.3235,mRNA
MORN4,-0.038146,mRNA
FKBP7,-0.248924,mRNA
CD300E,-0.141575,mRNA
EIF6,0.236111,mRNA
CMTM7,0.411532,mRNA
HPS5,-0.224584,mRNA
CPLX4,-0.63205,mRNA
PRDX1,-0.45613,mRNA
ARHGAP30,-0.626454,mRNA
GPR141,1.03645,mRNA
GRM7,-1.14864,mRNA
LILRA5,-0.0230825,mRNA
GPATCH4,-0.180918,mRNA
PLCG1,0.0536034,mRNA
KIF9,-0.486412,mRNA
FLT4,-0.188357,mRNA
RNF6,-0.140643,mRNA
PRSS38,3.06044,mRNA
RGS11,1.45005,mRNA
SASS6,-0.281672,mRNA
RNF212,-0.240945,mRNA
UBE2J2,0.0918479,mRNA
BTN3A3,-0.211984,mRNA
OR2C3,-1.20492,mRNA
GANC,0.552473,mRNA
TMEM95,-2.47791,mRNA
COPS8,-0.148908,mRNA
RGS12,0.225354,mRNA
GHSR,-0.142943,mRNA
AURKA,-0.407894,mRNA
GBP6,-0.590737,mRNA
ZNF710,0.715923,mRNA
ATP9B,-0.223883,mRNA
ZNF699,-0.713186,mRNA
LRRK2,4.04569,mRNA
KLHL30,1.71741,mRNA
ENTPD8,2.77677,mRNA
PTGER3,0.736304,mRNA
AMIGO3,-0.306487,mRNA
EFCAB6,-0.823013,mRNA
DZIP1,0.481026,mRNA
KLHL5,0.0651282,mRNA
TEPP,1.17788,mRNA
FOXD4L3,-0.882887,mRNA
ISLR,-0.170544,mRNA
DGKZ,0.463544,mRNA
LRRN2,0.0300942,mRNA
LRRC23,-0.224867,mRNA
RBPJ,-0.0114278,mRNA
COX6B2,2.16348,mRNA
FGD3,-0.583671,mRNA
BAZ1B,-0.0121678,mRNA
GRM8,-0.767302,mRNA
ZBTB7C,0.234882,mRNA
PPARG,-0.703278,mRNA
CTNS,0.197582,mRNA
RHOBTB2,0.344744,mRNA
RNF167,-0.0577575,mRNA
TRRAP,-0.0554567,mRNA
ANGPTL1,-1.89026,mRNA
TMEM181,-0.198142,mRNA
PIK3C2B,-0.0505974,mRNA
NYX,-2.16574,mRNA
FCGR1A,0.742119,mRNA
SRPRB,-0.405937,mRNA
DPAGT1,0.00139633,mRNA
OR6Y1,-1.10603,mRNA
AGBL1,-0.169066,mRNA
ABAT,-0.41571,mRNA
UNC13A,0.524319,mRNA
ATXN2L,0.258621,mRNA
HNRNPA1L2,0.107067,mRNA
ADPRH,-0.273293,mRNA
PPFIA4,1.08247,mRNA
ATPAF1,0.10728,mRNA
DNAJC14,-0.183802,mRNA
NEK10,-2.00218,mRNA
MRPL23,0.214257,mRNA
FAM78A,-0.454295,mRNA
VDAC1,0.304876,mRNA
IL1RAPL1,-2.48338,mRNA
FAM162A,0.356364,mRNA
CACNG4,4.86019,mRNA
LSM3,-0.244049,mRNA
TP53TG5,0.845483,mRNA
BMP10,-2.36309,mRNA
GOLIM4,-0.251332,mRNA
MYBBP1A,0.379108,mRNA
TMEM63A,0.0364401,mRNA
EIF4A3,-0.0751282,mRNA
CHST15,0.493015,mRNA
MORC2,0.0827612,mRNA
ANKRD6,0.274405,mRNA
SPEN,-0.210273,mRNA
TTLL5,-0.160896,mRNA
EFR3A,0.474499,mRNA
MYO1D,0.544275,mRNA
ANGEL1,0.0336585,mRNA
RRP8,0.181287,mRNA
SLC39A14,-1.17516,mRNA
SUN2,-0.108728,mRNA
YIPF3,0.291079,mRNA
AASDHPPT,-0.0529174,mRNA
CLIP3,1.97793,mRNA
ZNF337,-0.122599,mRNA
WWC3,-0.0023528,mRNA
TRIM24,0.252034,mRNA
RPS27L,0.793116,mRNA
TEX264,0.0120242,mRNA
TRMT6,0.00519526,mRNA
UBE2D4,-0.160511,mRNA
METTL9,0.362641,mRNA
COPZ1,-0.159967,mRNA
MED31,0.0186491,mRNA
ZFR,-0.19533,mRNA
INSIG2,-0.168211,mRNA
RAB4B,-0.161706,mRNA
ZNF580,-0.0990494,mRNA
PADI3,-1.77958,mRNA
TOB2,-0.445325,mRNA
FBXO40,-0.761588,mRNA
COPS7A,0.0218166,mRNA
GP6,-0.808591,mRNA
ISYNA1,1.5865,mRNA
RAB9B,-0.280133,mRNA
COPZ2,-0.837165,mRNA
TLR8,0.172606,mRNA
STX18,0.0342437,mRNA
TAS2R4,-0.0295567,mRNA
A4GALT,0.394054,mRNA
CPSF2,-0.0488913,mRNA
MARK2,-0.0488448,mRNA
FNDC8,-0.392866,mRNA
TRIT1,-0.311919,mRNA
NDE1,0.0213666,mRNA
SIDT1,-0.598857,mRNA
RETSAT,-0.54878,mRNA
CASZ1,-1.03618,mRNA
LAX1,-0.578831,mRNA
UBE2R2,0.197238,mRNA
SDHAF2,-0.105524,mRNA
SLC48A1,0.0774347,mRNA
FAM118A,-0.693054,mRNA
SLFN12,0.217811,mRNA
AGGF1,-0.081627,mRNA
TRIM68,-0.222429,mRNA
ANO10,-0.201147,mRNA
OGDHL,-1.50393,mRNA
TMEM39A,-0.529469,mRNA
LRRC36,0.270608,mRNA
KLHL26,0.3159,mRNA
RNF121,-0.0775639,mRNA
EML2,0.321323,mRNA
FPR1,0.41214,mRNA
HCN2,2.42029,mRNA
HIRIP3,-0.210471,mRNA
STON1,-0.150671,mRNA
ZFYVE21,-0.393958,mRNA
ISY1,-0.0897555,mRNA
CPD,0.675437,mRNA
DAP3,0.221831,mRNA
MARK4,0.208619,mRNA
SERF2,0.000348244,mRNA
DNAL1,-0.740129,mRNA
UBE2H,0.0579317,mRNA
NDUFC2,0.0812647,mRNA
TP73,0.568724,mRNA
SEC14L2,1.30458,mRNA
GC,1.56919,mRNA
CDRT4,-0.164443,mRNA
PLA2G4E,-1.69535,mRNA
PICALM,0.117531,mRNA
PPP2R2C,2.49929,mRNA
CDH13,2.07505,mRNA
CASQ2,-0.69224,mRNA
PHF21B,-0.559973,mRNA
RSPO1,3.50702,mRNA
PROX2,-0.0750431,mRNA
TTC39C,-0.0872191,mRNA
TNFSF8,-0.85377,mRNA
NAV2,0.683544,mRNA
PASK,2.19315,mRNA
GALNT14,0.495641,mRNA
VSX1,0.135637,mRNA
LRRC39,0.740155,mRNA
ZNF43,0.0974692,mRNA
CHRND,1.96015,mRNA
MELK,0.634983,mRNA
RIT1,0.220372,mRNA
CASP1,0.109033,mRNA
EME2,-0.388024,mRNA
ZFYVE19,0.96143,mRNA
SLC4A9,0.543376,mRNA
CDK9,0.538039,mRNA
RXRB,-0.262753,mRNA
KCNE1,0.61491,mRNA
EPGN,0.589779,mRNA
ZNF138,-0.464687,mRNA
SEMA4F,0.464435,mRNA
RAB3IL1,-0.72489,mRNA
FBXO38,-0.036668,mRNA
KHDRBS1,0.041426,mRNA
CREB3L3,0.26029,mRNA
GPSM3,-0.40356,mRNA
WSB2,-0.0898508,mRNA
SSTR3,3.25224,mRNA
IL20RA,-1.77143,mRNA
RFXANK,0.268579,mRNA
NLRX1,0.283492,mRNA
CATSPER2,0.489559,mRNA
SLC5A10,0.395719,mRNA
SLAMF7,-0.374355,mRNA
OLFM1,-0.722679,mRNA
JKAMP,-0.117994,mRNA
MRAP,3.6389,mRNA
POU5F1,-0.104229,mRNA
ODF3,-0.428276,mRNA
DYNC1LI2,-0.27076,mRNA
GOT2,-0.0828414,mRNA
TCP11L2,-0.620961,mRNA
HSPH1,-0.18606,mRNA
ZRANB3,-0.774169,mRNA
ADH1B,-3.28003,mRNA
CCDC33,1.04445,mRNA
ITM2C,0.337667,mRNA
TRIP10,0.317157,mRNA
TMPRSS6,7.53981,mRNA
HELLS,0.731512,mRNA
SYTL2,0.884248,mRNA
IL17RA,-0.127315,mRNA
KHNYN,0.0197806,mRNA
CTNNA1,0.373375,mRNA
LARP6,0.102066,mRNA
CHDH,-0.0637985,mRNA
HR,-0.570725,mRNA
SOX18,0.820717,mRNA
TBX4,-0.40461,mRNA
NAA16,-0.318021,mRNA
LRP1B,-3.42646,mRNA
BATF3,0.605245,mRNA
NSFL1C,0.090394,mRNA
PCDHGA10,0.8344,mRNA
PCDHGA4,0.42047,mRNA
PCDHGB7,0.486302,mRNA
TMX3,0.212574,mRNA
DDIT4,0.895325,mRNA
VSIG10,0.242971,mRNA
CNGB3,-0.836774,mRNA
ZNF26,-0.011367,mRNA
HTR7,0.183816,mRNA
TMEM167B,-0.420943,mRNA
EXOSC5,0.511029,mRNA
RAD18,0.218324,mRNA
NIT2,0.0436426,mRNA
FAM20C,1.1142,mRNA
DTWD1,-0.426824,mRNA
ARRB1,0.143031,mRNA
MNT,0.302927,mRNA
CLDN2,3.64291,mRNA
CAMK1D,-1.33512,mRNA
NUP107,-0.169665,mRNA
RIPK4,-0.212412,mRNA
S100A14,0.676616,mRNA
KLHL14,-0.385511,mRNA
HOMEZ,-0.187613,mRNA
WDR48,-0.135902,mRNA
ZBTB2,-0.53258,mRNA
ZFAT,0.210654,mRNA
OSBPL5,0.41491,mRNA
KIAA1549,0.70248,mRNA
CHD8,-0.285142,mRNA
SLC7A14,-1.11839,mRNA
PRX,-0.249277,mRNA
ZNF250,-0.208501,mRNA
ADCY1,-0.213185,mRNA
MPST,0.352026,mRNA
TNFAIP1,0.322895,mRNA
TRIB3,1.55724,mRNA
G6PC2,0.842734,mRNA
CYP4F11,0.514666,mRNA
CD79B,-1.63907,mRNA
PRDM12,0.927102,mRNA
SENP2,-0.234446,mRNA
SPCS3,-0.352807,mRNA
GNGT1,1.33563,mRNA
HLX,0.939658,mRNA
ST14,0.838225,mRNA
CHP2,0.861541,mRNA
SAMSN1,-0.563488,mRNA
RTP4,0.107075,mRNA
ABCG4,1.58844,mRNA
RAB38,0.848991,mRNA
C17orf75,-0.116179,mRNA
SIL1,0.313837,mRNA
MRPS25,0.52191,mRNA
IPPK,-0.101475,mRNA
AEN,0.475792,mRNA
TAS2R13,-0.463403,mRNA
RASL11B,0.0256719,mRNA
HTR5A,-2.46079,mRNA
DSCC1,-0.0503083,mRNA
C1orf50,0.235428,mRNA
TMEM185B,-0.43918,mRNA
GNPTAB,0.329466,mRNA
DSC2,1.17197,mRNA
GMEB1,-0.0942329,mRNA
GCC1,-0.297929,mRNA
HECTD3,0.556992,mRNA
NEIL1,0.107159,mRNA
TXNDC15,-0.420561,mRNA
CLMN,-1.77359,mRNA
GEMIN6,0.0498485,mRNA
PIP4K2C,0.240079,mRNA
TCTN2,-0.600209,mRNA
RPAP2,-0.355053,mRNA
RABEP2,0.297038,mRNA
SCD5,0.610246,mRNA
NRSN2,0.150327,mRNA
KLHL18,0.0263821,mRNA
NAA50,-0.153213,mRNA
ELL3,-0.227758,mRNA
DNAJC5,-0.149599,mRNA
REEP4,0.345029,mRNA
S1PR5,0.827997,mRNA
BHLHE41,1.19894,mRNA
FCRL2,-1.63614,mRNA
SLC25A32,-0.313443,mRNA
SLC2A11,0.170194,mRNA
COL21A1,1.01292,mRNA
PLA2G12A,-0.141351,mRNA
OR2H1,-0.96668,mRNA
SHARPIN,0.376525,mRNA
CCR9,1.56929,mRNA
FLYWCH2,-0.0691471,mRNA
NEURL1B,0.975934,mRNA
C17orf49,0.379424,mRNA
MXD3,0.125418,mRNA
DIS3L,-0.517196,mRNA
HRH4,0.924665,mRNA
PDE2A,-0.147013,mRNA
TCHP,-0.223096,mRNA
CDH17,1.81651,mRNA
RPUSD4,-0.0191974,mRNA
PATE4,-0.551261,mRNA
DOHH,0.215504,mRNA
PLIN1,-1.04666,mRNA
ZSCAN18,-0.0786793,mRNA
HSDL1,-0.926344,mRNA
ZNF414,-0.00412475,mRNA
AFAP1L1,0.302576,mRNA
SYNCRIP,-0.465572,mRNA
RPAIN,0.0489121,mRNA
LIMS2,0.166144,mRNA
TBCK,-0.348611,mRNA
WDR81,0.157993,mRNA
DLC1,0.637773,mRNA
SFTPA1,9.02535,mRNA
CALCR,0.350092,mRNA
CLCNKB,-1.99914,mRNA
PITPNM3,-0.317445,mRNA
NKX2-5,-1.54164,mRNA
TRMT2B,-0.545657,mRNA
NSUN5,0.267551,mRNA
SIGLEC10,-0.369658,mRNA
TMEM200B,-0.241809,mRNA
HCCS,-0.134858,mRNA
ARG2,-0.180565,mRNA
CELF5,1.8121,mRNA
ZNF347,-0.522729,mRNA
ZNF764,-0.214458,mRNA
TSFM,-0.0219695,mRNA
TMEM216,0.0797051,mRNA
PNPLA5,6.68355,mRNA
SLC34A2,5.44163,mRNA
ASNS,0.355914,mRNA
LOX,1.16943,mRNA
CSF3,-2.20761,mRNA
ASTN2,0.570879,mRNA
PPP1R3F,0.0393482,mRNA
KCNK6,0.875597,mRNA
GGPS1,-0.0708683,mRNA
LITAF,0.0379192,mRNA
IGDCC3,0.455154,mRNA
MRPL33,-0.0852111,mRNA
RAB36,-0.3204,mRNA
AATK,0.358942,mRNA
DHX8,0.0934482,mRNA
KCNC4,0.196171,mRNA
KCNJ8,-0.159887,mRNA
KCNJ9,0.187456,mRNA
OMD,-1.77815,mRNA
RAD23A,0.240934,mRNA
FEZ1,-0.767098,mRNA
FOXN3,-0.265669,mRNA
ETS2,-0.221261,mRNA
F2RL1,0.326069,mRNA
GPR12,-0.208246,mRNA
MCHR1,1.07736,mRNA
PDIA3,-0.300758,mRNA
GTF2H1,-0.510119,mRNA
PHF2,-0.157062,mRNA
RASSF9,-2.67669,mRNA
HOXA11,4.80906,mRNA
INHBC,-1.22464,mRNA
SSX1,2.95745,mRNA
GPR55,0.598763,mRNA
TNK2,0.103348,mRNA
TRAIP,-0.0613661,mRNA
SOX1,0.650072,mRNA
CACNG2,-1.74095,mRNA
MAN2A2,-0.0385619,mRNA
DAGLA,0.842191,mRNA
LPO,1.2878,mRNA
NEDD8,-0.00270676,mRNA
PIK3CB,-0.231918,mRNA
POU2AF1,-1.14635,mRNA
CCL19,-1.93111,mRNA
PGRMC2,-0.0165293,mRNA
SEC24B,-0.155719,mRNA
SLC25A17,-0.34037,mRNA
AGPAT2,0.736795,mRNA
FBLN1,-1.804,mRNA
PVR,-0.10943,mRNA
KLF1,-0.201759,mRNA
TBR1,-0.655175,mRNA
GRAP,-0.324191,mRNA
SDCCAG8,-0.183775,mRNA
RBM3,0.174124,mRNA
CDC42EP2,-1.02999,mRNA
MLLT11,1.29556,mRNA
CKAP4,0.136255,mRNA
TMED10,-0.28137,mRNA
COPS6,0.16863,mRNA
HNMT,-0.169629,mRNA
TOPBP1,-0.17108,mRNA
DDX20,-0.263818,mRNA
NXPH4,2.88289,mRNA
TWF2,0.395657,mRNA
NCBP2,0.0793113,mRNA
MIP,-0.0643527,mRNA
DGAT1,0.218864,mRNA
STAP1,-2.12189,mRNA
CCNDBP1,0.170921,mRNA
FBXL4,-0.340334,mRNA
GTF3C4,-0.666035,mRNA
MLYCD,-0.341862,mRNA
FBXW11,-0.0458911,mRNA
TSPAN15,0.0107036,mRNA
FBXO9,-0.525357,mRNA
RPL13A,0.175606,mRNA
SNAPIN,0.21874,mRNA
ATP6V0A2,0.12911,mRNA
CLCF1,0.195047,mRNA
RBM15B,0.070209,mRNA
TRHDE,-1.48605,mRNA
BAZ1A,0.532627,mRNA
PAX8,-0.717442,mRNA
BNIP1,-0.224673,mRNA
DCPS,0.0463756,mRNA
CCDC113,0.0269487,mRNA
TM4SF1,1.61977,mRNA
VAMP1,0.653506,mRNA
UBL4A,0.543977,mRNA
EIF2B1,0.0552687,mRNA
EN2,-1.55836,mRNA
EREG,4.00901,mRNA
FZD2,-0.0874959,mRNA
SLC37A4,0.320067,mRNA
GTF2H4,0.548622,mRNA
IL13RA1,0.710981,mRNA
BLK,-2.15542,mRNA
BTN1A1,-1.7304,mRNA
C5,0.0557221,mRNA
CDH4,4.02034,mRNA
DES,-1.76775,mRNA
DSG1,2.29468,mRNA
FMOD,-1.56112,mRNA
FNTA,0.145191,mRNA
FUT5,0.871266,mRNA
GABRR2,-1.2044,mRNA
GNB3,0.385606,mRNA
GNS,-0.16474,mRNA
GUCA1B,-0.35557,mRNA
HDC,2.04543,mRNA
ID1,-0.67187,mRNA
IDH2,0.355011,mRNA
IL7R,-1.46873,mRNA
ITPR2,0.599841,mRNA
LFNG,0.104256,mRNA
LGALS7,1.27368,mRNA
LIMK1,1.08704,mRNA
LUM,0.210803,mRNA
ME1,-0.761824,mRNA
MKI67,-0.132104,mRNA
MN1,0.49464,mRNA
IRF4,-0.293948,mRNA
NGFR,1.80726,mRNA
NPPB,-0.156403,mRNA
OAZ2,0.00341333,mRNA
OPHN1,-0.997273,mRNA
OSBP,-0.252826,mRNA
P2RY4,0.525648,mRNA
PAK2,0.226727,mRNA
PLD1,-0.163422,mRNA
PLEK,-0.522781,mRNA
PRKCI,-0.175293,mRNA
RAB13,0.106185,mRNA
RAP1GAP,-1.55687,mRNA
GRK1,-1.09872,mRNA
RING1,-0.102415,mRNA
CCL18,1.33152,mRNA
MAP2K4,0.0370402,mRNA
SH3GL2,-1.07836,mRNA
ST8SIA1,-0.828569,mRNA
SLC22A5,0.197084,mRNA
SORD,-1.20277,mRNA
SOX11,4.07289,mRNA
SPN,-0.147954,mRNA
SPRR1B,6.14212,mRNA
SYT5,1.79135,mRNA
TFAP2B,-1.28369,mRNA
TFAP4,0.349942,mRNA
TGM4,2.12752,mRNA
TSPAN6,-0.0439336,mRNA
TNNC1,-0.259963,mRNA
CLIP2,0.656099,mRNA
XPNPEP2,-1.35988,mRNA
ZNF134,-0.374411,mRNA
BSN,-0.578591,mRNA
DNALI1,-1.11405,mRNA
PIP4K2B,0.154251,mRNA
ULK1,0.00350049,mRNA
ITGA10,0.66953,mRNA
CST7,-0.696846,mRNA
CPZ,-0.16094,mRNA
OR6A2,1.04946,mRNA
TNFSF11,0.814162,mRNA
PCDHGA12,0.220263,mRNA
EIF3F,0.17747,mRNA
TNFSF12,0.228445,mRNA
IL1RL2,0.261517,mRNA
FGF16,-0.837729,mRNA
BTAF1,-0.243271,mRNA
BDH1,-0.304878,mRNA
C3AR1,0.42495,mRNA
GMFB,-0.121806,mRNA
IREB2,-0.48343,mRNA
SLC9A3,0.274943,mRNA
SYNGR3,0.603253,mRNA
EFTUD2,0.246914,mRNA
PRLHR,3.25989,mRNA
COX5A,0.00493933,mRNA
AKAP6,-0.562708,mRNA
MED20,-0.232166,mRNA
SLC25A27,-0.306138,mRNA
BST2,-0.255047,mRNA
RUNX1T1,-1.7192,mRNA
CEBPA,-0.123621,mRNA
COX15,-0.319415,mRNA
EPHA2,0.652553,mRNA
EPHB1,-2.09423,mRNA
AGFG1,-0.0368123,mRNA
FANCG,-0.00636831,mRNA
RAB7A,0.196667,mRNA
HGS,0.565566,mRNA
AP4M1,0.366856,mRNA
ZBED1,-0.0289155,mRNA
KCNAB3,-0.399175,mRNA
STK17A,-0.366638,mRNA
IER5L,2.3288,mRNA
APOBEC4,-0.797976,mRNA
FAM9B,3.15486,mRNA
OR2V2,-3.48619,mRNA
CA12,2.54651,mRNA
USF2,0.0146503,mRNA
ATRNL1,0.438936,mRNA
OTUD6A,0.729024,mRNA
ZDHHC24,0.375048,mRNA
DEFB132,-0.477554,mRNA
BLOC1S3,0.106841,mRNA
SIGLEC15,3.85177,mRNA
SFXN4,-0.39165,mRNA
CCDC14,0.0683194,mRNA
PRKAB1,0.303071,mRNA
CLEC16A,0.739515,mRNA
SBK1,0.255214,mRNA
RARA,0.933461,mRNA
AP2B1,0.0664198,mRNA
PTPN21,-0.633467,mRNA
FBLN7,-1.33971,mRNA
COQ5,-0.0979653,mRNA
CTDSPL2,-0.391585,mRNA
CDC34,0.585979,mRNA
TRAF3IP3,-1.09918,mRNA
MYO3B,1.07209,mRNA
ADAMTSL1,0.00162136,mRNA
SSPN,-0.0093466,mRNA
RNF43,0.414269,mRNA
ERCC2,-0.139368,mRNA
MRPL4,0.111836,mRNA
HIC2,-0.642332,mRNA
WNT7B,0.991666,mRNA
ARHGAP25,-0.588777,mRNA
LIN28B,-1.79429,mRNA
IL23R,-0.017587,mRNA
LZTS1,1.96751,mRNA
TMEM138,0.106272,mRNA
KANK4,0.971464,mRNA
TMPRSS11D,-0.103314,mRNA
LGALS7B,1.4292,mRNA
SDHAF1,0.062617,mRNA
SSTR2,0.490132,mRNA
ZNF436,-0.101766,mRNA
VPS37D,-0.263556,mRNA
ASAH2B,-0.303692,mRNA
FBXO46,-0.12193,mRNA
WIPF3,0.179973,mRNA
MEIG1,-0.641262,mRNA
FRG2B,1.30303,mRNA
KLHL38,0.542297,mRNA
C5orf49,-1.51465,mRNA
KBTBD13,-0.758212,mRNA
LINGO3,-1.04539,mRNA
MYO1H,-1.4555,mRNA
ZNF554,-0.178782,mRNA
TMEM177,0.160884,mRNA
FOXD4L5,-0.884763,mRNA
SAA2,2.77516,mRNA
SPRY4,1.19607,mRNA
C9orf57,-1.63472,mRNA
CYP24A1,1.68222,mRNA
SYNPR,-0.423844,mRNA
PLXNB1,0.529629,mRNA
CAB39,0.0686929,mRNA
CLDN5,-0.276444,mRNA
IQCG,-1.11868,mRNA
ZBTB43,0.047687,mRNA
SYT1,3.79182,mRNA
PIK3IP1,0.209886,mRNA
MADD,-0.220512,mRNA
CCDC124,0.203775,mRNA
C2CD4C,0.962746,mRNA
CISD3,0.022623,mRNA
TMEM151B,-0.388202,mRNA
DMTF1,-0.192878,mRNA
RPS6KL1,-0.840517,mRNA
GRWD1,0.068827,mRNA
L3MBTL2,-0.156925,mRNA
STK40,-0.323689,mRNA
MRPL14,0.885152,mRNA
ACAD11,0.0142685,mRNA
BRMS1L,-0.262112,mRNA
CCDC115,-0.0406542,mRNA
MAML2,-0.29186,mRNA
TNXB,-1.44518,mRNA
ACRBP,-0.478991,mRNA
ZNF559,-0.539586,mRNA
BOK,-0.190161,mRNA
RNASE7,1.26444,mRNA
LMNB2,0.26513,mRNA
ZNF496,-0.225127,mRNA
KLHL22,-0.142332,mRNA
RSPO3,-1.58314,mRNA
ATAD1,-0.0867121,mRNA
TBRG1,-0.206704,mRNA
MLXIPL,2.00101,mRNA
CASP9,-0.177501,mRNA
DEDD,0.0197191,mRNA
TRIM4,-0.286236,mRNA
ABCC11,5.6342,mRNA
ZNF670,-0.414122,mRNA
PML,0.643516,mRNA
DISP2,-0.483071,mRNA
TP53RK,0.0587237,mRNA
CCDC97,0.0656434,mRNA
ZNF830,-0.346681,mRNA
ELFN2,5.60317,mRNA
FCRL3,-1.92903,mRNA
LRG1,3.55639,mRNA
SPAG11B,5.42021,mRNA
EXOSC6,0.133354,mRNA
CLEC4D,0.518979,mRNA
BRI3BP,-0.524173,mRNA
GPR82,0.269809,mRNA
SRMS,0.290605,mRNA
GPHA2,-0.824105,mRNA
AMOTL1,-0.38631,mRNA
ZNF618,-0.38442,mRNA
ZNF721,-0.183019,mRNA
DQX1,-0.204184,mRNA
PATE1,-0.602294,mRNA
FDXACB1,-0.199389,mRNA
NOM1,-0.0782107,mRNA
KTI12,0.0886942,mRNA
KIF12,-1.14153,mRNA
KLF14,0.435793,mRNA
PKHD1,0.890058,mRNA
ESAM,-0.440003,mRNA
PPM1L,-1.29441,mRNA
RHEBL1,0.131508,mRNA
LSM14B,0.0439397,mRNA
ZFC3H1,-0.221726,mRNA
UBQLNL,0.259692,mRNA
DHRSX,0.270805,mRNA
IL27,-0.104897,mRNA
TIGD1,-0.246932,mRNA
GREB1,2.38287,mRNA
ZNF561,-0.214965,mRNA
SPATA2L,0.352427,mRNA
ZNF441,-0.168923,mRNA
OR51E1,0.920554,mRNA
NOP14,0.217703,mRNA
CLNS1A,0.0363173,mRNA
BPGM,0.488438,mRNA
RAD52,-0.158058,mRNA
UPF1,0.321115,mRNA
TCEANC,-0.789514,mRNA
C1RL,0.309241,mRNA
BTBD10,0.385225,mRNA
MT1F,-1.27563,mRNA
ACP2,0.326342,mRNA
FASLG,-0.365875,mRNA
HEXIM2,0.145529,mRNA
TUBB6,0.420394,mRNA
GPATCH8,-0.153389,mRNA
ZNF33B,-0.637424,mRNA
CCT5,-0.120963,mRNA
MOSPD1,0.0746514,mRNA
BTC,0.0685563,mRNA
HSPA4L,-0.301853,mRNA
DCP1B,0.167038,mRNA
IMP4,0.0738746,mRNA
QRICH1,-0.00593508,mRNA
COQ10B,0.0257266,mRNA
NPAS1,2.06273,mRNA
ZNF845,-0.447099,mRNA
AIMP2,-0.29987,mRNA
TMEM220,-1.30776,mRNA
WIZ,0.0763959,mRNA
AGXT,3.14499,mRNA
CBS,-0.164806,mRNA
SLC26A2,0.355426,mRNA
TOR1A,-0.00251501,mRNA
F5,1.6612,mRNA
GJA1,-0.815148,mRNA
LEP,-0.276025,mRNA
MYBPC3,0.49326,mRNA
MYOC,-3.4185,mRNA
NPC1,0.777962,mRNA
GPR143,0.0469795,mRNA
PAH,-0.790832,mRNA
PCBD1,0.0780741,mRNA
GALE,3.21796,mRNA
NEU1,0.529604,mRNA
FUT2,1.65288,mRNA
HOXA13,2.09461,mRNA
MC2R,2.90496,mRNA
SERPINE1,0.487694,mRNA
CD4,0.30809,mRNA
NOS2,1.11739,mRNA
CYP2C9,1.03104,mRNA
GABRA4,-0.2344,mRNA
GRM6,0.826233,mRNA
GSTM3,-1.20924,mRNA
ICAM2,0.37676,mRNA
KCNJ2,3.88546,mRNA
NPY1R,-0.0705206,mRNA
RPL37A,0.246094,mRNA
ARHGEF37,-0.591246,mRNA
UBASH3A,-1.02356,mRNA
OR4E2,-3.64376,mRNA
ZNF740,-0.221221,mRNA
NCK2,0.415146,mRNA
OR56A4,0.281169,mRNA
OR6B1,-2.10623,mRNA
OR6F1,-0.515941,mRNA
YPEL2,0.107503,mRNA
SPOP,-0.149712,mRNA
GEMIN7,0.0303663,mRNA
LMBRD2,-0.693171,mRNA
CNOT4,-0.444715,mRNA
GPX8,-0.0363734,mRNA
BCL2L15,-0.568271,mRNA
MCCD1,0.699641,mRNA
ARSI,2.67944,mRNA
C17orf97,-0.299743,mRNA
UFSP1,-0.143108,mRNA
ZNF749,-0.371349,mRNA
LRRC66,0.758867,mRNA
YIPF5,-0.162783,mRNA
CPLX3,-1.33621,mRNA
DNAJB14,-0.34525,mRNA
PSG6,7.10653,mRNA
RCE1,0.00663712,mRNA
KLF10,-0.899198,mRNA
CEACAM16,-0.81509,mRNA
MAP9,-0.45564,mRNA
FAM83G,0.0519985,mRNA
YARS2,0.158827,mRNA
SIDT2,-0.18674,mRNA
PGP,0.168943,mRNA
KL,1.71725,mRNA
DMRTC2,0.212292,mRNA
STARD5,-0.0594974,mRNA
GJB7,-0.874395,mRNA
PELO,-0.338731,mRNA
VPS54,-0.471554,mRNA
FRMD4A,-0.63281,mRNA
FBXL5,-0.616795,mRNA
TMEM106B,0.0980059,mRNA
C12orf4,-0.100523,mRNA
TMEM163,3.89786,mRNA
SGCE,-0.336134,mRNA
ATP6V1C2,0.0333493,mRNA
ZNF75A,-0.389202,mRNA
LRP8,-0.730564,mRNA
SLC6A16,-1.81914,mRNA
DDC,-2.7707,mRNA
POP5,-0.134292,mRNA
CTSO,-0.220124,mRNA
CYLC2,-2.40275,mRNA
DAB2,-0.319444,mRNA
PACSIN2,-0.370536,mRNA
MLH1,-0.216363,mRNA
RIPK1,-0.238034,mRNA
PLCE1,0.318681,mRNA
SAMD14,1.17293,mRNA
RNF32,-0.579816,mRNA
FAR1,-0.40081,mRNA
TRIM45,-0.997816,mRNA
ISG20L2,-0.483553,mRNA
MCTP2,1.20071,mRNA
ARSG,-0.585978,mRNA
GPRC5C,0.321141,mRNA
FERMT1,-1.51876,mRNA
SNPH,-0.338914,mRNA
APOL4,0.49058,mRNA
C22orf23,-0.544272,mRNA
NHSL2,1.12606,mRNA
SATB2,0.661863,mRNA
ANKRD36,-0.146572,mRNA
MEGF6,-0.225067,mRNA
NANP,-0.460528,mRNA
PODN,-2.05552,mRNA
EXOC8,-0.472806,mRNA
GATC,-0.422702,mRNA
LCE1B,4.72028,mRNA
KRTAP13-2,2.0912,mRNA
TMTC3,-0.014911,mRNA
BMP8A,-1.7296,mRNA
P4HA3,-0.500222,mRNA
TTLL11,-0.261154,mRNA
RNASE4,-0.430361,mRNA
SCN5A,0.572815,mRNA
CTAGE4,-0.614433,mRNA
C3orf62,-0.0144126,mRNA
DNAH12,-0.864533,mRNA
NUP43,0.0519211,mRNA
SCN1B,2.39013,mRNA
MTMR2,-0.0480807,mRNA
ZDBF2,-0.0770079,mRNA
GSTCD,-0.147219,mRNA
ZBTB3,-0.358329,mRNA
MBL2,-0.0703197,mRNA
DOCK1,-0.508901,mRNA
MEGF11,2.90042,mRNA
AFF3,-0.358228,mRNA
WSCD1,0.602994,mRNA
SPIRE1,0.703199,mRNA
TLN2,-0.607621,mRNA
ZNF185,-0.775073,mRNA
TRAM1,-0.300344,mRNA
ZKSCAN5,-0.503898,mRNA
FAF2,-0.248463,mRNA
PUM1,-0.127578,mRNA
THSD7A,-0.790003,mRNA
FEM1B,-0.248794,mRNA
PI15,-0.215821,mRNA
OTUD6B,-0.178471,mRNA
VGLL3,-0.661227,mRNA
HECA,-0.449492,mRNA
CLDN18,-0.508295,mRNA
WWOX,-1.16996,mRNA
SPA17,-0.0266403,mRNA
CHRAC1,-0.177852,mRNA
RHBDL2,1.29426,mRNA
SSH3,0.619073,mRNA
ATG2B,-0.521017,mRNA
NUP133,-0.109964,mRNA
QRSL1,-0.28109,mRNA
C4orf19,-0.901395,mRNA
IL6ST,-0.423694,mRNA
DPYSL3,1.34265,mRNA
PI4KB,-0.230414,mRNA
INMT,1.82807,mRNA
PLRG1,0.315612,mRNA
RAB11A,0.378993,mRNA
GLYATL1,0.467221,mRNA
NFIC,-0.569441,mRNA
RCAN2,-0.723206,mRNA
NAA10,0.425921,mRNA
MGLL,0.438285,mRNA
CLCN6,-0.323727,mRNA
SLC9A7,0.131069,mRNA
LY9,-1.45755,mRNA
NCAPG2,-0.0761055,mRNA
SLC26A7,-2.57712,mRNA
GON4L,-0.0589131,mRNA
CNN3,0.413202,mRNA
SPATA6,-0.586373,mRNA
KLHL32,-0.4494,mRNA
FAM120B,-0.34287,mRNA
CENPW,0.153365,mRNA
ARHGEF3,-0.353526,mRNA
DDX28,-0.0406622,mRNA
EXOC6,-0.238988,mRNA
CCNJ,0.176109,mRNA
ARL15,0.2864,mRNA
ADCY2,0.481573,mRNA
CARNS1,1.57609,mRNA
MAGEE1,-0.21034,mRNA
DDX55,0.0217183,mRNA
DHH,0.644381,mRNA
XRCC5,0.0497894,mRNA
ALX4,-0.862547,mRNA
SRR,-0.102367,mRNA
GJA3,1.56066,mRNA
POLR2F,-0.213757,mRNA
ZNF696,-0.258719,mRNA
SLCO2B1,0.122209,mRNA
GLG1,-0.020919,mRNA
ROBO1,-0.196825,mRNA
PRAMEF11,-2.11972,mRNA
DDHD1,0.0130949,mRNA
MUSK,-2.52373,mRNA
C12orf56,3.15589,mRNA
MASTL,-0.352664,mRNA
SEZ6L,1.1425,mRNA
NCKAP1L,-0.33935,mRNA
HMGN1,0.156749,mRNA
NDUFA9,0.0684293,mRNA
PIP4K2A,0.119765,mRNA
RORC,-0.677961,mRNA
HS3ST1,0.382865,mRNA
NKTR,-0.231545,mRNA
PRKCE,-1.04776,mRNA
RND2,0.00988446,mRNA
WDR46,0.432997,mRNA
ING1,-0.126307,mRNA
KCNK7,1.11691,mRNA
NUTF2,0.261041,mRNA
MAP1B,0.468851,mRNA
MLLT1,-0.810914,mRNA
HS3ST2,1.00319,mRNA
NEFL,2.40168,mRNA
ANP32A,0.101776,mRNA
UBD,-1.27992,mRNA
PSMC4,0.173897,mRNA
B3GNT2,0.0506937,mRNA
TRIM10,0.848044,mRNA
SNRNP27,-0.28642,mRNA
SLC2A3,0.196605,mRNA
SOX30,-0.287709,mRNA
B4GALT7,0.186814,mRNA
RFC5,0.456216,mRNA
MAPRE1,-0.253076,mRNA
ASF1A,-0.0172732,mRNA
UBTF,-0.0438877,mRNA
ADAMTS2,0.668086,mRNA
GTF2I,-0.243042,mRNA
IFRD1,0.0787442,mRNA
ACTA2,0.750509,mRNA
ARF1,0.0530381,mRNA
CPE,-0.0104893,mRNA
IGHMBP2,0.09271,mRNA
JAG2,1.45209,mRNA
MAN2A1,-0.66337,mRNA
MGAT3,3.37267,mRNA
PLAGL2,-0.290955,mRNA
PNN,-0.399176,mRNA
PRPS2,-0.0045966,mRNA
RAC2,-0.200071,mRNA
RAP2B,0.599976,mRNA
SRF,-1.50816,mRNA
TNP1,-2.51417,mRNA
DEGS1,0.675197,mRNA
WASF1,0.872052,mRNA
TPH1,0.813985,mRNA
ACP1,-0.0410751,mRNA
DDX5,-0.328823,mRNA
WNT7A,2.87787,mRNA
LCN15,2.17129,mRNA
RPRML,-0.969744,mRNA
IGSF1,4.61386,mRNA
ZNF543,-0.382138,mRNA
FCRL1,-2.4578,mRNA
PLCL1,-0.952005,mRNA
KDM2B,-0.277302,mRNA
SNRK,-0.198812,mRNA
MANEA,-0.214771,mRNA
FAIM2,-0.653168,mRNA
CD160,-0.544042,mRNA
CLUL1,-2.01835,mRNA
EXOSC9,-0.0882796,mRNA
C12orf50,-0.138323,mRNA
EMCN,-0.370395,mRNA
HSF5,-1.57588,mRNA
ZNF154,-0.62217,mRNA
CPPED1,-0.348871,mRNA
EIF5AL1,0.195196,mRNA
PDS5A,0.00279305,mRNA
WEE2,-1.03386,mRNA
CLDN22,0.5743,mRNA
C6,-2.60657,mRNA
AUTS2,1.18884,mRNA
GABRA1,5.57069,mRNA
PABPC4,0.393574,mRNA
FBXO30,-1.20609,mRNA
LOXL4,-0.143764,mRNA
FNDC1,-0.412023,mRNA
PLA2G12B,6.10294,mRNA
PAPOLA,-0.326343,mRNA
TMEM87B,0.253208,mRNA
KRTAP3-3,-1.27106,mRNA
WDR4,-0.270467,mRNA
SLC2A13,1.25617,mRNA
PANX3,-0.263614,mRNA
B3GAT2,-0.396927,mRNA
GIMAP1,-0.314826,mRNA
RASGEF1A,0.845691,mRNA
CDCA7,-0.633326,mRNA
EID2B,0.0892525,mRNA
TPD52L1,1.80493,mRNA
TXNL4A,0.168736,mRNA
DPM1,-0.206138,mRNA
SLC6A11,0.765648,mRNA
ERAP2,0.530402,mRNA
CDK4,0.28733,mRNA
ERCC8,-0.336726,mRNA
INSR,1.05537,mRNA
CBY1,-0.117226,mRNA
DBX2,-3.03382,mRNA
ST8SIA6,-0.376895,mRNA
RIPPLY2,-1.21665,mRNA
UBAC2,0.0714715,mRNA
ITGA1,-0.41315,mRNA
PMEPA1,1.26047,mRNA
MAP4K4,0.83737,mRNA
LRRTM2,-1.50053,mRNA
TPCN1,-0.012743,mRNA
GTF3C3,-0.0861918,mRNA
CHST11,0.963436,mRNA
CCDC47,-0.134843,mRNA
SLC12A5,2.56678,mRNA
DUS1L,0.14468,mRNA
CDC73,-0.510576,mRNA
CCDC134,-0.151056,mRNA
NFKBIL1,0.109024,mRNA
MRGPRF,-0.892629,mRNA
MSRA,0.345005,mRNA
NHS,-1.1175,mRNA
SYVN1,-0.24227,mRNA
MRPL30,-0.100324,mRNA
ACSM2A,-2.65984,mRNA
FHOD3,-0.297498,mRNA
ADAM17,0.0187389,mRNA
NAA25,-0.302041,mRNA
EMG1,0.166955,mRNA
FOXH1,0.889431,mRNA
CYTH3,-1.17276,mRNA
SLC6A12,0.505742,mRNA
DSTN,-0.545712,mRNA
NGDN,-0.25271,mRNA
BRD2,-0.502119,mRNA
CACNA1I,-0.563975,mRNA
SYPL2,-0.539659,mRNA
HTR1D,2.21995,mRNA
HELZ,-0.692655,mRNA
CLUAP1,-0.0675812,mRNA
PYCR1,0.553669,mRNA
SLC9A6,-0.109871,mRNA
POLR3GL,-0.232166,mRNA
PIP5K1A,-0.131406,mRNA
FAM114A1,-0.144025,mRNA
CNKSR2,0.0118608,mRNA
PGAP2,-0.0738832,mRNA
NAIP,-0.870389,mRNA
BBS9,0.174539,mRNA
XYLB,-0.0485012,mRNA
PLCH1,-2.29713,mRNA
ARHGAP26,-0.418819,mRNA
PRPF38B,-0.370673,mRNA
KRIT1,-0.310514,mRNA
ICA1,-0.00534211,mRNA
C17orf80,-0.527332,mRNA
ABCF3,-0.0484796,mRNA
RPUSD3,0.450065,mRNA
RHOT2,0.0306668,mRNA
ARMC9,0.361582,mRNA
DENND3,-0.390442,mRNA
TPRA1,0.144932,mRNA
POMT1,-0.124872,mRNA
CDCP2,-1.38939,mRNA
AHSG,4.32981,mRNA
MITF,0.0645236,mRNA
PFKM,-0.270642,mRNA
TYMS,1.35397,mRNA
TUSC3,3.12911,mRNA
PABPN1,0.0632695,mRNA
TSC2,-0.0552888,mRNA
C10orf95,1.31527,mRNA
CYP4A11,0.0762869,mRNA
UBR2,-0.364217,mRNA
LHX3,0.491832,mRNA
MEF2A,-0.142066,mRNA
CPEB1,0.267998,mRNA
CCDC142,-0.46165,mRNA
SBF1,-0.735961,mRNA
MECOM,1.07913,mRNA
DOCK9,1.35554,mRNA
CHRM4,0.0954904,mRNA
ANKRD30B,3.55323,mRNA
ATP8B2,-0.6867,mRNA
GTF2IRD2,-0.525344,mRNA
GTF2IRD2B,-0.5996,mRNA
APTX,-0.0110974,mRNA
CSRP3,1.03197,mRNA
STK36,-0.236378,mRNA
ARAP1,0.602975,mRNA
LMO4,0.419177,mRNA
TBC1D10C,-0.650751,mRNA
MYPN,1.12502,mRNA
LGI1,-2.32854,mRNA
ZNF768,0.18171,mRNA
NETO2,-0.655978,mRNA
MYH10,1.33877,mRNA
DNAJC7,0.160453,mRNA
ZNF581,0.960209,mRNA
LPAR2,-0.172634,mRNA
EYA2,-1.02952,mRNA
PDZD11,0.346799,mRNA
FOXP4,0.597289,mRNA
KLC3,2.08111,mRNA
MTMR11,2.29051,mRNA
SH3TC1,-0.10483,mRNA
PRKAG2,-0.368343,mRNA
MIOS,-0.367814,mRNA
MTSS1,0.904924,mRNA
RNF220,0.331223,mRNA
CELF2,-0.21305,mRNA
POMGNT1,-0.185458,mRNA
NUMA1,0.202659,mRNA
PDZD3,0.478128,mRNA
HDAC7,0.417413,mRNA
PRH2,0.302707,mRNA
PPP1R13B,-0.784076,mRNA
ASPG,-1.89672,mRNA
SMPD3,-0.84664,mRNA
CDK10,0.0240795,mRNA
JUP,0.0697588,mRNA
PHF23,0.402484,mRNA
HNRNPL,0.0389327,mRNA
ARVCF,-0.180621,mRNA
PTPN18,-0.400147,mRNA
SLC30A3,4.10392,mRNA
RDH12,-1.49392,mRNA
ZSCAN29,-0.269245,mRNA
C19orf18,0.0704427,mRNA
MLKL,0.339579,mRNA
THAP8,0.568362,mRNA
ZSCAN4,2.25011,mRNA
FAM133B,-0.409194,mRNA
CHST13,1.20604,mRNA
LRWD1,0.477902,mRNA
ENPP6,-1.42398,mRNA
TMEM139,-1.89733,mRNA
APCDD1L,3.01786,mRNA
HOXC4,-0.250489,mRNA
RAB39B,0.114975,mRNA
NOXO1,0.946013,mRNA
CSF1,0.183472,mRNA
UNC45B,-0.263589,mRNA
RCOR2,1.36753,mRNA
TIGIT,-1.15909,mRNA
CD86,0.157089,mRNA
FAM181B,-1.44081,mRNA
PDLIM2,0.201563,mRNA
FAM171B,0.946136,mRNA
BHLHA15,-1.04933,mRNA
TAS1R1,1.37626,mRNA
GGT7,-0.304258,mRNA
SNAI3,0.204278,mRNA
BTN2A2,0.0516165,mRNA
SPINT1,1.63546,mRNA
GJA5,1.14859,mRNA
ABHD12B,0.385751,mRNA
ZNF428,0.194956,mRNA
CABP7,1.41367,mRNA
ANKDD1A,-0.969262,mRNA
NBL1,0.175859,mRNA
EIF4G1,0.0658849,mRNA
RD3,1.64281,mRNA
RNF14,-0.143295,mRNA
NCKIPSD,0.50274,mRNA
SHISA4,-0.195981,mRNA
UBE2L6,0.297799,mRNA
P2RY10,-1.38903,mRNA
FLRT3,1.40746,mRNA
FOXR2,4.91285,mRNA
PAQR9,-0.899771,mRNA
SBSN,2.51884,mRNA
SP8,6.85887,mRNA
SLC43A3,-0.907458,mRNA
KLC4,-0.151439,mRNA
GTF2A1,-0.565668,mRNA
FOXM1,0.428263,mRNA
MEX3D,0.854832,mRNA
NFKBIB,-0.0406789,mRNA
UBAP2,-0.364589,mRNA
COQ7,-0.362742,mRNA
RNF183,3.70646,mRNA
RAB11FIP5,0.287956,mRNA
PTGR2,-0.329846,mRNA
CD1D,0.252357,mRNA
SGMS2,0.042033,mRNA
ADCY3,0.19749,mRNA
DPP4,4.54234,mRNA
AGT,1.35499,mRNA
LCA5L,-0.71849,mRNA
RIC8A,0.0242529,mRNA
LPAR1,-1.42324,mRNA
GRID2IP,0.465945,mRNA
MAP7D1,0.214543,mRNA
FHAD1,-0.571466,mRNA
TTC28,-0.206682,mRNA
ADIG,-1.63969,mRNA
SHF,1.09596,mRNA
ELFN1,1.88538,mRNA
PBRM1,-0.275548,mRNA
DAB2IP,0.956395,mRNA
PAK6,0.019874,mRNA
EFNA2,2.91762,mRNA
CELSR3,0.487734,mRNA
RNF11,-0.0395053,mRNA
EIF2AK1,0.0368547,mRNA
SNX5,0.17033,mRNA
ARFIP1,0.100078,mRNA
SESN1,0.107939,mRNA
CSDC2,-0.806419,mRNA
RND1,-0.70016,mRNA
CDR2L,1.02165,mRNA
MDC1,-0.67132,mRNA
KDM4A,0.0410597,mRNA
CLINT1,-0.268099,mRNA
NUP93,-0.475992,mRNA
SETD1A,0.0101079,mRNA
SERTAD2,0.422905,mRNA
ARHGEF17,0.10709,mRNA
URB1,0.211967,mRNA
NUAK1,0.105165,mRNA
RCOR1,-0.062757,mRNA
RRS1,0.537209,mRNA
RPRD2,0.140567,mRNA
SYNM,-0.933946,mRNA
TMEM158,0.867868,mRNA
CCDC69,-0.281994,mRNA
AZIN1,-0.299472,mRNA
PLA1A,-0.556961,mRNA
MRPL2,0.00925908,mRNA
FIS1,0.20954,mRNA
TAOK2,0.242543,mRNA
CYB5R4,-0.173382,mRNA
NAGPA,0.328429,mRNA
KLF2,-0.802411,mRNA
PCYOX1,-0.183193,mRNA
GTSE1,-0.00629863,mRNA
TMEM9,0.0770844,mRNA
MRPL27,0.156608,mRNA
PIPOX,0.643267,mRNA
AMBN,-0.392588,mRNA
CCR10,1.13676,mRNA
FAM53C,-0.641682,mRNA
TNFRSF12A,1.8097,mRNA
SMN2,-0.0293247,mRNA
TERF1,-0.483771,mRNA
ALKBH4,0.167454,mRNA
GDPD2,0.853622,mRNA
NSUN2,-0.022708,mRNA
YTHDF1,-0.106942,mRNA
HAUS4,0.195352,mRNA
URGCP,-0.0177621,mRNA
KIF26B,-0.531293,mRNA
LUC7L,0.219184,mRNA
NODAL,0.511075,mRNA
TMEM39B,0.271555,mRNA
SHQ1,-0.292071,mRNA
DPPA4,-1.71579,mRNA
TBC1D13,-0.204272,mRNA
ETNK2,1.50219,mRNA
TMEM30A,0.26164,mRNA
ECHDC2,-0.31442,mRNA
RBBP5,-0.276938,mRNA
SLC13A3,0.291255,mRNA
IL17RE,0.491496,mRNA
RAB9A,-0.228803,mRNA
TLX1,2.72598,mRNA
SEPHS1,-0.441103,mRNA
BTN2A1,0.0190708,mRNA
CAPN1,0.212556,mRNA
DCAF6,0.0815135,mRNA
ARL2,-0.41886,mRNA
TBC1D10A,0.351882,mRNA
CAPZB,-0.077688,mRNA
CCNA2,-0.185401,mRNA
WDR20,-0.130146,mRNA
RNF146,0.43324,mRNA
DHDDS,-0.00760139,mRNA
TSC22D1,1.80886,mRNA
PIK3R5,-0.190196,mRNA
CHL1,1.37087,mRNA
UXS1,0.299515,mRNA
CDC27,-0.438693,mRNA
ELOVL1,0.224837,mRNA
RXRG,5.30893,mRNA
ZNF484,-0.428882,mRNA
SLC25A25,-1.45671,mRNA
MDK,2.63195,mRNA
PROX1,-2.50245,mRNA
TRAPPC3,0.06581,mRNA
LTBR,0.174872,mRNA
CSNK1A1,0.178599,mRNA
TREML1,-0.705611,mRNA
CCDC120,0.520379,mRNA
PAQR6,1.6019,mRNA
EIF4E2,-0.211304,mRNA
CIB1,0.165811,mRNA
ILK,0.169572,mRNA
ARPC3,0.445797,mRNA
MYBL2,-1.13954,mRNA
KCNH6,0.574899,mRNA
REXO4,0.153154,mRNA
MLPH,-0.265026,mRNA
SLC26A6,0.369807,mRNA
ATP7A,-0.0758567,mRNA
MDH2,0.0362059,mRNA
KCTD17,0.808503,mRNA
LRRTM4,1.24076,mRNA
PLCB2,-0.0285178,mRNA
ANLN,1.02064,mRNA
IQCH,-1.05102,mRNA
GPR6,-3.42656,mRNA
CLIC1,0.656917,mRNA
CSF1R,0.56415,mRNA
CLIC2,-0.23414,mRNA
RNASE9,0.141549,mRNA
USO1,-0.0610658,mRNA
IL26,0.696382,mRNA
STYK1,1.4426,mRNA
PI4K2A,0.952898,mRNA
SVOP,-1.45943,mRNA
TREM2,1.25256,mRNA
GPR173,0.623781,mRNA
SSH1,0.18547,mRNA
RHOF,0.17339,mRNA
CCHCR1,0.220774,mRNA
ROBO4,0.359258,mRNA
GPCPD1,0.526574,mRNA
GSK3A,0.0880189,mRNA
KCMF1,0.019227,mRNA
OTOR,0.0302091,mRNA
LHX9,4.48451,mRNA
ACVR1B,-0.141638,mRNA
VANGL2,0.0665209,mRNA
TMEM63C,0.230765,mRNA
GJC2,0.295368,mRNA
RAB22A,-0.0266405,mRNA
USP31,0.256059,mRNA
LRFN2,1.09749,mRNA
CC2D2A,-0.251949,mRNA
ZNF624,-0.18136,mRNA
PCDH10,-0.953158,mRNA
DHX36,-0.313421,mRNA
METTL14,-0.504181,mRNA
RPL41,0.0132352,mRNA
CRY2,-0.871934,mRNA
CADM3,1.07144,mRNA
HOXD11,2.28008,mRNA
ZBED5,-0.280359,mRNA
ZNF462,-0.180235,mRNA
NGB,3.32304,mRNA
SLC5A7,-1.59151,mRNA
ZNF335,-0.0066701,mRNA
KIF13A,-0.339439,mRNA
CLSTN2,-1.31027,mRNA
XYLT2,0.381259,mRNA
TOR3A,-0.0259777,mRNA
DNMT3A,0.169232,mRNA
ELOVL4,1.33534,mRNA
ACBD3,-0.218147,mRNA
PLA2G2F,2.10379,mRNA
OTUB2,0.105574,mRNA
C1orf116,1.5333,mRNA
WT1,2.24581,mRNA
HOXD1,4.96685,mRNA
CCNJL,0.483875,mRNA
RHBDF2,0.301534,mRNA
SMC6,-0.106789,mRNA
MCTP1,0.63222,mRNA
ARMC5,-0.174798,mRNA
SETD6,-0.249151,mRNA
NINL,-0.658535,mRNA
ITPKC,0.171088,mRNA
SMCP,0.440142,mRNA
OR51E2,0.786665,mRNA
SLC2A10,-0.0252266,mRNA
GPR63,-1.12145,mRNA
CFHR5,3.25394,mRNA
OR5V1,-1.07319,mRNA
SFXN3,0.993656,mRNA
MFRP,0.843047,mRNA
PPP1R13L,0.947873,mRNA
C11orf21,-0.46851,mRNA
ASAP3,-0.539971,mRNA
CHORDC1,-0.362978,mRNA
ITGA7,0.92812,mRNA
USP27X,0.15491,mRNA
EVPLL,0.0182868,mRNA
GOLGA6D,-0.646065,mRNA
ZNF506,-0.4288,mRNA
SCRN1,0.383254,mRNA
GALP,0.532437,mRNA
HOMER3,-0.144895,mRNA
SH2B1,-0.11023,mRNA
SEMA7A,0.0811269,mRNA
GLRA1,3.21346,mRNA
NPTN,-0.0685809,mRNA
VCAN,1.97206,mRNA
FAM166B,0.0646374,mRNA
HES7,0.29606,mRNA
SLC34A1,1.01631,mRNA
RHBDD1,-0.213012,mRNA
SLC35A1,-0.0510949,mRNA
CDK16,0.443164,mRNA
PGAM5,0.0938378,mRNA
CDH23,-0.652925,mRNA
CDHR2,-0.287729,mRNA
ENDOU,-0.561762,mRNA
CELF3,-2.80291,mRNA
GGA3,0.377095,mRNA
ATP6AP1,0.496264,mRNA
RNF135,0.212646,mRNA
NCAPH2,-0.121878,mRNA
NCF2,0.74953,mRNA
HS6ST1,-0.474741,mRNA
GABRE,0.686722,mRNA
KCNC3,0.0964227,mRNA
KCND3,-1.53924,mRNA
PDCD1,-1.01065,mRNA
TRIM25,-0.331588,mRNA
SLC27A4,0.0839292,mRNA
FRAT1,-0.034619,mRNA
RANBP9,0.266265,mRNA
HSPG2,0.571563,mRNA
IDH3A,-0.0984684,mRNA
LMO2,-0.194469,mRNA
AASS,-0.914168,mRNA
TRIM13,0.0253788,mRNA
KLRG1,-1.13743,mRNA
IGSF6,0.84094,mRNA
CHD3,-0.590581,mRNA
SF3A1,-0.151917,mRNA
MMP16,2.88265,mRNA
HS3ST4,2.00058,mRNA
HS3ST3B1,-0.829003,mRNA
UBE4B,-0.258657,mRNA
LAMC3,-0.0144243,mRNA
SFN,4.01459,mRNA
PPEF2,-0.580407,mRNA
RAN,0.0728663,mRNA
SLC30A9,-0.28659,mRNA
ST6GALNAC2,-0.635278,mRNA
HIC1,-0.313594,mRNA
SLC16A2,-1.21166,mRNA
WNT6,0.529216,mRNA
ELL,0.0345683,mRNA
YKT6,0.0123906,mRNA
RBBP9,0.265212,mRNA
RUVBL2,0.244559,mRNA
SPIN1,-0.124588,mRNA
GLIPR1,-0.884547,mRNA
SLC39A7,-0.260597,mRNA
FAF1,0.376034,mRNA
TFDP1,-0.367207,mRNA
ZNF175,-0.386296,mRNA
PKP3,0.458887,mRNA
STK38,0.263526,mRNA
SYNPO,0.909534,mRNA
ATF6,-0.163069,mRNA
CD2AP,0.0879734,mRNA
NNT,-0.394037,mRNA
ANP32D,0.133311,mRNA
RLF,-0.533627,mRNA
USP21,-0.105462,mRNA
WBP1,0.161297,mRNA
SNX8,0.398536,mRNA
PADI1,3.45936,mRNA
ABT1,0.0673368,mRNA
CCDC22,0.270113,mRNA
HOXC11,1.27121,mRNA
FLNA,0.894196,mRNA
HAS1,-0.258849,mRNA
IFIT2,0.844599,mRNA
IRAK1,-0.489274,mRNA
ARF3,0.175015,mRNA
DPT,-3.26098,mRNA
EDN1,0.338384,mRNA
ELK4,-0.542502,mRNA
ITPKB,0.455015,mRNA
KIF3C,-0.240414,mRNA
LRP3,-0.139778,mRNA
LRP5,-0.199175,mRNA
OLR1,0.81026,mRNA
P2RY1,-0.256998,mRNA
PEX13,-0.251472,mRNA
PITX1,0.91276,mRNA
PLCG2,-0.483711,mRNA
PLN,-0.680362,mRNA
PTPN9,-0.408094,mRNA
PTPRS,-0.0696454,mRNA
RCN1,-0.0300646,mRNA
SOX2,-0.165557,mRNA
SYP,-1.30822,mRNA
TSPAN4,0.282538,mRNA
TNNC2,1.06187,mRNA
TOP1,-0.0379829,mRNA
UBA52,0.122293,mRNA
UGCG,-0.124899,mRNA
CDC7,0.414331,mRNA
HERC1,-0.712941,mRNA
CH25H,0.757235,mRNA
PAX2,3.47381,mRNA
AMPD2,0.124285,mRNA
DNTT,-1.6458,mRNA
SLC1A1,-0.984441,mRNA
CHST3,-0.133279,mRNA
H6PD,-0.042506,mRNA
ART1,0.35341,mRNA
BCL9,0.509185,mRNA
CLCN2,-0.24314,mRNA
FOXD2,1.11542,mRNA
MCM2,0.452581,mRNA
YBX1,-0.201159,mRNA
PFKFB3,0.263937,mRNA
SLC9A5,2.11536,mRNA
SLC16A6,-0.323961,mRNA
SLC24A1,-0.312449,mRNA
MBLAC1,-0.363089,mRNA
FAM199X,-0.381419,mRNA
ZC3H12D,-0.368606,mRNA
DUSP14,-1.01938,mRNA
CSF2RB,-0.174497,mRNA
L2HGDH,-0.569387,mRNA
DYDC1,-1.26281,mRNA
DNASE1L1,0.0385164,mRNA
DAAM2,-0.414062,mRNA
SLC17A1,0.752252,mRNA
ERCC4,-0.404899,mRNA
CNP,0.451327,mRNA
CPAMD8,1.17653,mRNA
CIT,0.776362,mRNA
COL16A1,0.0414818,mRNA
ARSB,0.369423,mRNA
ASRGL1,0.000838977,mRNA
INHBA,0.633714,mRNA
SULT1C2,-0.684579,mRNA
CREBBP,-0.365327,mRNA
UNK,-0.095407,mRNA
GPR108,0.254884,mRNA
GRXCR2,-1.15915,mRNA
DGKG,-0.744112,mRNA
LNP1,-0.415072,mRNA
TDRD10,0.937315,mRNA
ECE2,-0.106655,mRNA
KDELR2,-0.131598,mRNA
ACSM2B,-2.62533,mRNA
MSGN1,1.30477,mRNA
SRRM3,1.22995,mRNA
IGF1,-0.522875,mRNA
ENG,1.13973,mRNA
FRMD1,-1.08643,mRNA
TET2,-0.224093,mRNA
HHIPL1,0.655262,mRNA
AP1M1,0.160032,mRNA
PHLDB2,0.990706,mRNA
UPP2,0.883787,mRNA
MFAP2,2.392,mRNA
HDAC11,-0.400431,mRNA
TMUB1,0.0551439,mRNA
LONP2,0.197114,mRNA
CDH20,0.525397,mRNA
CACNG6,0.615722,mRNA
KIRREL2,-0.307252,mRNA
ANKRD27,-0.64942,mRNA
DSEL,-1.1348,mRNA
PINK1,0.213306,mRNA
KBTBD8,-1.06268,mRNA
MAP1LC3A,-0.799845,mRNA
MFSD9,-0.524851,mRNA
MAPKAPK2,0.265206,mRNA
ATG16L2,0.0998317,mRNA
PGAP3,0.369096,mRNA
GADD45GIP1,0.481801,mRNA
GALNT13,2.68417,mRNA
GBP5,-0.479252,mRNA
ACSM1,0.78593,mRNA
EGLN2,0.0250573,mRNA
B3GAT1,2.0364,mRNA
KCNE4,0.00316983,mRNA
ASGR2,0.274075,mRNA
ATRX,-0.284058,mRNA
DTX3L,0.38364,mRNA
GLB1L2,-0.220639,mRNA
MARS2,-0.183129,mRNA
FAM83F,-0.179392,mRNA
ZNF689,-0.55193,mRNA
HINT3,-0.156309,mRNA
LOC93622,0.227099,mRNA
BAX,1.05681,mRNA
FAM3D,1.19389,mRNA
SGCZ,-1.89642,mRNA
ANGPTL4,1.42005,mRNA
TMEM125,-0.146614,mRNA
IL20RB,-0.0577917,mRNA
DENND5B,-0.244117,mRNA
HTRA2,-0.0654893,mRNA
NXNL2,1.4187,mRNA
CADM4,0.267279,mRNA
ARRDC1,0.620364,mRNA
C1orf216,0.945198,mRNA
NKAIN2,0.0836559,mRNA
CCDC28B,0.529175,mRNA
COX10,-0.418941,mRNA
TMEM198,-0.725305,mRNA
SENP6,-0.264107,mRNA
CLDN4,0.423442,mRNA
NUP214,-0.211684,mRNA
SLITRK3,-1.31326,mRNA
STK32C,-0.178773,mRNA
OSM,0.841259,mRNA
HDAC9,1.28193,mRNA
MTA2,0.332246,mRNA
PTMS,0.6355,mRNA
ALAD,-0.301538,mRNA
CYP1B1,3.04456,mRNA
EXT1,-0.488169,mRNA
GP1BA,-1.45726,mRNA
HSD11B2,-1.30019,mRNA
KCNA1,-4.09662,mRNA
POU3F4,1.20128,mRNA
CYP21A2,0.630976,mRNA
SERPINA5,-2.21651,mRNA
ADRA1A,-0.737104,mRNA
ADRB1,0.058161,mRNA
CHRNB1,0.264442,mRNA
GABRA3,2.55378,mRNA
GAD1,1.08545,mRNA
GRIK3,2.93278,mRNA
MAOB,-0.718212,mRNA
RPL38,0.199977,mRNA
TM6SF2,1.45802,mRNA
AWAT2,4.48605,mRNA
SLC6A19,0.665682,mRNA
OR52N4,0.484778,mRNA
TTYH1,0.456305,mRNA
ATN1,-0.106219,mRNA
ZNF599,-0.288836,mRNA
KLHDC9,-0.173815,mRNA
IGFBPL1,-2.75315,mRNA
MUC21,6.31115,mRNA
TRNP1,1.04691,mRNA
IL31,-1.77926,mRNA
LAT,-0.592168,mRNA
SPTB,0.304469,mRNA
ASL,0.0245115,mRNA
MBP,-0.173284,mRNA
RAB12,0.0561254,mRNA
ITPRIPL2,0.64355,mRNA
ATAD3C,0.0991158,mRNA
CBLN3,0.335132,mRNA
ACBD7,2.40243,mRNA
MESP2,0.868048,mRNA
ZCWPW2,-0.791431,mRNA
CD3D,-1.2774,mRNA
ZXDC,-0.229913,mRNA
SLC2A4,-0.0942104,mRNA
AMMECR1,0.248402,mRNA
SLC22A1,-0.28974,mRNA
RFWD3,0.0233668,mRNA
WWP1,-0.541669,mRNA
FHL5,-0.352556,mRNA
PTPN7,-0.680719,mRNA
ZC3H13,-0.433059,mRNA
TSGA10,-0.684544,mRNA
SRPK2,-0.0545643,mRNA
RCBTB1,-0.354193,mRNA
LIG4,-0.226165,mRNA
GPHN,0.270934,mRNA
THOC1,-0.236688,mRNA
ZDHHC11,-1.23376,mRNA
SNTG1,1.86793,mRNA
ACACB,-1.5269,mRNA
PIK3C2G,-4.48938,mRNA
PARD3B,-0.577434,mRNA
SLC16A14,0.20137,mRNA
CACNA2D4,-0.536004,mRNA
CDK5RAP3,-0.0868209,mRNA
C17orf58,0.364544,mRNA
DPY19L4,-0.0586283,mRNA
MMD2,1.16564,mRNA
COLEC11,-0.471326,mRNA
ZNF644,-0.566332,mRNA
PSPH,-0.376557,mRNA
HK2,0.904691,mRNA
DNASE2,0.178556,mRNA
LAS1L,0.0376853,mRNA
ZSCAN20,-0.274115,mRNA
FAM72A,-0.332447,mRNA
SLC39A1,0.018646,mRNA
LCMT2,-0.183905,mRNA
CEP170,-0.267711,mRNA
TRIL,0.676228,mRNA
TECPR2,0.107413,mRNA
ZCCHC14,0.0489523,mRNA
ARAP2,-1.12218,mRNA
PDGFC,0.720367,mRNA
SCYL2,0.099789,mRNA
DNAJC27,-0.789258,mRNA
NADK,0.065478,mRNA
MKX,2.92353,mRNA
AP4B1,-0.378723,mRNA
IDH3B,-0.237327,mRNA
PDCD6,0.0329686,mRNA
CSNK1G3,-0.119134,mRNA
TWIST2,-0.864035,mRNA
STK25,-0.316577,mRNA
LRRFIP2,-0.598094,mRNA
NAPB,-0.319741,mRNA
MED6,-0.160516,mRNA
FRMD5,4.10082,mRNA
COL4A6,-1.65047,mRNA
PHF12,0.0135807,mRNA
VPS33B,-0.00267416,mRNA
THAP10,0.174965,mRNA
KLHL8,-0.906584,mRNA
CHST6,2.69921,mRNA
AGBL5,-0.212957,mRNA
ZNF557,-0.255621,mRNA
PLEKHF2,-0.344956,mRNA
TM4SF20,-1.28017,mRNA
TMX1,-0.198127,mRNA
ITFG1,-0.146152,mRNA
ST6GALNAC5,5.46806,mRNA
PCDH15,-1.34529,mRNA
SLCO1C1,1.27969,mRNA
FCHO2,0.451655,mRNA
NR3C2,-0.798528,mRNA
GPC6,0.171073,mRNA
SPON1,0.900423,mRNA
HMGN4,0.0451448,mRNA
VTI1B,-0.120857,mRNA
SLBP,0.333003,mRNA
KIF1C,0.0100056,mRNA
PRKDC,-0.123158,mRNA
TESK2,0.0284879,mRNA
GALNT6,0.388005,mRNA
BRD3,-0.253743,mRNA
TRIM29,3.54564,mRNA
MID2,-0.139046,mRNA
ACADSB,-0.766524,mRNA
BTG1,-0.558991,mRNA
FTH1,0.807318,mRNA
MAFG,-0.463033,mRNA
SLIT1,6.01653,mRNA
SMARCD3,0.784289,mRNA
SP4,-0.614869,mRNA
PPFIA1,0.130112,mRNA
RDH16,0.179069,mRNA
RHOB,-0.606664,mRNA
ONECUT1,1.1353,mRNA
OVOL1,-0.289799,mRNA
FAM72D,-0.550355,mRNA
ANO5,-1.58203,mRNA
TAB2,-0.151295,mRNA
PLEKHN1,4.12683,mRNA
TACR1,-0.00453892,mRNA
USP6NL,0.318384,mRNA
TBX18,-0.611176,mRNA
TMEM184A,3.04826,mRNA
RC3H2,-0.568751,mRNA
FAM72B,-0.620875,mRNA
PIRT,-0.896394,mRNA
TC2N,-1.11294,mRNA
RFESD,-0.146202,mRNA
LMLN,-0.458301,mRNA
ELOF1,0.274481,mRNA
ADO,-0.386557,mRNA
ZFP91,-0.0536343,mRNA
PABPC5,-0.780647,mRNA
SLC25A46,-0.380607,mRNA
ZNF333,-0.451142,mRNA
ZNF582,-0.381571,mRNA
PYGO1,-1.26995,mRNA
ADH5,-0.592554,mRNA
P4HA1,0.381149,mRNA
OR52N1,-0.291827,mRNA
OR1B1,-0.457477,mRNA
WDR35,-0.477941,mRNA
SHISA2,0.131837,mRNA
MAGEA10,-0.279377,mRNA
VMAC,-0.265796,mRNA
PCDH17,1.13232,mRNA
GPC2,1.09723,mRNA
DNAJC5G,0.988228,mRNA
SLC6A20,5.93888,mRNA
ZBTB11,-0.101133,mRNA
PARP16,-0.281434,mRNA
ZNF664,-0.142633,mRNA
APPL1,-0.429792,mRNA
LRRC8C,-0.0136399,mRNA
TEKT1,-3.02599,mRNA
C1orf122,0.378352,mRNA
ANKRD10,0.157807,mRNA
MAP3K3,0.0320784,mRNA
TTC3,0.146479,mRNA
GSN,0.616558,mRNA
CASP3,0.302088,mRNA
JOSD1,-0.149413,mRNA
TMEM120A,0.149567,mRNA
PPHLN1,0.186368,mRNA
BCAS1,-0.519021,mRNA
LCN10,0.92872,mRNA
HPSE2,3.32558,mRNA
SUB1,-0.195312,mRNA
LATS1,-0.50866,mRNA
RIMBP2,1.2926,mRNA
CMIP,-0.488436,mRNA
NUP50,-0.63072,mRNA
SPEG,0.515854,mRNA
GPC1,0.365215,mRNA
ZNF597,-0.0532982,mRNA
LRRN4,1.7764,mRNA
STT3A,-0.325443,mRNA
CDHR3,-2.9248,mRNA
COL24A1,0.531119,mRNA
SLC26A11,0.245893,mRNA
IL9R,-0.0639135,mRNA
PAQR7,0.670653,mRNA
DCAF11,-0.226096,mRNA
USP12,-0.674179,mRNA
QRFP,-1.01758,mRNA
KCTD8,-1.15709,mRNA
ZC3H6,-0.390279,mRNA
KRTAP10-7,-0.368567,mRNA
CYP4F3,-0.28175,mRNA
FAM110B,0.223133,mRNA
MED25,0.038016,mRNA
SEMA3D,-2.32334,mRNA
OR2L2,-1.32186,mRNA
STXBP6,0.757131,mRNA
PHF14,-0.146404,mRNA
EDEM1,0.665944,mRNA
ADAMTSL2,0.820612,mRNA
DIP2A,-0.121861,mRNA
AHCTF1,-0.238894,mRNA
KBTBD2,0.202684,mRNA
FGFR1OP2,-0.163093,mRNA
ABCA12,4.81787,mRNA
PIGT,0.0586568,mRNA
MEMO1,0.31097,mRNA
FCF1,-0.430246,mRNA
CNR1,0.592895,mRNA
TRAPPC4,0.232631,mRNA
TLX2,0.365467,mRNA
FZR1,-0.0859285,mRNA
ZNF12,-0.263906,mRNA
GMIP,-0.172117,mRNA
SIX2,0.68494,mRNA
DUOX1,0.214763,mRNA
WDR5,-0.259483,mRNA
MED29,-0.116218,mRNA
CDCA8,-0.0475256,mRNA
XIRP2,0.540475,mRNA
EDA2R,1.34134,mRNA
HMGN3,-0.027205,mRNA
NCOR2,0.143774,mRNA
MEGF10,0.886953,mRNA
EPS15L1,-0.108431,mRNA
EXTL2,-0.315559,mRNA
UCK1,0.0440101,mRNA
RCN2,0.786762,mRNA
EOMES,-0.99224,mRNA
ACTN2,0.398945,mRNA
RAD17,-0.226008,mRNA
GORASP1,-0.196321,mRNA
PTGDR,-0.869927,mRNA
CRELD2,-1.0196,mRNA
RRP12,0.257204,mRNA
MLLT3,-1.02066,mRNA
PRRC1,-0.123811,mRNA
CYFIP1,0.130288,mRNA
PAG1,-0.0864291,mRNA
CDCA7L,-0.298471,mRNA
SLC25A40,-0.518841,mRNA
EML4,0.242017,mRNA
LTB4R2,-0.310508,mRNA
CASKIN2,0.504727,mRNA
XK,-0.488095,mRNA
ZNF8,0.0104571,mRNA
TRIB2,0.705926,mRNA
SIVA1,0.0641882,mRNA
SMURF2,0.211945,mRNA
CENPH,0.367596,mRNA
CAMKV,-0.345868,mRNA
THTPA,-0.267751,mRNA
POF1B,-0.103379,mRNA
ZNF556,0.14971,mRNA
APOL2,0.390878,mRNA
BSDC1,0.0160706,mRNA
CAPN14,-0.995409,mRNA
C12orf75,0.513104,mRNA
CLDN14,1.62567,mRNA
SETDB2,-0.708101,mRNA
DHCR7,0.60641,mRNA
GABRA5,-0.50318,mRNA
FRAS1,-1.70835,mRNA
CDK17,0.109745,mRNA
FUS,0.0296447,mRNA
PGM1,0.0917496,mRNA
DAZL,-1.11816,mRNA
CXCL14,3.91322,mRNA
ABL1,-0.215831,mRNA
GFER,0.344997,mRNA
SALL2,-0.716868,mRNA
PIGK,-0.341734,mRNA
PDCD7,-0.0890777,mRNA
SLC35B1,-0.223007,mRNA
NFYB,-0.327597,mRNA
PCP4,-0.820989,mRNA
PIK3CA,-0.0986032,mRNA
ANP32B,0.00949406,mRNA
PROCR,0.635151,mRNA
ZNF80,-1.38665,mRNA
PLA2R1,-3.01235,mRNA
MTO1,-0.0735316,mRNA
FBXL3,-0.79118,mRNA
FOXI1,-0.889417,mRNA
SLC39A6,0.165161,mRNA
OR2F1,-0.83299,mRNA
PITPNC1,0.202604,mRNA
TIMM8B,0.141444,mRNA
FAM32A,-0.0590019,mRNA
GRIK5,-0.206041,mRNA
PGF,-0.869249,mRNA
POLG,-0.0161875,mRNA
TRAPPC10,-0.253051,mRNA
RAB5A,-0.0270309,mRNA
COX6C,-0.0718946,mRNA
FOXA3,2.51369,mRNA
COIL,-0.296398,mRNA
USP50,-0.279917,mRNA
PDCD10,-0.0742049,mRNA
MAP3K12,0.436087,mRNA
APC2,0.0255203,mRNA
DCHS2,2.51537,mRNA
PSMD1,0.142884,mRNA
ABCC6,0.801605,mRNA
UNC13C,-1.79767,mRNA
SEBOX,-0.40153,mRNA
CUBN,-0.315517,mRNA
FUT3,5.34062,mRNA
SCIN,0.994308,mRNA
NOTO,1.99755,mRNA
INPP5K,0.502369,mRNA
TMEM132C,-0.783777,mRNA
RSPH3,-0.40736,mRNA
RPF2,0.11585,mRNA
ABHD13,-0.256918,mRNA
GABRG3,3.14825,mRNA
FOXQ1,2.24758,mRNA
TSGA13,-0.673933,mRNA
CLIC6,-0.431941,mRNA
GATA5,1.4233,mRNA
CBLN4,2.90489,mRNA
MRAP2,-1.23269,mRNA
CTTN,0.631791,mRNA
ANKRD22,1.06956,mRNA
VWA3B,-0.0620571,mRNA
ZNF626,-0.269003,mRNA
TRMT61A,-0.14249,mRNA
GRPEL2,-0.135566,mRNA
COL5A2,1.36917,mRNA
PECAM1,0.451334,mRNA
AK1,1.22561,mRNA
PTGIR,-0.456165,mRNA
DDI1,-0.39524,mRNA
SP5,0.372591,mRNA
OR8D4,-0.729527,mRNA
ZNF648,-0.378594,mRNA
C9orf152,-0.48558,mRNA
CDNF,-0.697385,mRNA
ERAP1,-0.110877,mRNA
ACAP2,0.0417358,mRNA
TTC30B,-1.0909,mRNA
CAPN7,-0.571449,mRNA
TMEFF2,-2.06503,mRNA
CHD7,-0.63644,mRNA
RHPN2,-0.549337,mRNA
OLFM2,-0.701749,mRNA
AFAP1,0.403355,mRNA
SLC35E1,0.0883768,mRNA
CDK2AP2,-0.20877,mRNA
OSBPL7,0.185819,mRNA
AVPR1B,0.735734,mRNA
TBC1D14,-0.188135,mRNA
CTSZ,0.0529891,mRNA
FNIP1,-0.144405,mRNA
DNTTIP1,0.208653,mRNA
PPIA,0.116974,mRNA
SOCS6,-0.426962,mRNA
SS18L1,0.0240184,mRNA
SH3BP4,-0.521383,mRNA
ABCA13,-0.236441,mRNA
RNF182,-0.526944,mRNA
IL12RB1,-0.401908,mRNA
SIAE,0.0365087,mRNA
ATP2A2,-0.221381,mRNA
CAMK2D,0.489113,mRNA
ACSF3,0.136622,mRNA
SSX2,0.27523,mRNA
SSX5,1.38278,mRNA
C16orf54,-1.1551,mRNA
HAPLN3,0.565923,mRNA
SLC36A2,0.565315,mRNA
SKA2,-0.14627,mRNA
RAB23,-0.811835,mRNA
CA13,0.844933,mRNA
NUDT1,0.438854,mRNA
THAP1,-0.233876,mRNA
HSP90AB1,0.0712669,mRNA
RGS7,1.11869,mRNA
FAM156A,0.154161,mRNA
CCDC18,-0.33453,mRNA
ATP2C1,-0.0978892,mRNA
TEKT2,-0.835212,mRNA
FOXP2,-2.47111,mRNA
ZNF592,0.0126866,mRNA
ARMCX2,0.427766,mRNA
TRANK1,0.0287192,mRNA
XPO7,0.134815,mRNA
FAM149A,-0.55645,mRNA
UBE2J1,-0.164805,mRNA
RBMS1,-0.104053,mRNA
CYP3A4,-0.222758,mRNA
CHRNA9,0.0215648,mRNA
MTMR8,-0.245443,mRNA
TMEM70,-0.321556,mRNA
C14orf119,0.485852,mRNA
SLC38A4,0.541716,mRNA
OGFOD1,0.204166,mRNA
ASXL2,-0.409991,mRNA
RFC1,-0.30309,mRNA
CLASP2,-0.341505,mRNA
TAF1C,-0.160653,mRNA
LRCH2,-0.0994233,mRNA
TRIM3,-0.146708,mRNA
CSE1L,0.02347,mRNA
TEAD2,0.612471,mRNA
RPS3A,-0.0409211,mRNA
COL5A1,1.94429,mRNA
PTGES3,-0.0433106,mRNA
ADAP1,0.44174,mRNA
RMND5B,0.139912,mRNA
LSG1,-0.163362,mRNA
IMPACT,-0.464321,mRNA
UTS2R,-1.97492,mRNA
SH3BP1,0.699992,mRNA
KCTD5,0.158301,mRNA
SGTB,-0.257909,mRNA
PAPPA2,-1.60752,mRNA
DDX24,0.09174,mRNA
PELI1,1.54278,mRNA
ZNF471,-0.644325,mRNA
KIAA1614,-1.07355,mRNA
SSX3,0.976609,mRNA
POLR2L,0.263731,mRNA
ABHD4,0.0884239,mRNA
SLC17A9,1.0049,mRNA
HOXC8,0.920421,mRNA
FOXL2,0.633395,mRNA
AACS,-0.227982,mRNA
EFHD2,1.14529,mRNA
ULBP3,0.22671,mRNA
GAL3ST4,0.682078,mRNA
ASXL3,-2.55436,mRNA
ZNF611,-0.452422,mRNA
MIER1,-0.143111,mRNA
GLRA2,1.0328,mRNA
LOXHD1,-0.814523,mRNA
TM4SF18,0.24079,mRNA
PTGES,0.324915,mRNA
NDUFAB1,0.211508,mRNA
OXA1L,0.159808,mRNA
CA3,0.0629848,mRNA
RTN2,1.3562,mRNA
ABCC5,-0.150877,mRNA
USPL1,-0.412875,mRNA
DNAJB2,0.0570629,mRNA
CCNI,-0.153077,mRNA
TMED1,0.198362,mRNA
DUSP10,-0.117385,mRNA
PNMA2,0.513639,mRNA
HBP1,-0.189579,mRNA
KLK9,4.46641,mRNA
OSTF1,0.338115,mRNA
PSD4,-0.15056,mRNA
EEF2K,0.164612,mRNA
BLNK,0.862691,mRNA
IRAK2,1.0393,mRNA
EGR4,-0.369136,mRNA
RFC3,-0.0740885,mRNA
SOAT1,0.0146233,mRNA
TAC1,-2.41213,mRNA
CUL2,-0.0921381,mRNA
NAALADL2,0.178457,mRNA
RPLP1,0.208266,mRNA
RFTN1,-0.282322,mRNA
TACR2,-0.506546,mRNA
RGP1,-0.475487,mRNA
ABCF1,-0.192437,mRNA
HIGD1A,-0.1521,mRNA
CD55,2.46656,mRNA
RWDD3,0.0184206,mRNA
PRR23A,1.06354,mRNA
TMEM233,0.359245,mRNA
PRKRA,0.0628819,mRNA
CRISPLD2,-0.634374,mRNA
CARD11,0.189969,mRNA
EMILIN3,2.3276,mRNA
C11orf52,-0.261902,mRNA
WDR89,-0.109553,mRNA
STK35,0.242637,mRNA
SNAP25,1.69892,mRNA
VSTM2A,-3.48199,mRNA
AGL,-0.559196,mRNA
SGCG,0.191611,mRNA
PRPH2,-0.858581,mRNA
ADORA2B,0.882872,mRNA
ANKRD34B,-0.852508,mRNA
CACNA1H,-1.00608,mRNA
UHRF1BP1L,-0.300842,mRNA
C2CD4B,1.60671,mRNA
FAM102B,0.222084,mRNA
PLAA,-0.0692932,mRNA
C12orf40,1.08752,mRNA
ZNF384,-0.0401159,mRNA
CKLF,1.02653,mRNA
UBXN4,-0.108463,mRNA
DENND2A,-0.434211,mRNA
PEX11G,-0.188164,mRNA
HOXB9,-0.0714413,mRNA
BEX2,-0.508216,mRNA
SNRNP200,-0.144604,mRNA
CYTH2,0.0760565,mRNA
MYO5B,0.183047,mRNA
OSBPL2,-0.16235,mRNA
TACR3,-2.12277,mRNA
FAM53A,-0.645353,mRNA
OR2T12,-0.276468,mRNA
TMEM72,0.0361538,mRNA
CCDC40,-0.915706,mRNA
FHL1,-1.738,mRNA
UBAP2L,0.147922,mRNA
TMEM45B,0.0451776,mRNA
CNNM1,-1.28587,mRNA
GZMB,-0.815067,mRNA
KNDC1,0.661629,mRNA
DCLRE1C,-0.258796,mRNA
AKR1C1,-1.7384,mRNA
APBA2,-0.447961,mRNA
RABL2A,-0.327998,mRNA
GCK,-0.711083,mRNA
MB,-0.667868,mRNA
GOLGA7,-0.150595,mRNA
SNX31,0.751696,mRNA
RAB41,-0.44008,mRNA
ARHGAP28,-1.06487,mRNA
GOLGB1,-0.213872,mRNA
GRIP1,-0.939554,mRNA
CRYAB,-1.45579,mRNA
FOXN1,-1.48204,mRNA
MAP6,-0.622249,mRNA
MCF2L,0.139458,mRNA
STARD13,-1.41724,mRNA
PITX2,1.27566,mRNA
ADAMTSL4,0.701896,mRNA
R3HDM2,0.108813,mRNA
TBC1D4,-1.84677,mRNA
SCNN1B,-1.14219,mRNA
COX11,-0.133287,mRNA
ERC2,-0.115393,mRNA
TMC8,0.487719,mRNA
C19orf25,-0.0522048,mRNA
GLT8D1,-0.238382,mRNA
ELMOD2,-0.408906,mRNA
TTL,0.635571,mRNA
SLC35C2,0.458786,mRNA
FAM98B,-0.150669,mRNA
ZNF660,-0.922805,mRNA
ARHGEF15,0.778048,mRNA
SYT9,-2.39103,mRNA
ZFYVE1,-0.271644,mRNA
SLC25A42,-0.873172,mRNA
RTN4RL1,0.10129,mRNA
AMIGO2,2.47208,mRNA
TXNRD1,-0.57996,mRNA
MCM4,0.818263,mRNA
TREML4,0.618559,mRNA
CAV2,-0.0648881,mRNA
ANKRD45,-0.550367,mRNA
SMTNL2,1.25869,mRNA
KLRG2,-0.542774,mRNA
GYPE,0.0822855,mRNA
MKNK1,0.218049,mRNA
VAX1,3.33159,mRNA
CLDN8,-0.975323,mRNA
MED8,0.0917304,mRNA
SF1,-0.234527,mRNA
KIAA0895L,-0.201686,mRNA
ASCC2,0.0515241,mRNA
KDM4B,-0.638592,mRNA
ROBO3,-1.00882,mRNA
SEMA4D,-0.476095,mRNA
FIP1L1,-0.106436,mRNA
VSIG2,-0.0873872,mRNA
FJX1,1.74072,mRNA
KCNV1,1.3451,mRNA
VENTX,0.53361,mRNA
MRPL19,-0.134348,mRNA
SLC8A2,1.27684,mRNA
MAN2B2,-0.239549,mRNA
WDR7,-0.332784,mRNA
SPEF1,-0.795092,mRNA
NOL11,-0.0951565,mRNA
SEC31B,-0.13161,mRNA
ZZZ3,-0.311506,mRNA
FAM184B,0.973639,mRNA
DPH5,0.0924546,mRNA
IMPG2,-0.29679,mRNA
CYP39A1,-0.472701,mRNA
CDKAL1,0.220869,mRNA
C9orf40,0.189624,mRNA
TMEM184C,-0.757397,mRNA
GADD45A,-0.693305,mRNA
CCDC136,-0.628719,mRNA
CACNB3,0.616323,mRNA
ESRRG,-1.51437,mRNA
RGL2,0.282206,mRNA
TRA2B,-0.531029,mRNA
RPL15,0.161852,mRNA
S100PBP,-0.0767367,mRNA
RCBTB2,-0.555309,mRNA
LGR5,2.11397,mRNA
ZNF189,-0.365051,mRNA
DYNC1I1,-0.802221,mRNA
SOHLH2,-0.824254,mRNA
ARHGAP36,8.95248,mRNA
FCRL6,-0.362197,mRNA
PITPNB,-0.10491,mRNA
CCNI2,0.888558,mRNA
TBCE,-0.557576,mRNA
C5orf22,0.0290337,mRNA
TNRC6C,-0.247964,mRNA
CNNM4,-0.510266,mRNA
PACSIN1,0.584418,mRNA
COL20A1,1.17324,mRNA
CLDN6,0.506304,mRNA
NPFFR1,1.27882,mRNA
XYLT1,-0.311674,mRNA
DDX31,-0.64965,mRNA
MRPS11,-0.284261,mRNA
NOL6,0.110635,mRNA
FKRP,-0.158989,mRNA
PRKRIP1,0.0762736,mRNA
MORC4,0.392242,mRNA
ZNF613,-0.036615,mRNA
TMEM156,-1.03289,mRNA
ZNF703,-0.229635,mRNA
SIKE1,-0.312182,mRNA
TUBB1,-0.982583,mRNA
CCNL2,0.598024,mRNA
COG3,-0.384438,mRNA
THAP2,0.0552901,mRNA
ZCCHC18,-0.16824,mRNA
NBPF6,1.03752,mRNA
C5orf47,-1.1142,mRNA
PPP1R3G,1.28333,mRNA
SHISA9,1.6843,mRNA
REG4,-1.84066,mRNA
BOD1,-0.245618,mRNA
ZBP1,-0.628105,mRNA
POLR3B,-0.235094,mRNA
TYW3,-0.374295,mRNA
FAM172A,-0.202502,mRNA
FAM180B,-3.20205,mRNA
TMED7-TICAM2,-0.256482,mRNA
AMHR2,1.30083,mRNA
HTR2A,-1.47415,mRNA
EHHADH,-0.613115,mRNA
TBP,-0.216495,mRNA
CD14,0.560763,mRNA
CALML3,3.77229,mRNA
GJB5,0.622404,mRNA
PPP1R3C,0.238921,mRNA
KRT6A,6.62123,mRNA
ZNF263,-0.122676,mRNA
MTHFD1,0.116638,mRNA
PITPNA,-0.0553744,mRNA
HMG20B,0.282863,mRNA
ARFGEF1,0.098874,mRNA
NPRL2,0.0494464,mRNA
VAMP5,0.445677,mRNA
IFRD2,0.398006,mRNA
TMED2,-0.137487,mRNA
TAF5,-0.44653,mRNA
WDHD1,0.675631,mRNA
OR1C1,-1.49615,mRNA
OR2C1,-0.921022,mRNA
PPP2R3B,0.286676,mRNA
PCOLCE2,-2.22044,mRNA
FOXP3,0.46217,mRNA
FLNC,-1.43968,mRNA
CXCL10,-0.226535,mRNA
ALPP,5.82365,mRNA
CENPA,-0.236416,mRNA
COL4A2,0.73278,mRNA
GNAQ,0.123915,mRNA
LCP1,-0.256799,mRNA
MC1R,0.220395,mRNA
PDGFA,1.28347,mRNA
PER1,-0.328126,mRNA
PPAT,-0.0871803,mRNA
RAB3A,0.0662073,mRNA
RGS2,-1.28464,mRNA
STC1,-0.407963,mRNA
MAP3K7,-0.11542,mRNA
TPP2,-0.355872,mRNA
UGDH,-0.0803316,mRNA
PIP5K1B,0.250876,mRNA
BHLHE40,1.51645,mRNA
EIF3H,0.142746,mRNA
MRPL40,0.163774,mRNA
SYNJ2,0.012331,mRNA
UBE2M,0.255814,mRNA
STK17B,-0.432437,mRNA
GDA,1.13942,mRNA
FUT7,-0.100634,mRNA
MTMR7,0.866406,mRNA
EDN3,-1.07133,mRNA
DPY19L3,-0.689393,mRNA
HLA-DQA1,0.234841,mRNA
CALHM2,0.102839,mRNA
TRAF7,0.435142,mRNA
RALGAPA2,-0.615536,mRNA
TMEM50B,-0.686939,mRNA
TNFRSF1B,0.606406,mRNA
MAGEA9B,0.80419,mRNA
SFTPA2,7.67523,mRNA
CCDC43,0.13891,mRNA
KCTD19,-0.720172,mRNA
COL6A6,-0.514868,mRNA
RNF180,-0.804522,mRNA
RABL2B,-0.294504,mRNA
GAD2,2.25688,mRNA
KCNK17,0.625368,mRNA
RPS24,0.257966,mRNA
MRPS21,0.148881,mRNA
SPATA16,0.0646149,mRNA
DMRTA2,-1.32499,mRNA
ZCCHC7,-0.325644,mRNA
ZDHHC18,0.145254,mRNA
RETNLB,1.63793,mRNA
INSM2,3.83787,mRNA
ZWINT,0.368726,mRNA
SIGLEC12,1.37578,mRNA
PDE5A,2.51393,mRNA
TMEM54,0.641474,mRNA
GNG7,-0.666471,mRNA
LRRC3B,0.269961,mRNA
TGM7,0.58381,mRNA
UNC119,-0.142037,mRNA
BCCIP,-0.193692,mRNA
SDSL,-0.531423,mRNA
PIGM,-0.00867621,mRNA
MAP2K7,0.286086,mRNA
CYSLTR2,2.8261,mRNA
ZNF584,0.121708,mRNA
LHPP,0.0960521,mRNA
SLC35E4,0.311169,mRNA
CACNA1S,1.22827,mRNA
COL4A3,-0.364621,mRNA
IDS,0.45541,mRNA
PLG,0.671882,mRNA
SERPINA7,5.00099,mRNA
IAPP,2.44269,mRNA
KRT2,-0.843928,mRNA
HOXD13,2.72889,mRNA
IL15,-0.264386,mRNA
IGF2,2.55645,mRNA
ITGAM,0.682804,mRNA
CHRNA4,-1.47121,mRNA
OR4F5,2.05443,mRNA
EDA,-0.0448466,mRNA
SMARCB1,0.226012,mRNA
USP20,-0.278925,mRNA
SHE,0.796943,mRNA
COL28A1,-1.04291,mRNA
GPR149,-1.73221,mRNA
PPAN-P2RY11,0.231759,mRNA
TUBE1,-0.160378,mRNA
RNF168,-0.555613,mRNA
HS3ST5,0.402758,mRNA
NAP1L5,-0.552943,mRNA
OSTN,-2.92714,mRNA
ACOX3,0.262073,mRNA
SOBP,-0.187754,mRNA
PCMTD1,-0.656812,mRNA
LETM2,-0.217646,mRNA
WDR76,0.128032,mRNA
TFAP2C,0.439264,mRNA
TOR2A,0.0268099,mRNA
SERPINB12,1.16139,mRNA
CTSK,0.137379,mRNA
ITGA5,0.520868,mRNA
MED12,-0.0985796,mRNA
BRPF1,-0.0855972,mRNA
STYX,-0.185449,mRNA
SPATA4,-1.35412,mRNA
ABCD4,0.164464,mRNA
LRCH4,0.436516,mRNA
STMN3,-0.598268,mRNA
ANKRD13A,-0.219519,mRNA
SIRT7,0.2716,mRNA
CYB561,-0.48126,mRNA
RAB37,-1.15155,mRNA
B3GNT4,1.33119,mRNA
ADAP2,0.762101,mRNA
PITRM1,-0.200422,mRNA
BTBD11,-1.17233,mRNA
MTMR1,0.204036,mRNA
SIGLEC8,0.3998,mRNA
HNRNPH1,-0.44549,mRNA
VDR,0.749619,mRNA
ATP10B,3.9487,mRNA
HRH2,-0.658692,mRNA
COL13A1,4.03744,mRNA
C2orf73,-1.60592,mRNA
KDM2A,-0.0567414,mRNA
ZNF839,-0.103195,mRNA
NBN,-0.304462,mRNA
LGALS9C,0.36442,mRNA
EHMT1,-0.328784,mRNA
GDPD5,-0.177376,mRNA
FERMT3,-0.416399,mRNA
LMBR1L,0.613366,mRNA
FRY,-0.570466,mRNA
SOS2,-0.29566,mRNA
IL16,-1.00364,mRNA
EIF4G3,-0.2927,mRNA
ARTN,0.697968,mRNA
LENG8,0.149245,mRNA
HPN,1.82539,mRNA
ACOT8,0.197857,mRNA
WBP2NL,-0.704273,mRNA
IQSEC1,-0.126469,mRNA
C1orf74,-0.516536,mRNA
ZNF385B,-1.1687,mRNA
SPRED1,0.314894,mRNA
ZNF540,-0.0839392,mRNA
DAND5,0.390635,mRNA
TIPRL,-0.0772878,mRNA
MAMDC2,-1.77809,mRNA
HTRA4,0.570416,mRNA
RTN4,-0.105002,mRNA
CTAGE1,-0.471198,mRNA
SCUBE1,0.569241,mRNA
RUNDC1,-0.113772,mRNA
OR6B3,-0.31595,mRNA
DNHD1,-0.525401,mRNA
KRT77,-0.515994,mRNA
SIX5,-0.0108277,mRNA
ZNF620,-0.259764,mRNA
FTSJ1,0.173552,mRNA
PPFIBP1,-0.161678,mRNA
SULT1A1,-0.075967,mRNA
P2RY8,-0.270151,mRNA
ITPRIPL1,0.0816968,mRNA
GCC2,-0.384417,mRNA
KRTAP7-1,0.147013,mRNA
BCDIN3D,-0.392198,mRNA
SLC36A3,0.235444,mRNA
RGPD4,-0.214262,mRNA
OPRL1,0.292652,mRNA
EFNA1,-0.158119,mRNA
ERG,-0.0593669,mRNA
TRIM55,0.438263,mRNA
NUDT9,-0.215381,mRNA
GNPNAT1,0.0852131,mRNA
TPRX1,-0.967344,mRNA
NHLRC1,-0.0579724,mRNA
WARS2,-0.162692,mRNA
ZNF841,-0.130117,mRNA
ABCC9,-0.694304,mRNA
DMXL2,0.106446,mRNA
BRD4,-0.211236,mRNA
MLF2,0.162082,mRNA
TMEM71,0.784501,mRNA
MBNL2,-0.622091,mRNA
AGTR1,-1.33999,mRNA
PLEKHG6,0.0963098,mRNA
MMP26,2.68283,mRNA
CXCR6,-0.665988,mRNA
SULF2,0.441985,mRNA
C12orf76,0.638904,mRNA
ATP8A1,-0.387782,mRNA
C11orf58,-0.0991198,mRNA
RUSC1,0.210402,mRNA
NDOR1,0.200486,mRNA
OTX1,1.45069,mRNA
EHD3,-0.0508112,mRNA
SDC3,1.37018,mRNA
SLC25A44,-0.245146,mRNA
SART3,-0.00485105,mRNA
MAML1,0.0695706,mRNA
ARHGAP11A,0.144432,mRNA
RUSC2,-0.647219,mRNA
PJA2,-0.250851,mRNA
NSA2,0.101686,mRNA
MLXIP,-0.611438,mRNA
METTL13,-0.129597,mRNA
EPN2,0.27899,mRNA
DIP2C,-0.770375,mRNA
DNAJC9,0.173828,mRNA
NCAPH,0.0112802,mRNA
RAI14,0.408754,mRNA
FAM135B,-0.67462,mRNA
ZNF107,-0.24547,mRNA
TRIAP1,0.375519,mRNA
LY6K,-1.14793,mRNA
TESC,3.12907,mRNA
VPS37C,-0.0303614,mRNA
IFT57,-0.186405,mRNA
SPTLC3,-0.42772,mRNA
NASP,-0.0202065,mRNA
MAP7,-0.190969,mRNA
VCAM1,-0.41078,mRNA
PCSK2,2.9618,mRNA
CHODL,-1.36078,mRNA
CNTN4,-0.46087,mRNA
CSDE1,-0.22356,mRNA
MAP3K8,-1.12258,mRNA
NUDT2,0.264784,mRNA
GLS,0.231964,mRNA
BCO2,-1.29994,mRNA
NR1H2,0.384405,mRNA
CLCN4,-0.377993,mRNA
POM121,-0.20125,mRNA
TKT,0.425724,mRNA
BCAR3,-0.322968,mRNA
MORF4L1,-0.0260114,mRNA
GLIPR1L2,-1.09701,mRNA
GNPDA2,-0.332541,mRNA
BCKDK,0.360832,mRNA
NR5A2,0.505172,mRNA
CCDC12,0.123727,mRNA
INSC,1.67477,mRNA
SMAP1,0.137216,mRNA
TRIM50,0.333698,mRNA
SIGMAR1,0.489758,mRNA
NRBF2,-0.385519,mRNA
ITGAX,0.484294,mRNA
PIF1,-0.632684,mRNA
AADAT,-0.24108,mRNA
D2HGDH,-0.241868,mRNA
EPHA7,-0.440062,mRNA
OLFM3,-1.79643,mRNA
GDF9,-0.810277,mRNA
GAPDH,0.588492,mRNA
MYADM,-1.17953,mRNA
MNS1,-0.906649,mRNA
PCID2,-0.166531,mRNA
LAPTM4B,0.0403659,mRNA
ZC3H15,-0.197843,mRNA
GOLGA6B,-1.09573,mRNA
FAM114A2,-0.398125,mRNA
PRDM5,-0.849855,mRNA
FEM1A,0.0142192,mRNA
RIN2,0.2053,mRNA
FBXO42,-0.13733,mRNA
ANKMY2,-0.238847,mRNA
NLN,0.471322,mRNA
DOCK6,0.621423,mRNA
CPNE5,-0.167251,mRNA
CFHR3,0.0224693,mRNA
RBM25,-0.311139,mRNA
BCR,0.277314,mRNA
FGFRL1,0.347459,mRNA
RASA1,0.853721,mRNA
EBF2,-0.437419,mRNA
PER2,-0.690485,mRNA
CBFB,0.464769,mRNA
SIGLEC1,0.543668,mRNA
ZNF747,-0.0722628,mRNA
MIS12,-0.602855,mRNA
ZDHHC14,-0.811515,mRNA
ACTR5,-0.33095,mRNA
ACAD10,-0.289738,mRNA
MATN2,-2.34322,mRNA
WNT5B,0.818153,mRNA
HNRNPM,-0.426744,mRNA
RNF17,-0.684134,mRNA
RUNDC3A,1.08552,mRNA
COG6,-0.214511,mRNA
C16orf82,1.64817,mRNA
ANKRD34C,-0.891064,mRNA
FLNB,-0.373292,mRNA
GOLGA6C,-2.10467,mRNA
CTNNA2,0.108861,mRNA
MNX1,4.04739,mRNA
TMEM44,1.01259,mRNA
TMEM185A,-0.184036,mRNA
LMX1B,-0.974901,mRNA
NCK1,-0.179997,mRNA
DDX23,0.00271863,mRNA
MED26,0.0947278,mRNA
AKAP7,-0.479305,mRNA
IL27RA,0.66685,mRNA
FXR2,0.159085,mRNA
SPAG7,-0.0138921,mRNA
SIM2,-0.168709,mRNA
BCL3,0.654323,mRNA
CA7,3.29185,mRNA
DLX3,0.503851,mRNA
EFNA4,0.565658,mRNA
FFAR3,-0.0619242,mRNA
MPL,-1.1843,mRNA
CFL1,0.365539,mRNA
INPP5A,-0.110396,mRNA
SCAMP2,0.104057,mRNA
NAMPT,0.518954,mRNA
PRDX2,0.255078,mRNA
BCAS2,-0.356091,mRNA
SNAPC5,-0.301959,mRNA
ST3GAL6,0.520465,mRNA
IRF6,-0.464408,mRNA
POU4F1,-1.69296,mRNA
UBE2E3,-0.0531214,mRNA
TBL3,0.217483,mRNA
RASA2,-0.495639,mRNA
TRIM27,0.122035,mRNA
CACNG3,-0.182756,mRNA
RRH,-1.11999,mRNA
TCF19,0.410411,mRNA
USH2A,-0.259289,mRNA
FBXO8,-0.376997,mRNA
RHOQ,0.0324144,mRNA
MMD,0.106347,mRNA
MYCBP,-0.114951,mRNA
PCDHA9,0.505142,mRNA
SNX24,0.653478,mRNA
KIR2DL1,-0.211582,mRNA
GALR1,1.34971,mRNA
ING2,-0.0240719,mRNA
BHMT,0.337616,mRNA
CAT,-0.143521,mRNA
CD69,-1.29039,mRNA
ENPEP,0.726759,mRNA
GCLM,-0.227663,mRNA
GYS1,0.0842483,mRNA
HPCA,0.691207,mRNA
ITGA3,1.67786,mRNA
JUN,-1.80348,mRNA
MATN1,4.74894,mRNA
MRC1,0.840134,mRNA
MYBPC1,0.702949,mRNA
NDUFA6,-0.159115,mRNA
NID1,1.35706,mRNA
NPAS2,0.28642,mRNA
TBC1D25,-0.020604,mRNA
PIM1,-0.477152,mRNA
PRKAR2B,-0.675567,mRNA
SLC9A1,0.350689,mRNA
SPR,-0.347442,mRNA
TAGLN,-0.0489327,mRNA
TGFB3,0.207531,mRNA
PHLDA2,1.87741,mRNA
UNG,-0.307931,mRNA
USP1,-0.278004,mRNA
IRS2,0.222988,mRNA
EIF3B,0.191728,mRNA
ABCC3,2.54773,mRNA
CTSF,-0.702962,mRNA
CDK5R1,-0.544017,mRNA
ST13,-0.143371,mRNA
CDK5R2,-1.18795,mRNA
GJB2,0.696625,mRNA
CA8,1.52063,mRNA
USP2,-0.765964,mRNA
MED14,-0.125383,mRNA
DFFA,-0.0941945,mRNA
FOXD1,-0.26378,mRNA
KIF5C,0.276065,mRNA
MTMR4,-0.881067,mRNA
GCM2,0.183189,mRNA
RARRES1,-0.23767,mRNA
GADL1,0.10866,mRNA
SLC2A7,-0.404996,mRNA
NUDT16L1,0.546965,mRNA
NT5M,-0.0246534,mRNA
PDCD5,0.138953,mRNA
NECAB3,-0.00292358,mRNA
NAA15,-0.269983,mRNA
SRD5A3,-0.0466744,mRNA
EDAR,-0.0661168,mRNA
MEP1A,0.84589,mRNA
ATAD2,0.709703,mRNA
ANKS3,-0.153953,mRNA
CYBA,0.493896,mRNA
DOCK11,0.371591,mRNA
ASB5,1.22931,mRNA
SLC25A26,-0.135778,mRNA
ATXN7L2,0.0541438,mRNA
TRIM67,0.0862106,mRNA
PNKD,-0.127512,mRNA
LGALS9B,-0.202986,mRNA
PGA3,-1.77933,mRNA
PGA4,-2.16833,mRNA
IGSF5,-1.33059,mRNA
EPHA6,-2.01318,mRNA
DNA2,0.0394913,mRNA
NXF1,0.343476,mRNA
GRIA2,2.15795,mRNA
STRN3,-0.283088,mRNA
TMEM213,3.30106,mRNA
ZNF98,-0.694223,mRNA
LRRC58,-0.421754,mRNA
HMX3,0.490536,mRNA
PLIN2,0.586441,mRNA
KRTAP2-1,3.06929,mRNA
STXBP5,-0.200637,mRNA
STOX1,-0.311239,mRNA
PPP3CA,0.197824,mRNA
KLF16,0.494015,mRNA
PLXNA1,0.438717,mRNA
LZIC,-0.26583,mRNA
LZTS2,0.877583,mRNA
HPDL,0.162295,mRNA
PCDH8,0.706151,mRNA
MYLK2,0.0337686,mRNA
TNKS1BP1,0.435775,mRNA
CCNE2,1.07104,mRNA
TMC2,-0.381157,mRNA
THAP3,0.311847,mRNA
DCAF15,0.455803,mRNA
GNAO1,0.902997,mRNA
C1orf43,0.360684,mRNA
NETO1,3.20224,mRNA
C1orf105,1.2473,mRNA
TCP10L,-0.49196,mRNA
ABTB2,2.67605,mRNA
PPP3R2,-1.40047,mRNA
IPMK,-0.74694,mRNA
CHN2,0.640081,mRNA
ZNF546,-0.652106,mRNA
ZNF282,0.115765,mRNA
ZFP28,-0.326533,mRNA
PSIP1,-0.205165,mRNA
HEXA,0.363594,mRNA
MYT1L,-2.00303,mRNA
LYST,0.710582,mRNA
HADHA,-0.0487711,mRNA
PDX1,8.34555,mRNA
PGK1,-0.451358,mRNA
PTS,0.198368,mRNA
IL4R,0.437028,mRNA
GALNS,0.0945693,mRNA
RFXAP,-0.687491,mRNA
BCKDHA,-0.159202,mRNA
TMEM64,-0.499533,mRNA
ARMCX6,0.851893,mRNA
CLVS2,2.43284,mRNA
SLC9A4,1.88392,mRNA
DCAF8L1,0.0230654,mRNA
SH3PXD2B,0.648922,mRNA
GNG10,0.282391,mRNA
NANOS2,0.492104,mRNA
TMPO,0.0504214,mRNA
KCNIP3,-1.09316,mRNA
SPAG8,-0.0879528,mRNA
GPR153,1.00494,mRNA
CBR4,-0.120571,mRNA
SNURF,-0.964207,mRNA
RNF144A,0.988375,mRNA
SLC20A2,-0.813257,mRNA
ZBED2,-0.354335,mRNA
LRRC8E,1.00056,mRNA
FMO5,0.979511,mRNA
SLCO5A1,-0.786231,mRNA
VEPH1,-1.51205,mRNA
TULP1,0.0799836,mRNA
ZIC3,0.0836813,mRNA
ATG10,0.126428,mRNA
BSPRY,-0.175359,mRNA
LPAR5,3.4248,mRNA
PATE3,-0.19867,mRNA
NCCRP1,-0.401218,mRNA
ROBO2,0.647017,mRNA
SLC35B2,0.264266,mRNA
MGAT5B,0.027632,mRNA
DOCK8,-0.64154,mRNA
PRSS22,1.66284,mRNA
HOXB4,-0.0125712,mRNA
CXCL5,4.3804,mRNA
CDRT15,-0.942084,mRNA
TMEM51,0.747688,mRNA
SMARCD2,0.26039,mRNA
SIRPA,0.268663,mRNA
SETD2,-0.382674,mRNA
PXK,-0.889064,mRNA
ELAVL2,0.078767,mRNA
POLI,-1.09595,mRNA
ZNF808,-0.555307,mRNA
NFATC4,0.910345,mRNA
OXCT1,-0.560505,mRNA
GOLGA2,-0.00527387,mRNA
TTC21A,-0.321379,mRNA
FBXL22,-0.185186,mRNA
TGOLN2,-0.227101,mRNA
TRIM39,-0.321979,mRNA
APIP,-0.134077,mRNA
ZNF785,-0.106348,mRNA
CA10,1.67597,mRNA
ACBD4,0.0736128,mRNA
CABIN1,-0.591485,mRNA
HIVEP2,-0.454539,mRNA
SHROOM1,0.869779,mRNA
RP1,2.9011,mRNA
SUSD4,1.74604,mRNA
MTRF1,-0.421569,mRNA
SLC25A29,-0.235343,mRNA
POLG2,-0.236673,mRNA
FCGRT,-0.283821,mRNA
STRN4,0.452173,mRNA
PAICS,-0.33267,mRNA
FAM81A,-0.035916,mRNA
PROCA1,0.299729,mRNA
PPM1K,-0.250812,mRNA
ARHGEF19,0.507658,mRNA
CILP2,0.856667,mRNA
KLHL34,1.46685,mRNA
KCNJ16,0.102494,mRNA
KCNQ4,-0.441076,mRNA
KREMEN2,0.825086,mRNA
CSF2RA,0.32344,mRNA
KLF17,-0.084298,mRNA
SLC22A24,4.51879,mRNA
ANKRD52,-0.296505,mRNA
C22orf39,-0.509327,mRNA
GSC,-0.955448,mRNA
PDILT,-1.48722,mRNA
GIMAP8,-0.205587,mRNA
TRAPPC6B,-0.0560844,mRNA
CYP4X1,-0.517748,mRNA
ZNF598,0.208263,mRNA
WFDC8,0.618135,mRNA
BCL6B,0.506905,mRNA
ZNF227,-0.356914,mRNA
RNF7,0.214187,mRNA
ARSK,-0.708517,mRNA
SNRPB2,0.0187288,mRNA
HTR3E,-0.171143,mRNA
IGFL1,7.34593,mRNA
HSD11B1L,0.296636,mRNA
SAA1,3.07011,mRNA
MAGEB16,-0.51214,mRNA
LRRC34,-0.363132,mRNA
SLC29A1,-0.0764737,mRNA
PHACTR1,0.0738747,mRNA
AP3D1,-0.0536872,mRNA
MTTP,-1.21883,mRNA
ACAT1,-0.526019,mRNA
ITIH3,-1.09615,mRNA
PCDH11Y,-1.33188,mRNA
YME1L1,-0.0977135,mRNA
PUF60,0.328548,mRNA
EDC4,0.0683751,mRNA
RBMXL2,-1.06374,mRNA
MOCS3,0.058515,mRNA
ANGPTL3,0.398751,mRNA
HOXD4,0.354868,mRNA
MTFR1,-0.625743,mRNA
DHCR24,0.0642496,mRNA
ZBTB39,-0.12163,mRNA
ZBTB40,-0.378255,mRNA
SWAP70,-0.100067,mRNA
N4BP3,0.754347,mRNA
VPS8,-0.252802,mRNA
MXRA5,0.908496,mRNA
TMEM186,-0.0217105,mRNA
GADD45B,-0.812742,mRNA
ZNF777,0.0170307,mRNA
RRM2B,0.287764,mRNA
APH1A,0.0736196,mRNA
VPS36,-0.316317,mRNA
RPL26L1,-0.000673572,mRNA
TRAPPC2L,0.214686,mRNA
MAGEC2,-0.241401,mRNA
NR2E3,-0.716681,mRNA
GLTP,0.412378,mRNA
SLC6A13,-0.240066,mRNA
USP18,0.472618,mRNA
BHMT2,-0.647005,mRNA
TMEM104,-0.32985,mRNA
TBC1D22B,0.354473,mRNA
OSGEP,0.468913,mRNA
MOCOS,1.10423,mRNA
TRMT12,-0.291888,mRNA
FAM90A1,0.405716,mRNA
WDR11,-0.238314,mRNA
PRMT6,-0.428135,mRNA
PCMTD2,0.0715562,mRNA
CCDC107,0.0698575,mRNA
NIP7,0.045212,mRNA
HOXD8,0.217905,mRNA
CORO7,0.0540449,mRNA
NOS1,-1.8754,mRNA
PRKAG1,0.130656,mRNA
TAX1BP1,0.0821247,mRNA
VNN2,-1.47978,mRNA
GHR,-1.92699,mRNA
FCGR3B,-0.125708,mRNA
NKX3-1,-0.773683,mRNA
CCDC51,-0.370269,mRNA
FDXR,0.706367,mRNA
PHKG1,-0.653898,mRNA
ADAM15,0.815633,mRNA
PSMD11,-0.0602482,mRNA
NKD2,2.02107,mRNA
SEL1L2,0.0947515,mRNA
CHUK,-0.285856,mRNA
FBXL7,-0.130674,mRNA
TUBA4A,0.923006,mRNA
PIK3CG,-0.677323,mRNA
TMTC4,-0.223403,mRNA
AMD1,-0.737353,mRNA
PPRC1,0.150026,mRNA
THPO,-0.133448,mRNA
SEMA3B,-0.334279,mRNA
SLC16A10,0.0867091,mRNA
RBM27,-0.279298,mRNA
OPN1LW,-0.801733,mRNA
BARHL2,-0.399878,mRNA
CEACAM19,-0.134873,mRNA
CD248,0.47967,mRNA
FGF23,-2.48545,mRNA
PLEKHH1,-1.20637,mRNA
ZNF687,0.20377,mRNA
ZSWIM5,0.611494,mRNA
PPP3CB,0.200954,mRNA
GATAD1,-0.197459,mRNA
WFDC1,-0.0665675,mRNA
MID1IP1,0.558242,mRNA
PPCDC,0.151005,mRNA
TSPYL2,-0.316296,mRNA
GOLPH3,-0.110338,mRNA
INF2,1.6766,mRNA
CDCP1,0.706915,mRNA
MRPS34,0.27608,mRNA
LENG1,0.0270479,mRNA
SLC27A3,0.398179,mRNA
ABHD8,0.280944,mRNA
TNFAIP8L2,0.322867,mRNA
SLC25A22,0.341473,mRNA
HHIPL2,-1.37709,mRNA
RNF122,-0.643864,mRNA
WNT10A,2.97599,mRNA
ACTL8,1.74903,mRNA
SEMA6C,0.430446,mRNA
MON1A,-0.0780456,mRNA
LIPT2,-0.634943,mRNA
SLC17A8,0.483887,mRNA
SPDYE6,-0.534542,mRNA
NKX1-2,2.21795,mRNA
KDM5D,0.117601,mRNA
MAFF,-0.809743,mRNA
ARHGEF2,0.910176,mRNA
RDM1,1.43621,mRNA
SYTL5,5.99987,mRNA
C6orf132,0.18256,mRNA
ARHGAP4,-0.140943,mRNA
SERPINF2,-0.0719016,mRNA
KLHL13,0.710946,mRNA
NEXN,-1.36334,mRNA
SCAMP5,0.298471,mRNA
TSSK4,-0.811537,mRNA
IL24,-0.239431,mRNA
BAK1,0.0380017,mRNA
GRAP2,-1.07825,mRNA
GDF15,4.1968,mRNA
MSC,-0.697962,mRNA
CLEC2B,0.392817,mRNA
FGF3,4.23437,mRNA
SMO,-0.0418989,mRNA
CLEC3A,3.86664,mRNA
NBR1,0.0298565,mRNA
NFE2L2,-0.449946,mRNA
PPP5C,0.534182,mRNA
TFE3,0.321865,mRNA
ZBTB6,-0.309326,mRNA
GADD45G,-1.02822,mRNA
RALBP1,0.0151516,mRNA
SDF2,0.35896,mRNA
TRIM31,0.820755,mRNA
ZFYVE9,-0.636157,mRNA
CD93,0.704959,mRNA
PICK1,-0.0645135,mRNA
DDAH2,0.340923,mRNA
DEXI,0.339374,mRNA
FMO2,-2.03325,mRNA
APOF,-0.783041,mRNA
ARAF,-0.0885654,mRNA
CSNK1E,0.51937,mRNA
CSNK2A2,0.407027,mRNA
CTRL,-0.445004,mRNA
EGF,-0.795001,mRNA
HLA-DPB1,-0.0761275,mRNA
HOXB2,0.340007,mRNA
LY6E,1.75627,mRNA
EPCAM,0.107663,mRNA
NTRK1,4.50957,mRNA
PSAP,0.371755,mRNA
PSMB7,0.0442782,mRNA
PYGB,0.376381,mRNA
RABIF,0.314531,mRNA
SFRP1,0.783729,mRNA
SLC22A2,-0.677188,mRNA
HLTF,-0.429323,mRNA
TFF3,-3.54822,mRNA
UMOD,3.44787,mRNA
TCAP,-0.198996,mRNA
RRP1,0.264321,mRNA
EIF3D,0.219719,mRNA
TRADD,0.0981518,mRNA
NAPA,-0.0236966,mRNA
DPM2,0.07199,mRNA
CLK3,-0.00311328,mRNA
CAPN5,0.267316,mRNA
GFI1B,-0.510508,mRNA
STK19,0.160342,mRNA
TMSB4Y,-0.77799,mRNA
S1PR2,0.865692,mRNA
FADS2,-0.0566347,mRNA
ARL3,-0.18947,mRNA
ASTN1,1.88793,mRNA
CD151,1.20255,mRNA
ESRRB,1.01411,mRNA
NDUFA3,0.184677,mRNA
RRBP1,-0.0905467,mRNA
DLG5,-0.339412,mRNA
TMEM88,0.226846,mRNA
FAM3B,-1.52506,mRNA
FAM43B,0.374764,mRNA
FOXI2,3.33274,mRNA
GPR89A,0.0493873,mRNA
STYXL1,0.159012,mRNA
PAEP,0.6179,mRNA
RAD51C,-0.206964,mRNA
TMEM91,0.571514,mRNA
SRD5A1,0.462776,mRNA
DNLZ,0.399919,mRNA
DYTN,-1.28259,mRNA
PRDM7,0.568552,mRNA
TIFAB,-0.643249,mRNA
LIPN,-0.187028,mRNA
MVK,0.0767679,mRNA
HMOX2,0.210994,mRNA
FXYD3,4.71595,mRNA
ALOX15B,3.18396,mRNA
KBTBD7,-0.935586,mRNA
SNX29,-0.419696,mRNA
NTNG2,1.28813,mRNA
TXNDC17,0.405845,mRNA
TIGD5,0.230839,mRNA
HSPA12B,0.0624136,mRNA
KLHDC3,0.021274,mRNA
VPS29,0.0846309,mRNA
ABCA9,-3.11507,mRNA
PTP4A2,-0.187895,mRNA
VSTM2L,2.60241,mRNA
FCAR,-0.471372,mRNA
RFX2,-0.560361,mRNA
VASN,1.42587,mRNA
ALKBH8,-0.30526,mRNA
NACC2,-0.157216,mRNA
PSMA8,-1.97241,mRNA
ZNF420,-0.675586,mRNA
ATP1A4,-0.651965,mRNA
ZNF564,-0.150992,mRNA
UPRT,-0.13544,mRNA
DACT3,-0.0659199,mRNA
TRIM11,0.30505,mRNA
ISL2,-0.549284,mRNA
HMGA1,0.726324,mRNA
SH2B3,0.383726,mRNA
RPA2,-0.0214094,mRNA
IBTK,-0.25963,mRNA
RAB26,-0.192784,mRNA
IL2RA,0.0672544,mRNA
CRYGN,0.814628,mRNA
CLEC3B,0.00836554,mRNA
ATXN2,0.133107,mRNA
SLMAP,-0.857527,mRNA
AP2M1,0.408429,mRNA
MPZ,-0.0988809,mRNA
TLR2,1.06677,mRNA
HPS1,0.2097,mRNA
ADRB2,-0.505881,mRNA
SHH,3.68123,mRNA
PEX6,0.137334,mRNA
PKP1,1.20869,mRNA
SLC4A1,-0.996823,mRNA
ORM1,1.1605,mRNA
ORM2,2.52713,mRNA
ADRA1B,2.46168,mRNA
ADRA2B,0.275596,mRNA
CA4,-1.23933,mRNA
GABRD,3.17504,mRNA
RPL13,0.361226,mRNA
OR10A2,0.336119,mRNA
OR6K3,1.21961,mRNA
TCEAL8,-0.062551,mRNA
C14orf180,-1.8715,mRNA
PRAMEF4,1.24753,mRNA
CCNC,-0.433136,mRNA
FPGS,0.562531,mRNA
KIAA1755,-0.871994,mRNA
CALCA,-2.5037,mRNA
SCNN1G,-0.519787,mRNA
PALM,1.83296,mRNA
SUMF2,-0.0634913,mRNA
CTDSP1,0.0853677,mRNA
TNIK,1.02489,mRNA
POLDIP2,0.0490466,mRNA
ADAMTS5,-0.900532,mRNA
CSPG5,1.22082,mRNA
SMARCA5,-0.132789,mRNA
AHCYL2,-0.889494,mRNA
RAB28,-0.272721,mRNA
OTOF,-0.758922,mRNA
ZNF711,-0.49082,mRNA
OSBPL9,-0.119285,mRNA
DLGAP2,-1.41057,mRNA
MTHFD2L,-0.0339576,mRNA
NDUFS7,0.140607,mRNA
KCTD11,0.0740287,mRNA
PPP2R1A,0.362831,mRNA
SLC4A11,-0.193174,mRNA
DEPDC4,-0.605354,mRNA
CDC42BPA,0.100367,mRNA
RAVER2,-0.787368,mRNA
MAF,-0.0432466,mRNA
SIAH1,-0.10137,mRNA
RAET1G,2.94284,mRNA
INPPL1,-0.169939,mRNA
COCH,-0.659463,mRNA
LRRC41,0.0379404,mRNA
LOXL1,0.972697,mRNA
NECAB2,-0.531183,mRNA
RUNX1,2.44689,mRNA
FAHD2A,-1.04191,mRNA
CCDC116,-0.433675,mRNA
OTOA,1.04613,mRNA
NR4A1,-1.57324,mRNA
SPDYE1,-0.605621,mRNA
KRT73,-2.08665,mRNA
NLRP10,6.35415,mRNA
TRO,-0.614807,mRNA
PTF1A,-1.29129,mRNA
LHFPL1,-0.484826,mRNA
PHOSPHO1,0.0596168,mRNA
GDF7,-0.569477,mRNA
TMEM65,-0.374862,mRNA
CPXM2,-1.00432,mRNA
ACLY,0.0583865,mRNA
ALKBH6,0.0492423,mRNA
KIFC2,0.691555,mRNA
AKAP12,-1.26588,mRNA
UNKL,-0.138306,mRNA
AFTPH,-0.202051,mRNA
NBPF3,-0.476998,mRNA
THBS2,1.16475,mRNA
CCDC7,-0.414059,mRNA
SPDYE2,-0.289164,mRNA
NOMO1,0.363108,mRNA
SULT1B1,1.08461,mRNA
RALGAPA1,-0.502912,mRNA
SETX,-0.609274,mRNA
DENND5A,-0.183758,mRNA
USP24,-0.155128,mRNA
FAM189A1,-1.86451,mRNA
GET4,0.0765215,mRNA
SCCPDH,-0.16888,mRNA
IPO11,-0.0238933,mRNA
HOXC13,4.39047,mRNA
STAU1,-0.14358,mRNA
SARS2,0.255754,mRNA
TTC38,0.169188,mRNA
GSPT2,-0.315016,mRNA
SLC47A1,1.10797,mRNA
TTC17,-0.354912,mRNA
BRIX1,0.226085,mRNA
NOL4,-2.57758,mRNA
EIF3C,0.381561,mRNA
ZNF821,0.329407,mRNA
EIF1AD,0.297471,mRNA
C20orf27,0.424404,mRNA
KCNC2,4.1076,mRNA
PPP1R7,0.591205,mRNA
TTC1,0.0696057,mRNA
XKR9,0.0817616,mRNA
TMEM168,-0.314261,mRNA
GIMAP5,-0.27504,mRNA
CAMK2N1,3.42127,mRNA
HOXC5,-0.25048,mRNA
PNPLA2,0.356952,mRNA
BCL2L10,0.763608,mRNA
RHBG,0.704859,mRNA
ADCK1,0.163469,mRNA
SPC25,-0.229317,mRNA
VAT1L,-0.0604412,mRNA
ZNF70,-0.43518,mRNA
MOAP1,-0.123832,mRNA
MFSD1,-0.25885,mRNA
SHCBP1,-0.570034,mRNA
HKDC1,-1.452,mRNA
CLPTM1L,0.332292,mRNA
PTPRQ,-2.63237,mRNA
CCDC81,-1.35551,mRNA
RGL3,0.801462,mRNA
THAP4,-0.126329,mRNA
GDPD1,-0.330982,mRNA
ZNF177,-0.095491,mRNA
WDR44,0.0788384,mRNA
VEGFC,-0.165006,mRNA
MKRN3,0.048509,mRNA
RCL1,-0.0546384,mRNA
TBX1,-1.68629,mRNA
UQCRFS1,-0.227299,mRNA
KRT1,0.413681,mRNA
NCOA2,-0.310741,mRNA
RRAGA,-0.0963274,mRNA
KIF2C,-0.190623,mRNA
SPINK5,-0.912018,mRNA
SLC6A9,0.319723,mRNA
SCGN,-1.0278,mRNA
HSF2BP,0.32807,mRNA
RNF112,-0.866004,mRNA
RNF139,0.289089,mRNA
FZD4,-0.155941,mRNA
TBK1,0.0921766,mRNA
UBQLN1,-0.07085,mRNA
METTL7A,-0.727359,mRNA
IMPG1,0.696224,mRNA
ATP6V1C1,-0.162584,mRNA
AUH,-0.106577,mRNA
EDN2,0.627415,mRNA
FOXO1,-0.699728,mRNA
GFPT1,-0.086199,mRNA
GOLGA1,-0.507824,mRNA
KRT4,-0.607879,mRNA
KRT32,2.18386,mRNA
OR3A2,0.630249,mRNA
POU4F3,-0.387866,mRNA
SAT1,0.426326,mRNA
SRP14,0.102515,mRNA
TGFB2,1.1352,mRNA
WNT9B,1.00594,mRNA
ZFP37,0.113543,mRNA
TNFRSF10D,0.0736878,mRNA
SKAP2,-0.146513,mRNA
ATP6V1F,0.445854,mRNA
CHST2,2.21761,mRNA
DDX10,-0.14754,mRNA
LRP2,-1.54519,mRNA
DIRAS3,2.08995,mRNA
NMI,0.010389,mRNA
KRT75,7.72015,mRNA
ZNF467,0.425651,mRNA
XKRX,3.86862,mRNA
PDLIM7,1.36162,mRNA
VASP,0.864761,mRNA
TXN2,-0.228618,mRNA
FAS,0.890673,mRNA
SH3RF2,-0.546624,mRNA
EIF3CL,0.47744,mRNA
PABPC4L,0.629352,mRNA
C7orf50,0.0962854,mRNA
RUNDC3B,0.813405,mRNA
PDZD4,-0.487856,mRNA
SPINK7,3.76166,mRNA
SLC45A3,-0.370634,mRNA
NT5C1B,-0.863075,mRNA
CDC14A,0.364965,mRNA
TRIM41,-0.441665,mRNA
SORCS1,0.0814045,mRNA
TADA1,-0.119191,mRNA
WNT8A,1.36495,mRNA
CST9L,0.20313,mRNA
PXDNL,0.207334,mRNA
EVC2,-0.360299,mRNA
KLRF1,0.453477,mRNA
USP6,0.0195856,mRNA
CCDC92,0.30544,mRNA
EIF2AK3,-0.621867,mRNA
TBC1D7,0.564378,mRNA
DVL1,1.00212,mRNA
SOX9,-0.62116,mRNA
APRT,0.241225,mRNA
DRD1,-0.684302,mRNA
FOLR2,0.425566,mRNA
HTR4,-0.914621,mRNA
HBM,-2.61153,mRNA
NRARP,0.856092,mRNA
OR2T8,-0.998993,mRNA
PABPC1L2A,-1.44363,mRNA
PURG,-0.695584,mRNA
DUSP18,-0.344216,mRNA
KLHDC1,-0.628446,mRNA
CHD5,1.52368,mRNA
DEPDC1,-0.260844,mRNA
IQCA1,-0.139831,mRNA
EPC1,-0.632013,mRNA
TRPA1,-0.0406443,mRNA
ITGA8,-1.11505,mRNA
RCSD1,-0.711699,mRNA
PDP1,0.233374,mRNA
NKRF,0.141746,mRNA
BAIAP3,3.72268,mRNA
C2,0.484587,mRNA
ICMT,0.199819,mRNA
TNC,2.1294,mRNA
ZNF76,-0.313667,mRNA
SLIT2,-0.252601,mRNA
RPH3A,2.19856,mRNA
SLC35A5,-0.159135,mRNA
B3GALNT1,-0.709078,mRNA
PCCA,-0.374635,mRNA
KIF5A,-0.271702,mRNA
FKBP6,0.0880946,mRNA
DACH1,0.903939,mRNA
LGI4,-0.779867,mRNA
GABRP,1.08434,mRNA
HAVCR1,-1.01337,mRNA
EGFL7,0.69701,mRNA
PEX5,-0.21083,mRNA
STAT6,0.450142,mRNA
CLSTN3,0.274694,mRNA
FGD5,0.149315,mRNA
RASGEF1B,0.801246,mRNA
ZNF366,0.0657965,mRNA
ZNF549,-0.22436,mRNA
ZNF367,0.807086,mRNA
TMEM67,-0.620335,mRNA
SH2D3C,0.311591,mRNA
KLB,-0.670516,mRNA
OLIG3,1.46573,mRNA
DCAF12L1,-0.835638,mRNA
B4GALNT4,0.198881,mRNA
PAX3,-0.294827,mRNA
DMRT2,0.188008,mRNA
DDX53,-1.26239,mRNA
MAT2B,-0.0215127,mRNA
MCM8,-0.391017,mRNA
TMSB15B,0.305176,mRNA
SLC10A6,-0.283887,mRNA
GRHL3,5.74649,mRNA
NRK,1.91573,mRNA
ZNF615,-0.283367,mRNA
USP4,0.296431,mRNA
SS18L2,-0.177047,mRNA
SHANK3,0.453012,mRNA
SLFNL1,-0.137676,mRNA
HTT,0.483973,mRNA
PATZ1,0.0150361,mRNA
POU2F3,1.77217,mRNA
GNL3,0.0326599,mRNA
LATS2,-0.914551,mRNA
EPM2AIP1,-0.269546,mRNA
FAM3C,0.600476,mRNA
ANKRD26,-0.423769,mRNA
PLEKHA6,0.982105,mRNA
PDS5B,-0.166692,mRNA
MTHFD1L,1.29674,mRNA
DCAF8,-0.0343791,mRNA
NUDT13,-0.371509,mRNA
RWDD1,-0.0431283,mRNA
HAO2,-0.482242,mRNA
OSBPL1A,-0.792888,mRNA
MCOLN3,0.84512,mRNA
FOLH1,2.78836,mRNA
BCL7B,-0.0377609,mRNA
BMP2,-2.05443,mRNA
PRG2,-0.798574,mRNA
IMMP2L,-0.0771642,mRNA
PRPF4,-0.208048,mRNA
SEC24A,-0.245879,mRNA
ZNF331,-0.7954,mRNA
DGAT2,0.798752,mRNA
RAB34,1.12243,mRNA
CASP7,0.177112,mRNA
TOR1AIP1,-0.429094,mRNA
TAGLN2,0.630545,mRNA
L1CAM,0.143524,mRNA
AXL,0.462402,mRNA
KCNS3,1.58103,mRNA
STAC3,0.473921,mRNA
RSPH1,-0.654136,mRNA
DCAF10,-0.273636,mRNA
DLD,-0.303124,mRNA
DMXL1,-0.462691,mRNA
PNO1,-0.0972505,mRNA
AVEN,0.732635,mRNA
DOLPP1,0.133668,mRNA
NHSL1,0.729118,mRNA
CNTN3,-1.60301,mRNA
HCN3,0.0340242,mRNA
ABCG5,-1.20191,mRNA
AHNAK,-0.24328,mRNA
TMEM109,-0.319892,mRNA
NOL9,-0.217232,mRNA
TDRD3,-0.110937,mRNA
FCRL5,-0.829082,mRNA
IP6K3,-1.89878,mRNA
GPR17,-0.487829,mRNA
ITM2A,-0.903495,mRNA
TBX19,0.220197,mRNA
ABCD2,-0.88482,mRNA
ARHGEF5,-0.573238,mRNA
SORBS3,0.0381811,mRNA
SERPINE2,0.532645,mRNA
AFG3L2,-0.473717,mRNA
TACC2,-0.820477,mRNA
TIAM2,-1.22399,mRNA
ANAPC2,-0.185447,mRNA
CDO1,0.349177,mRNA
SLC31A2,-0.0161487,mRNA
IFNA10,-1.42607,mRNA
MMP3,3.56939,mRNA
MMP13,7.42203,mRNA
PPL,1.21008,mRNA
PTPN4,-0.975034,mRNA
SKI,-0.29514,mRNA
SLC18A2,2.78184,mRNA
TDGF1,-1.73281,mRNA
EZR,-0.251533,mRNA
IKBKG,-0.108784,mRNA
STBD1,1.09013,mRNA
SREBF1,1.31886,mRNA
MFHAS1,-0.147115,mRNA
DUSP5,2.22018,mRNA
PPIH,-0.0998787,mRNA
KDM1A,0.105109,mRNA
KHK,-0.0305162,mRNA
KNG1,2.5223,mRNA
GALNT9,-1.2712,mRNA
PSMG3,0.25654,mRNA
RBM20,-0.909333,mRNA
ABI3,0.498457,mRNA
ZNF879,-0.14182,mRNA
ALG1L2,0.212093,mRNA
PRDM6,-0.193695,mRNA
ZMYND12,-0.465194,mRNA
TMEM79,2.12914,mRNA
WDR73,-0.121476,mRNA
PRPF38A,-0.329489,mRNA
CSRNP1,-0.992928,mRNA
ZCCHC3,-0.0621088,mRNA
PNPT1,-0.208152,mRNA
CDK1,0.158091,mRNA
CREB3L1,0.728164,mRNA
ESCO1,-0.193352,mRNA
SH2D1B,-0.338814,mRNA
TMEM41A,0.99008,mRNA
TSPAN18,0.606095,mRNA
SNAP23,0.216844,mRNA
KCNG3,0.936884,mRNA
B3GNT6,3.1229,mRNA
CCDC148,0.997556,mRNA
CWF19L2,-0.493758,mRNA
ADI1,-0.032216,mRNA
RPL34,0.109011,mRNA
ZEB1,-0.551815,mRNA
EPX,-0.317554,mRNA
HTR1A,1.54115,mRNA
HTR1B,1.36962,mRNA
ARHGEF35,-0.702505,mRNA
SPDYE3,0.00101057,mRNA
PLAUR,1.70694,mRNA
SPAG16,-0.228835,mRNA
FAM111B,2.20025,mRNA
SLC25A23,-0.406316,mRNA
CXCL1,1.61418,mRNA
DOK4,0.907304,mRNA
KCNK16,1.19057,mRNA
MYO3A,0.819681,mRNA
CLEC18C,-0.29376,mRNA
CD96,-0.858415,mRNA
MKNK2,0.0901694,mRNA
CLEC18A,0.222752,mRNA
CLEC18B,-0.128247,mRNA
ZEB2,-0.433019,mRNA
GIPC2,-0.624523,mRNA
ZNF395,-0.218692,mRNA
TSSC4,0.00780485,mRNA
TEC,0.511635,mRNA
SLC44A5,0.702043,mRNA
TMEM129,-0.0809376,mRNA
UBE3B,-0.0614214,mRNA
FCGR2B,0.0767771,mRNA
ASB4,0.494723,mRNA
ZNF492,0.159297,mRNA
PREX2,-1.4519,mRNA
SLC25A4,-0.147387,mRNA
CEBPE,0.501498,mRNA
FIGNL2,1.25157,mRNA
NRN1,-0.448538,mRNA
BFAR,0.377309,mRNA
DGKQ,0.220508,mRNA
PMP2,-2.96843,mRNA
RNF151,0.106955,mRNA
SLC38A9,-0.110679,mRNA
TJAP1,-0.139906,mRNA
USP19,-0.310748,mRNA
IL12A,-0.967812,mRNA
TUBA4B,-0.322182,mRNA
G6PD,0.116767,mRNA
DIO3,-1.72585,mRNA
POLD3,-0.0868371,mRNA
PRPF40B,-0.163031,mRNA
NAAA,-0.520898,mRNA
ARID1B,-0.460072,mRNA
SAMHD1,-0.0665103,mRNA
BAALC,-0.543076,mRNA
WDR64,-0.593259,mRNA
ARHGEF4,-0.799362,mRNA
SERPINA10,0.404054,mRNA
TBC1D22A,-0.11376,mRNA
SLC16A3,0.632171,mRNA
TTC7A,-0.00180282,mRNA
HINT1,0.0856199,mRNA
DDR1,0.423023,mRNA
HSD17B3,-2.02822,mRNA
HERC4,0.0424824,mRNA
DEAF1,-0.0490003,mRNA
CREBZF,-0.336797,mRNA
FANCM,-0.418894,mRNA
FXYD5,1.63784,mRNA
DYRK1B,0.29552,mRNA
ATG4B,-0.0703128,mRNA
NPNT,0.0458592,mRNA
STEAP2,-1.26607,mRNA
KIF19,-1.67026,mRNA
TMEM151A,0.110908,mRNA
ZNF791,-0.788967,mRNA
TAPT1,-0.80718,mRNA
POC1B,0.0546731,mRNA
AQP11,-0.401151,mRNA
SIK1,0.249555,mRNA
PIP5KL1,1.79867,mRNA
C18orf54,-0.170299,mRNA
GABRG1,0.0213561,mRNA
PDZD8,-0.310428,mRNA
SVOPL,1.61264,mRNA
LYG2,-0.446554,mRNA
ARMCX3,1.78277,mRNA
TUB,-1.381,mRNA
DLX1,-0.353519,mRNA
LCE1E,5.04376,mRNA
OAF,0.338906,mRNA
NLRC3,-0.569946,mRNA
GOLGA8A,0.85799,mRNA
STEAP3,0.836455,mRNA
TMEM37,0.0684291,mRNA
AQP1,1.13758,mRNA
SLC37A2,0.339006,mRNA
SP6,0.256765,mRNA
KCP,3.24877,mRNA
ZBTB42,0.538869,mRNA
SEMA4A,-0.323923,mRNA
PDIA4,-0.15595,mRNA
MYCT1,-0.179079,mRNA
FCGR2A,1.04112,mRNA
FOXN2,-0.0924775,mRNA
R3HDM1,-0.285598,mRNA
FURIN,0.159924,mRNA
STAT1,0.670868,mRNA
TYK2,0.119261,mRNA
AIFM3,0.440527,mRNA
CHURC1,-0.0981751,mRNA
SETDB1,-0.00772275,mRNA
WDFY4,-0.666683,mRNA
DNAH3,0.996158,mRNA
DUSP9,3.92408,mRNA
EBF4,-0.667162,mRNA
NPTXR,1.66787,mRNA
SERHL2,-2.25122,mRNA
TMEM97,0.117697,mRNA
RB1CC1,-0.263003,mRNA
DENND4B,-0.121587,mRNA
P2RY14,-0.197983,mRNA
RHOBTB3,1.1129,mRNA
ACSBG1,-0.118891,mRNA
ZFR2,1.6501,mRNA
HAUS5,0.180598,mRNA
RRP7A,0.0146683,mRNA
RASD1,0.941366,mRNA
A4GNT,-1.28149,mRNA
HSD17B7,0.332445,mRNA
MEX3C,0.319775,mRNA
OGG1,0.422277,mRNA
SPOCK3,3.39461,mRNA
TRPM6,-0.788347,mRNA
DCAF16,-0.387206,mRNA
ZCCHC2,-0.288713,mRNA
TTC19,-0.134055,mRNA
PIGX,-0.0544104,mRNA
HCFC1R1,0.885317,mRNA
RMND1,0.124869,mRNA
EPN3,0.294191,mRNA
IQCC,-0.204774,mRNA
RNPEPL1,0.545329,mRNA
ARHGAP22,0.0628539,mRNA
FLII,0.729721,mRNA
LRRC42,-0.142793,mRNA
MS4A2,2.04986,mRNA
PTPRC,-1.02806,mRNA
NOSIP,0.20511,mRNA
PPP1R3E,-0.452804,mRNA
SLC22A12,0.541004,mRNA
USF1,0.290473,mRNA
SDHD,-0.587054,mRNA
LILRB1,-0.109566,mRNA
OSCAR,1.46475,mRNA
ITGB6,1.03555,mRNA
A2ML1,-0.389409,mRNA
PNMA3,-0.797708,mRNA
GBGT1,0.183695,mRNA
TRIM40,1.66581,mRNA
CBR1,-0.165638,mRNA
FAM110A,0.949148,mRNA
GPI,0.133262,mRNA
BIN2,-0.451544,mRNA
ALDH3B1,2.60428,mRNA
TEK,-0.0158768,mRNA
KDM3A,-0.204108,mRNA
LRRC59,-0.0656762,mRNA
INPP5E,-0.0312434,mRNA
ANKHD1-EIF4EBP3,0.170434,mRNA
PRR12,0.0795159,mRNA
SPINT2,0.129928,mRNA
MRPS12,0.227393,mRNA
HMHB1,-3.5812,mRNA
SLC30A1,-0.249626,mRNA
PLEKHB1,-0.234188,mRNA
SCAF1,0.248084,mRNA
IL21,-2.08383,mRNA
SPHK1,1.29221,mRNA
MRPS14,-0.388829,mRNA
CRLF2,6.90912,mRNA
LHX5,1.6068,mRNA
RNF25,0.171005,mRNA
CDH24,1.38744,mRNA
SUDS3,-0.0354507,mRNA
PCYOX1L,0.000289145,mRNA
MMP28,-0.34803,mRNA
ATP10A,1.46059,mRNA
LRFN3,0.315065,mRNA
ACSS3,-0.223943,mRNA
ZMAT4,-2.09319,mRNA
BBS1,-0.336913,mRNA
UGT2A3,-0.294478,mRNA
VASH2,0.170671,mRNA
MUS81,0.149639,mRNA
PRR7,1.16341,mRNA
CYP2A7,-0.265547,mRNA
INTS5,0.0113957,mRNA
NDEL1,-0.0189221,mRNA
LRRC3,-0.369158,mRNA
CLP1,-0.170961,mRNA
SLC6A8,0.321768,mRNA
FAM13C,-0.947021,mRNA
C2orf72,0.331685,mRNA
NONO,0.193567,mRNA
SRRM5,-0.121646,mRNA
TOX3,-0.984648,mRNA
ADAM8,0.0314553,mRNA
PTCH2,-1.49835,mRNA
NIPAL4,1.01436,mRNA
AMPD3,0.0734245,mRNA
SLAMF6,-1.16321,mRNA
PEX11B,0.0741111,mRNA
PNMA5,-0.188178,mRNA
EFNA3,1.103,mRNA
SFPQ,-0.261231,mRNA
TLE1,-1.29778,mRNA
ALDOC,-0.2645,mRNA
CTLA4,-1.17462,mRNA
DCC,1.08962,mRNA
ARID3A,0.240458,mRNA
GPR4,1.40213,mRNA
GPR37,2.77746,mRNA
FFAR1,2.27258,mRNA
HCN4,4.6905,mRNA
LHX1,5.73237,mRNA
GPR52,0.057345,mRNA
TSPAN1,-0.16582,mRNA
ACTR1A,0.275979,mRNA
DNAL4,-0.320662,mRNA
SAP18,-0.132638,mRNA
MAP3K5,0.769628,mRNA
PAX1,-1.39638,mRNA
PCM1,-0.106898,mRNA
FST,0.576312,mRNA
DDX17,-0.436881,mRNA
HEXIM1,0.227441,mRNA
NUDC,0.0844136,mRNA
HPSE,1.29867,mRNA
DBF4,-0.0837666,mRNA
SURF6,0.0127593,mRNA
LAPTM5,-0.31229,mRNA
BTG2,-0.802127,mRNA
METAP2,-0.00519578,mRNA
CCDC85B,0.59908,mRNA
KRR1,-0.344235,mRNA
SNF8,0.125265,mRNA
SLC7A8,0.197141,mRNA
SEZ6L2,4.0123,mRNA
SEMA3E,1.72373,mRNA
SERTAD1,-0.616917,mRNA
LRP12,0.229241,mRNA
PRMT1,0.22557,mRNA
IGFBP4,0.536361,mRNA
ACP5,0.962127,mRNA
AIF1,0.333172,mRNA
AQP6,2.46741,mRNA
CDKN2D,0.0743884,mRNA
CLU,1.53713,mRNA
COX6B1,0.191764,mRNA
DUSP7,0.486612,mRNA
GAS1,-1.32194,mRNA
GPX3,-0.74418,mRNA
HMOX1,0.994477,mRNA
HOXD10,1.58105,mRNA
INHBB,1.72586,mRNA
ITPKA,2.08625,mRNA
KISS1,4.98073,mRNA
LRP4,4.5293,mRNA
MMP19,-0.521008,mRNA
P2RY11,0.425852,mRNA
PDGFRB,0.464012,mRNA
RPN1,-0.0224804,mRNA
SUPT4H1,0.0281507,mRNA
NR2E1,3.33137,mRNA
FZD9,-0.889575,mRNA
EIF4EBP3,0.255171,mRNA
TNFRSF10C,2.42152,mRNA
FGF18,0.0387016,mRNA
KDM5C,0.080182,mRNA
EPHB4,0.155182,mRNA
WNT11,-1.99481,mRNA
VAMP3,0.206247,mRNA
ASCL4,0.278659,mRNA
YY2,0.272799,mRNA
PADI6,-0.618094,mRNA
NPHP4,0.142635,mRNA
TRIO,-0.277962,mRNA
HNRNPUL2,0.157305,mRNA
PTCH1,-0.790259,mRNA
ARMS2,-0.324346,mRNA
RSPH10B2,-1.23826,mRNA
AGRP,2.26656,mRNA
TAF3,-0.595809,mRNA
EIF4H,-0.100434,mRNA
TMEM222,0.249678,mRNA
VPS25,-0.090084,mRNA
FBN3,1.39588,mRNA
HINT2,-0.364235,mRNA
CNTNAP4,-0.535806,mRNA
SLC26A9,-1.26833,mRNA
ZSWIM3,-0.0741917,mRNA
OVCA2,0.236789,mRNA
NEK7,-0.298854,mRNA
BCL11B,-1.40539,mRNA
CCDC126,-0.753067,mRNA
TMEM182,-0.11274,mRNA
KCNH8,-0.895133,mRNA
ZNF480,-0.726981,mRNA
APOL3,-0.464303,mRNA
MGST1,0.654206,mRNA
CHMP4C,0.221731,mRNA
ZNF534,0.0464567,mRNA
KRT85,-0.0443936,mRNA
CDKL3,-0.638719,mRNA
MAPK12,0.752999,mRNA
CCDC57,-0.251202,mRNA
TIRAP,-0.245503,mRNA
FBF1,-0.160487,mRNA
DUSP23,0.7899,mRNA
HDAC6,-0.198513,mRNA
ZSCAN5A,-0.569664,mRNA
PHYH,-0.463908,mRNA
AIRE,-1.06472,mRNA
GNRHR,-0.762543,mRNA
SUOX,-0.151143,mRNA
ADRA1D,0.198475,mRNA
ALDH9A1,-0.49615,mRNA
GRIN2D,-0.522213,mRNA
CD36,-0.589756,mRNA
GDF6,3.40877,mRNA
KLHL31,0.112535,mRNA
OR4D10,7.26933,mRNA
MYPOP,0.284681,mRNA
SATL1,-0.00616727,mRNA
VSIG8,-0.693862,mRNA
GLTPD2,-1.4407,mRNA
CES1,-0.94434,mRNA
NLRP1,0.0180549,mRNA
TRIM71,-1.46805,mRNA
IFFO1,-0.200633,mRNA
HRCT1,0.147781,mRNA
ACSS1,-0.57406,mRNA
VRK3,-0.278982,mRNA
RECQL,-0.0561121,mRNA
ERI2,-0.342288,mRNA
TSPAN12,-0.504446,mRNA
MAPK6,-0.0195424,mRNA
RBM24,-1.62938,mRNA
GART,-0.110711,mRNA
ACACA,0.0730718,mRNA
ZAP70,-1.10442,mRNA
ULK2,-0.131737,mRNA
ENPP4,-0.200747,mRNA
TDP2,0.163417,mRNA
POLE3,0.0927458,mRNA
CD200R1L,0.397592,mRNA
C14orf93,-0.0772276,mRNA
PPCS,-0.0251997,mRNA
HMGCLL1,-1.21464,mRNA
PMS1,-0.330106,mRNA
SLC39A8,-0.0426904,mRNA
C20orf173,0.250817,mRNA
PHKA1,0.430934,mRNA
ROCK2,-0.58345,mRNA
CITED2,-1.72792,mRNA
UPK1B,1.51243,mRNA
ADAMTS8,0.170326,mRNA
KIF4A,0.508993,mRNA
CAMLG,0.313757,mRNA
ISL1,-0.226672,mRNA
PSMD8,0.283843,mRNA
MPZL1,-0.205784,mRNA
SPOCK1,2.57014,mRNA
TMPRSS11F,3.05603,mRNA
RBL2,-0.329363,mRNA
ESPN,5.94083,mRNA
SPATA9,1.45408,mRNA
ENGASE,-0.197009,mRNA
NKX2-1,0.505048,mRNA
RPN2,0.102892,mRNA
THOC3,0.331281,mRNA
ZBED3,-0.892544,mRNA
MPV17L2,0.0115438,mRNA
PHF5A,-0.227887,mRNA
ATPAF2,0.200312,mRNA
ARNTL,1.74749,mRNA
ITGB2,0.313141,mRNA
KRTAP5-7,0.35104,mRNA
CD46,0.264174,mRNA
ATXN7L3,0.180224,mRNA
ATAD2B,-0.240755,mRNA
CRNKL1,-0.237082,mRNA
SDK2,-1.15777,mRNA
ZFY,-0.76489,mRNA
BAG1,0.156419,mRNA
ZFP36L2,-1.17656,mRNA
RNF113A,0.169806,mRNA
TIAL1,-0.176126,mRNA
CERCAM,0.115534,mRNA
GAP43,6.27664,mRNA
TMEM209,-0.382163,mRNA
SAMD10,0.701443,mRNA
GIPC3,1.16643,mRNA
ALKBH3,-0.0133008,mRNA
AQP4,-1.1221,mRNA
HMGCL,0.155501,mRNA
ATCAY,0.571363,mRNA
KLHDC7A,0.0608808,mRNA
DNAH14,0.289609,mRNA
FGFR3,1.65126,mRNA
NPM1,0.236873,mRNA
IFNGR1,0.236205,mRNA
CHD4,0.58489,mRNA
CBWD5,0.00593432,mRNA
DOCK10,0.389922,mRNA
ADORA1,2.68021,mRNA
PAX4,-1.2528,mRNA
TCP11,-0.967027,mRNA
CBWD6,-0.467673,mRNA
TRPC6,-0.660821,mRNA
APOO,-0.345126,mRNA
DEFB134,-0.293399,mRNA
CACHD1,-0.142484,mRNA
PRKD1,-0.846914,mRNA
KIF22,0.372214,mRNA
PLXNB2,0.855697,mRNA
ZNF709,-0.510484,mRNA
BBS12,-0.347326,mRNA
CPNE8,-0.466014,mRNA
WFDC13,0.627965,mRNA
SHPRH,-1.20771,mRNA
COL23A1,-2.03253,mRNA
PASD1,0.189382,mRNA
FAM163A,-2.30628,mRNA
ZNF775,-0.472814,mRNA
MALT1,-0.0353191,mRNA
FAAH2,0.494399,mRNA
SPATA19,-1.22079,mRNA
NLRP14,-1.68439,mRNA
ATG4A,-0.177749,mRNA
ZNF831,-1.73156,mRNA
DCAF4,-0.210717,mRNA
ZNF283,-0.463561,mRNA
ACOT7,1.07702,mRNA
ESPNL,0.201752,mRNA
CATSPER4,-0.416551,mRNA
KBTBD3,-0.410138,mRNA
SEMA4B,0.20334,mRNA
SYT10,1.03373,mRNA
HSPD1,-0.0777051,mRNA
CBWD3,-0.621498,mRNA
SLC28A1,-0.11504,mRNA
BCL2L14,-0.738181,mRNA
LRRC18,-0.269055,mRNA
CHML,-0.382165,mRNA
TOMM6,0.0344853,mRNA
IL20,-0.354685,mRNA
TTLL13,-0.137696,mRNA
ZNF330,-0.686572,mRNA
ZNF593,0.423628,mRNA
TXNDC12,-0.0962958,mRNA
GOLT1B,-0.177413,mRNA
MRTO4,0.108701,mRNA
RHCG,3.25991,mRNA
ANKRD39,0.330152,mRNA
KDM3B,-0.0737574,mRNA
TMED9,-0.0189066,mRNA
TMEM144,-0.127752,mRNA
ASB11,0.564493,mRNA
TTF1,-0.508396,mRNA
TMPRSS13,-0.471342,mRNA
ZNF790,-0.0892082,mRNA
HIF1A,0.405838,mRNA
SERINC4,-0.499938,mRNA
OS9,-0.0552398,mRNA
MS4A14,0.854273,mRNA
AMBRA1,0.165076,mRNA
CDK2AP1,0.525509,mRNA
TARS2,0.0134379,mRNA
C9orf153,-0.1937,mRNA
LILRB2,0.341918,mRNA
TNFRSF8,0.89484,mRNA
PSME1,0.0577321,mRNA
ETFDH,-0.383874,mRNA
PES1,0.0772552,mRNA
KCNK9,-1.03319,mRNA
SECISBP2,-0.223781,mRNA
UBE2Q2,-0.286973,mRNA
GAS8,-0.0217653,mRNA
C2CD3,0.0271626,mRNA
ANAPC11,0.221436,mRNA
ERBB2,0.636554,mRNA
PRR13,0.137383,mRNA
PDE7B,0.262174,mRNA
FSTL5,-1.44345,mRNA
SERINC1,-0.332009,mRNA
ISLR2,0.768309,mRNA
KAT2A,0.506459,mRNA
CDH22,3.14445,mRNA
ITGB1BP1,0.382548,mRNA
CHST8,-0.997497,mRNA
FANCF,-0.0782606,mRNA
CCDC71,-0.100808,mRNA
DUSP26,-0.210443,mRNA
DDA1,0.352319,mRNA
CHAC1,0.830721,mRNA
TMEM43,0.655735,mRNA
CCDC121,-0.773604,mRNA
GSDMD,0.225248,mRNA
TAF7L,1.15601,mRNA
ZCCHC4,-0.190038,mRNA
ZFP2,-0.420975,mRNA
CSRNP2,0.330791,mRNA
DAGLB,0.0943818,mRNA
MYADML2,-0.280054,mRNA
C5orf52,-1.03207,mRNA
RBM17,0.195036,mRNA
GATA2,0.237768,mRNA
MBOAT7,0.933583,mRNA
POC1A,0.555543,mRNA
HNF1B,4.62497,mRNA
SHMT2,0.775386,mRNA
ATXN10,-0.250224,mRNA
TIMM17B,-0.412844,mRNA
FGFR1,-0.156516,mRNA
TM9SF2,-0.293074,mRNA
PRDX6,0.0693248,mRNA
FGB,2.99869,mRNA
CALM3,0.0256974,mRNA
ELK3,0.540966,mRNA
MAFB,-1.80661,mRNA
VDAC3,-0.557871,mRNA
SMNDC1,-0.115358,mRNA
CEPT1,-0.0129168,mRNA
PIBF1,0.028044,mRNA
BATF,-0.640981,mRNA
RSC1A1,-0.269904,mRNA
CALB2,2.28878,mRNA
CYP4F8,0.578981,mRNA
LYPLA2,0.940728,mRNA
KCND2,-1.24147,mRNA
TRPC5,5.37883,mRNA
ALG6,-0.225566,mRNA
GCKR,3.37058,mRNA
GPLD1,-0.305354,mRNA
BNC1,3.71058,mRNA
C5AR1,0.187078,mRNA
CD33,0.722141,mRNA
COL9A3,0.0539717,mRNA
KLRC2,-0.150543,mRNA
LOXL2,1.87778,mRNA
MAGEB2,0.62384,mRNA
P2RX1,0.0354319,mRNA
PRKAR1B,0.728254,mRNA
MAPK7,0.253985,mRNA
PRPS1,-0.868676,mRNA
ABCD3,0.1017,mRNA
S100A3,1.03534,mRNA
SUPT6H,0.0230792,mRNA
TULP3,-0.149941,mRNA
UBE2B,-0.0854945,mRNA
VLDLR,-0.894214,mRNA
ZNF91,-0.65573,mRNA
FZD5,-0.907632,mRNA
PEX3,-0.392778,mRNA
NIPSNAP1,-0.0256087,mRNA
PRPF18,0.0494866,mRNA
LBP,0.637927,mRNA
PEX14,0.292715,mRNA
RASAL1,0.354848,mRNA
DPH3,-0.245506,mRNA
IGFL3,3.64115,mRNA
HTR3A,-0.49766,mRNA
RHOG,0.339032,mRNA
OLIG2,1.84945,mRNA
SIRPG,-0.968017,mRNA
G2E3,-0.672115,mRNA
MGST2,0.150999,mRNA
DDX60,0.440564,mRNA
USP45,-0.0507924,mRNA
TNRC18,-0.0291277,mRNA
SH3RF3,0.344332,mRNA
LRRIQ3,-1.20934,mRNA
TTC24,-1.51245,mRNA
LCA5,0.554426,mRNA
HMSD,-0.534503,mRNA
RNF19B,0.400725,mRNA
CALHM3,0.337315,mRNA
PSG8,5.66496,mRNA
TMEM169,0.413973,mRNA
CRISPLD1,-0.780921,mRNA
PCBD2,-0.287282,mRNA
ELAVL3,3.67985,mRNA
DNAJC30,-0.0303605,mRNA
JAGN1,0.258597,mRNA
GAL3ST3,-0.101079,mRNA
TUBGCP5,-0.402886,mRNA
RHPN1,0.71689,mRNA
TM2D3,0.0187023,mRNA
RSPRY1,-0.141263,mRNA
RNASE8,-0.197288,mRNA
WDR36,-0.269302,mRNA
PEBP4,-0.120022,mRNA
C1orf87,0.583579,mRNA
XRCC4,0.0342138,mRNA
LHCGR,-1.58303,mRNA
PON2,1.01679,mRNA
MAT1A,-0.896775,mRNA
ALOX5,3.0378,mRNA
CYP7A1,-0.810159,mRNA
NPR1,-0.325188,mRNA
PDE3A,-0.41041,mRNA
RPL32,0.141527,mRNA
ZNF425,-0.412942,mRNA
OR2T5,-1.52995,mRNA
TFG,-0.0903929,mRNA
C1QL4,1.20223,mRNA
GLYATL3,1.48008,mRNA
INS-IGF2,-0.570189,mRNA
ZNF214,-0.434998,mRNA
ARFRP1,0.0210924,mRNA
JPH1,0.832514,mRNA
SDCBP,-0.558924,mRNA
EDNRB,0.619561,mRNA
KRTAP3-2,-0.628155,mRNA
CORO6,0.10475,mRNA
CDH12,-0.662838,mRNA
RFPL4B,-0.808293,mRNA
PIGW,-0.174736,mRNA
CCDC88A,-0.356615,mRNA
DDRGK1,0.151734,mRNA
C6orf120,-0.316344,mRNA
PLCB1,0.235955,mRNA
TMEM140,-0.145019,mRNA
BRI3,0.313288,mRNA
ALDH4A1,-0.51574,mRNA
IAH1,0.268487,mRNA
RPS28,0.568203,mRNA
TNRC6A,-0.212932,mRNA
CEP78,-0.245446,mRNA
IFT81,-0.0839509,mRNA
SIGLEC16,-0.121873,mRNA
KDM6B,-0.477137,mRNA
ATG7,0.240728,mRNA
PIK3CD,-0.410035,mRNA
DBP,0.622912,mRNA
EP300,-0.312535,mRNA
TCF7L2,-0.298007,mRNA
TMF1,-0.390122,mRNA
GRTP1,0.0218191,mRNA
S100B,2.25535,mRNA
TSPAN32,-0.35247,mRNA
NIN,-0.178489,mRNA
PLEKHH3,0.803928,mRNA
GRAMD4,-0.304169,mRNA
GRHL1,0.923698,mRNA
VPS13B,-0.38127,mRNA
NAGS,-0.148754,mRNA
TAF1L,-0.452962,mRNA
OR7D2,-0.343094,mRNA
PRR18,-0.763618,mRNA
NKX6-2,-2.07044,mRNA
MAGEC3,2.07533,mRNA
CYP4Z1,1.72267,mRNA
GMCL1,-0.121127,mRNA
PPP2R5D,-0.107196,mRNA
RXFP4,1.18521,mRNA
LHFPL3,3.46126,mRNA
ACE2,-0.288757,mRNA
GNAT2,-0.390197,mRNA
DYNC1I2,0.202222,mRNA
NBPF9,-0.303706,mRNA
GOLGA3,-1.52779e-05,mRNA
VWA5B2,1.4699,mRNA
SCHIP1,0.864129,mRNA
BTBD19,-0.208772,mRNA
TUG1,-0.180896,mRNA
EFNB3,1.31044,mRNA
DNAJC8,-0.0118098,mRNA
ITGB3BP,0.0209764,mRNA
HSPB8,-1.15161,mRNA
ADNP2,-0.416979,mRNA
PLCL2,-0.75014,mRNA
KIF13B,0.271844,mRNA
ZNF10,-0.210979,mRNA
LARP7,-0.30729,mRNA
NECAP1,-0.219986,mRNA
TSKU,0.0643465,mRNA
ZMYND10,0.285489,mRNA
MRPS7,-0.130545,mRNA
SNX9,0.133892,mRNA
UBE2Q1,0.241384,mRNA
DIRAS2,-2.22077,mRNA
CCDC87,-1.1916,mRNA
EXOC2,-0.130807,mRNA
TRIM6,0.0901894,mRNA
SLC28A3,2.35685,mRNA
BMP3,-0.31661,mRNA
MUC1,2.47036,mRNA
TAX1BP3,1.10985,mRNA
FCER2,-2.53038,mRNA
CA11,1.31266,mRNA
HLA-DPA1,0.293828,mRNA
PLTP,0.424474,mRNA
RANBP6,-0.11261,mRNA
VIPR1,-0.565531,mRNA
ZNF74,-0.0299262,mRNA
SSBP2,0.845934,mRNA
CDK8,-0.220466,mRNA
STX10,0.0663673,mRNA
DCLRE1A,-0.209646,mRNA
NUBP1,0.00844542,mRNA
CIRBP,-0.131384,mRNA
FBXL19,0.464838,mRNA
HES6,2.07268,mRNA
GRIK4,-1.76359,mRNA
KIAA1586,-0.481888,mRNA
ZNF34,-0.240316,mRNA
PLAGL1,-0.872432,mRNA
DHTKD1,-0.584789,mRNA
PCDHGA5,-0.313599,mRNA
GPR84,1.1497,mRNA
ASPHD2,0.56849,mRNA
REXO1,0.168543,mRNA
B3GALT1,-1.11118,mRNA
COTL1,-0.249952,mRNA
SIGIRR,0.268337,mRNA
ATP13A2,0.221524,mRNA
BIRC7,6.01154,mRNA
FNDC4,2.54192,mRNA
RTN4R,1.3346,mRNA
FA2H,-0.547791,mRNA
DHRS11,0.606076,mRNA
ZFAND1,-0.377774,mRNA
FBXO17,-1.17742,mRNA
SPSB1,-0.987917,mRNA
BHLHB9,-0.58897,mRNA
DUSP16,-0.0754699,mRNA
FAM117A,-0.456987,mRNA
TBRG4,0.292994,mRNA
NUAK2,-1.37817,mRNA
API5,-0.0530684,mRNA
SGK1,-0.736216,mRNA
MUC7,1.82511,mRNA
RFPL4A,-1.50385,mRNA
DSN1,0.218114,mRNA
SNX18,0.123927,mRNA
KRTAP4-9,0.693732,mRNA
SCEL,4.25635,mRNA
TPBG,0.188692,mRNA
KRTCAP3,0.499249,mRNA
AZGP1,-1.80387,mRNA
ZNF75D,0.108452,mRNA
RERG,-0.0717274,mRNA
CHRNG,0.140814,mRNA
GATA6,-0.219359,mRNA
MAPK8IP1,-0.698552,mRNA
CCR4,-0.360614,mRNA
LAMC2,1.29181,mRNA
MRC2,3.08428,mRNA
BMP1,1.49181,mRNA
PRKAA1,-0.332458,mRNA
COLEC10,-1.92537,mRNA
ALX3,-0.148922,mRNA
MCAM,1.22319,mRNA
YEATS4,-0.206496,mRNA
LZTR1,-0.0445853,mRNA
ZNF16,0.0786601,mRNA
GPN1,0.14809,mRNA
DLEC1,0.989888,mRNA
LPAR3,1.00079,mRNA
SIRT2,0.175188,mRNA
PADI4,-1.13359,mRNA
SHPK,0.340461,mRNA
NRBP1,0.326478,mRNA
RAX,0.472475,mRNA
MRPS18B,-0.0243168,mRNA
CNTNAP2,0.0181436,mRNA
SSU72,-0.176488,mRNA
SLC25A6,-0.114477,mRNA
APEH,0.181511,mRNA
APOC4,1.42462,mRNA
CCND3,0.758669,mRNA
CKS1B,0.142979,mRNA
DSG3,3.18465,mRNA
KCNF1,0.0399456,mRNA
SLC7A1,-0.259334,mRNA
NR2C1,-0.302091,mRNA
UBE2G1,0.0801029,mRNA
APOL1,0.777686,mRNA
TNFRSF10B,1.10182,mRNA
NRP1,0.364312,mRNA
HSD17B10,-0.41,mRNA
TSPAN7,-0.750622,mRNA
C1orf174,-0.125664,mRNA
FANCE,0.511738,mRNA
PPP1R12C,-0.0950581,mRNA
BPNT1,0.0820493,mRNA
CRB1,-0.84226,mRNA
KCNJ12,-0.284876,mRNA
APOBEC3H,1.53689,mRNA
HFM1,-1.87,mRNA
TMEM223,0.393674,mRNA
UNC119B,-0.632036,mRNA
LILRB3,0.547226,mRNA
MBOAT4,-0.198401,mRNA
PCTP,0.321863,mRNA
RPP30,-0.139679,mRNA
SYCE2,0.551563,mRNA
LNX1,0.194309,mRNA
ETFA,-0.0225956,mRNA
CCDC152,-0.886998,mRNA
IFFO2,0.60676,mRNA
PROK1,1.12023,mRNA
ZNF528,-0.0221536,mRNA
PARD6B,0.0260817,mRNA
SFT2D3,-0.163101,mRNA
ZNF341,0.314398,mRNA
LSM10,0.0858176,mRNA
STX1B,1.59433,mRNA
ZSWIM1,-0.0587097,mRNA
PSMA1,0.116669,mRNA
LINGO1,1.5539,mRNA
COL4A1,1.25529,mRNA
TMEM132E,1.10114,mRNA
TIMM9,0.0521418,mRNA
TSPAN2,-1.43596,mRNA
TESK1,0.119272,mRNA
WDR59,-0.248044,mRNA
AVPR2,0.0583447,mRNA
FBN1,-0.543853,mRNA
RHAG,-3.60199,mRNA
TTPA,1.09398,mRNA
RAG2,-1.67016,mRNA
ADRA2C,2.25619,mRNA
CHRM1,-1.44806,mRNA
CYP4B1,1.37237,mRNA
MGP,-0.496313,mRNA
PRIM2,-0.0932518,mRNA
PTGIS,-0.72007,mRNA
POTEG,-1.91488,mRNA
OR10G3,2.40014,mRNA
NFKBIZ,-0.225632,mRNA
ZNF780A,-0.307497,mRNA
BTBD1,0.142281,mRNA
CNGA4,-0.675262,mRNA
BCORL1,-0.351837,mRNA
GLUD1,-0.242664,mRNA
POFUT2,-0.280079,mRNA
BEND5,-0.149456,mRNA
HAS2,0.358079,mRNA
CERKL,-0.347146,mRNA
FASTKD3,-0.317185,mRNA
SLAIN2,0.0430299,mRNA
MFSD6L,-0.09018,mRNA
TNFRSF13C,-1.89906,mRNA
MRPL48,-0.034649,mRNA
NOC3L,0.167734,mRNA
HMGCR,-0.801564,mRNA
GLOD4,-0.0286933,mRNA
DMPK,-0.233339,mRNA
TGM3,2.06579,mRNA
C1QA,0.398551,mRNA
DCTD,-0.43845,mRNA
DAZAP1,0.159269,mRNA
ZNF334,-0.470977,mRNA
CAPS2,-1.02175,mRNA
C1orf159,0.146499,mRNA
GSTZ1,0.0441264,mRNA
NKAIN4,2.88521,mRNA
TM9SF4,0.142334,mRNA
LRBA,0.239441,mRNA
FAM193A,0.0234677,mRNA
SIK3,-0.450557,mRNA
DSCAM,-0.316028,mRNA
XPO1,-0.113046,mRNA
S100Z,0.385766,mRNA
TNFAIP3,-0.898571,mRNA
PAXIP1,-0.519518,mRNA
ARHGEF10,-0.234319,mRNA
EML3,0.449131,mRNA
TRPM5,-1.59324,mRNA
SELP,0.562725,mRNA
ULK3,0.429549,mRNA
SLC25A19,0.206145,mRNA
RANGAP1,0.305375,mRNA
TRMT61B,-0.335572,mRNA
PM20D1,-0.106461,mRNA
FAM76A,-0.416116,mRNA
NXPH1,1.33528,mRNA
SCUBE3,-1.70521,mRNA
FAM89B,0.878593,mRNA
BEND2,-1.95374,mRNA
FAM43A,2.09615,mRNA
SGK2,1.2591,mRNA
LMNA,0.406384,mRNA
UBR3,-0.242376,mRNA
ZNF547,-0.390058,mRNA
CD300LB,-0.18401,mRNA
HSD17B13,-0.0246533,mRNA
ASPHD1,4.31067,mRNA
SPNS3,-0.771261,mRNA
GDPD4,-0.939162,mRNA
GOLT1A,4.06838,mRNA
CLEC4G,0.883427,mRNA
DHX57,-0.272104,mRNA
ZFP64,-0.116209,mRNA
SBK2,0.129491,mRNA
APOA5,-1.26871,mRNA
EIF4E1B,5.84436,mRNA
PABPN1L,-0.971147,mRNA
CCDC91,-0.00279394,mRNA
SNAPC4,-0.121073,mRNA
GPS1,0.0954262,mRNA
PCSK4,-0.519791,mRNA
PFDN6,0.303177,mRNA
TMEM50A,0.330409,mRNA
ANAPC13,-0.390577,mRNA
KIR2DL3,-0.735387,mRNA
WNT16,1.04158,mRNA
KBTBD4,-0.276835,mRNA
SIX4,0.399787,mRNA
KCTD9,-0.137727,mRNA
ZDHHC7,-0.105802,mRNA
MRPL16,-0.135201,mRNA
CHMP5,0.184973,mRNA
SPRR1A,2.00805,mRNA
SPHK2,-0.363613,mRNA
RBAK,-0.50541,mRNA
KIR3DL2,-0.470808,mRNA
ZFP36L1,1.03669,mRNA
IL3RA,0.573166,mRNA
JAM2,-0.238918,mRNA
RALGDS,-0.115078,mRNA
SEC11A,0.167293,mRNA
LRRC31,-0.0571842,mRNA
ADORA2A,-0.287685,mRNA
ZC3HC1,0.073905,mRNA
SUSD1,1.04128,mRNA
USP25,-0.0640937,mRNA
RBM7,-0.189663,mRNA
SLC17A4,-1.04072,mRNA
MARK1,-0.341704,mRNA
RGS22,-1.32083,mRNA
UBL7,-0.0160097,mRNA
BAIAP2L1,-0.0708582,mRNA
ZDHHC13,-0.171336,mRNA
IFNK,-0.15119,mRNA
CIAPIN1,-0.0766096,mRNA
SNTB1,-0.201374,mRNA
CLDN1,3.15702,mRNA
PCIF1,-0.147113,mRNA
KLHL25,0.601652,mRNA
ALG12,-0.396093,mRNA
FOXRED2,-0.637571,mRNA
CEP135,-0.341293,mRNA
BAIAP2L2,-0.219064,mRNA
NUBPL,-0.440866,mRNA
PRR3,0.192507,mRNA
TET1,-0.276667,mRNA
GJA9,0.0848579,mRNA
PTDSS2,-0.0335516,mRNA
LMAN2L,-0.509114,mRNA
TXNDC5,-0.168887,mRNA
SH3BGRL3,1.01669,mRNA
STOML3,1.64294,mRNA
ARHGEF33,-1.11291,mRNA
CYP51A1,0.0375749,mRNA
LTBP1,1.28154,mRNA
CCT7,0.182934,mRNA
RNF166,-0.0497215,mRNA
CLDN12,0.0458418,mRNA
KCND1,0.493632,mRNA
CSTA,-0.720201,mRNA
ITGAD,-0.659954,mRNA
SMC3,-0.156849,mRNA
IFI35,-0.0757767,mRNA
INPP5D,0.201945,mRNA
RHEB,0.0822592,mRNA
REEP5,-0.261839,mRNA
AKAP9,-0.227054,mRNA
NKX6-1,-0.240178,mRNA
PA2G4,0.0373937,mRNA
TIMM17A,-0.212152,mRNA
HTATIP2,-0.260425,mRNA
PMVK,-0.00374744,mRNA
STRAP,-0.136207,mRNA
SH3BGR,-0.905431,mRNA
KIR3DL1,-0.400715,mRNA
MRPL15,-0.235683,mRNA
GTF3C1,-0.372101,mRNA
AHR,1.04528,mRNA
COL9A2,-0.705779,mRNA
COX7A1,-0.03805,mRNA
FGFR4,-0.528558,mRNA
FNTB,0.11897,mRNA
ITGB1,0.450833,mRNA
MSI1,1.61109,mRNA
NMBR,-1.09638,mRNA
NTSR1,0.524714,mRNA
POU3F1,0.550949,mRNA
HTRA1,0.714072,mRNA
SUMO1,-0.0652987,mRNA
YWHAH,0.504687,mRNA
NDST2,-0.015692,mRNA
CHST1,-0.15856,mRNA
HYAL2,0.843658,mRNA
DLK1,3.19901,mRNA
KAT2B,-0.281149,mRNA
FASN,-0.0653119,mRNA
SERPINB9,-0.496451,mRNA
TGFBRAP1,-0.527916,mRNA
DMP1,3.81887,mRNA
SREBF2,-0.00150056,mRNA
CMPK2,0.412159,mRNA
PYHIN1,-1.10014,mRNA
HSPBAP1,-0.275913,mRNA
FARS2,-0.500838,mRNA
NME3,0.45291,mRNA
PWWP2B,0.4049,mRNA
ZNF862,-0.829627,mRNA
PAK1,-0.078947,mRNA
MARK3,-0.212313,mRNA
PNCK,1.28142,mRNA
CCDC66,-0.178383,mRNA
LCE3D,1.19122,mRNA
FAM136A,0.138194,mRNA
TSPYL5,-0.535534,mRNA
MAL2,-0.204263,mRNA
PLEKHG4B,-2.08196,mRNA
GPR78,0.158666,mRNA
KLHDC7B,1.57606,mRNA
SMARCC2,0.0786977,mRNA
DIRAS1,1.43367,mRNA
WFDC5,0.80953,mRNA
DBF4B,-0.00470331,mRNA
SDR9C7,0.0026967,mRNA
C12orf54,0.761913,mRNA
CDCA3,-0.0741516,mRNA
CYB5R2,0.135018,mRNA
F10,-2.42285,mRNA
DIAPH1,0.144333,mRNA
KLKB1,-0.646844,mRNA
PKN2,-0.41352,mRNA
EPOR,1.07953,mRNA
SGSH,0.402079,mRNA
TWIST1,0.513016,mRNA
COL17A1,0.0931342,mRNA
PLA2G5,1.71494,mRNA
CENPM,-0.344706,mRNA
OR2A12,0.0492416,mRNA
CXorf65,-1.14883,mRNA
MPEG1,-0.500546,mRNA
TMCO3,-0.581026,mRNA
CD48,-1.29568,mRNA
ATP10D,-0.87364,mRNA
EEF2,0.220577,mRNA
ZNF136,-0.27563,mRNA
PPM1M,-0.0998292,mRNA
ACER1,-0.464018,mRNA
CALM2,0.329944,mRNA
DRD3,0.0574514,mRNA
RNF125,0.367025,mRNA
MSMB,2.00227,mRNA
S100A8,0.614521,mRNA
SMOX,0.642306,mRNA
TRIM58,-1.20105,mRNA
TINAGL1,0.466329,mRNA
TPMT,-0.436965,mRNA
GRHL2,-0.249598,mRNA
AHNAK2,3.71325,mRNA
ITPA,0.129186,mRNA
EFCAB10,0.833642,mRNA
MAP3K4,-0.510191,mRNA
KHSRP,-0.0335569,mRNA
PAX6,-0.939285,mRNA
FBXW5,0.206633,mRNA
FBXW8,-0.446159,mRNA
GPRC5D,-0.467449,mRNA
KCTD13,0.627528,mRNA
SYT17,-0.315778,mRNA
ANKRD13B,0.381341,mRNA
ZNF45,-0.479311,mRNA
GTPBP2,0.40224,mRNA
DERA,0.336196,mRNA
LIPC,-1.29123,mRNA
UIMC1,-0.177967,mRNA
C1orf185,0.984427,mRNA
NSMCE2,0.18409,mRNA
ROR2,-1.54423,mRNA
FGGY,-0.276071,mRNA
SIPA1L2,1.38517,mRNA
ALDH16A1,0.0128053,mRNA
ZNF100,0.402499,mRNA
CIC,0.0150552,mRNA
GTF2F1,0.013381,mRNA
ZNF568,-0.571785,mRNA
ABHD12,-0.0239564,mRNA
USP9Y,-0.337964,mRNA
TOE1,-0.0454156,mRNA
ZNF417,-0.566832,mRNA
C4orf45,-1.5032,mRNA
CPNE2,0.813332,mRNA
FBXO39,0.78178,mRNA
CCDC96,-0.784132,mRNA
PSENEN,0.266272,mRNA
VWA3A,-0.478928,mRNA
DPY19L2,-1.35643,mRNA
FAM98C,0.0279003,mRNA
UGT3A2,3.93562,mRNA
ADCK5,0.215487,mRNA
PILRB,-0.104018,mRNA
GGTLC1,-0.376865,mRNA
LEMD2,0.0759584,mRNA
NAA20,-0.210054,mRNA
UBE2C,0.0134629,mRNA
ZNF595,-0.433982,mRNA
GPX6,2.69656,mRNA
TPRG1L,-0.00836869,mRNA
CCNB1IP1,-0.201686,mRNA
MPZL3,0.251678,mRNA
TMEM17,0.135052,mRNA
CACNA1G,0.638815,mRNA
KCTD4,-1.13825,mRNA
MAP4K5,-0.345257,mRNA
UNC13D,0.303634,mRNA
DPPA3,-0.56549,mRNA
PFN4,0.495153,mRNA
CCDC62,0.357313,mRNA
ZCCHC13,0.245564,mRNA
TSPAN8,-2.08051,mRNA
POPDC2,-0.0472444,mRNA
CUL1,0.0329524,mRNA
CCL26,2.32506,mRNA
IL17D,-0.816205,mRNA
ZNF544,-0.174899,mRNA
CLYBL,-0.447752,mRNA
SLC16A8,-0.0172862,mRNA
INCA1,0.028789,mRNA
TMPRSS9,-0.877262,mRNA
CYP2R1,-0.0903015,mRNA
CELSR1,-0.473861,mRNA
APEX2,0.239087,mRNA
SOX8,1.02958,mRNA
TOX4,-0.17508,mRNA
CEP164,0.0818433,mRNA
FNBP4,-0.0209077,mRNA
KCTD2,-0.530321,mRNA
ZNF521,-0.478413,mRNA
RPAP1,-0.313606,mRNA
SUSD5,-0.560168,mRNA
GSTK1,-0.302886,mRNA
TAF9B,-0.0867947,mRNA
HEBP1,-0.568844,mRNA
WBP11,-0.267278,mRNA
ZCCHC17,-0.254663,mRNA
GOLM1,-0.820348,mRNA
KIF21B,-1.04887,mRNA
ELOVL2,0.759158,mRNA
C1orf56,-0.0335967,mRNA
YEATS2,-0.156886,mRNA
GPN2,0.135836,mRNA
HEATR1,-0.0276196,mRNA
MTPAP,-0.140503,mRNA
CKAP2,0.127107,mRNA
YY1AP1,-0.107121,mRNA
TMEM143,-0.225016,mRNA
NUDT15,-0.211228,mRNA
CGGBP1,-0.231128,mRNA
LEMD1,3.11862,mRNA
PTPRN,-0.51415,mRNA
HYAL3,0.234022,mRNA
ENO1,0.301323,mRNA
PRKCZ,0.118038,mRNA
NVL,0.133223,mRNA
CD2BP2,0.0526186,mRNA
ENTPD2,3.41585,mRNA
NR1H3,-0.496647,mRNA
SPDEF,1.15165,mRNA
BBS4,-0.588299,mRNA
DDX56,0.0545779,mRNA
PHB2,0.0780966,mRNA
ANXA8,4.24104,mRNA
ABHD10,-0.143966,mRNA
CHGA,-2.85415,mRNA
DNAH11,-0.315926,mRNA
EIF1AY,-0.260764,mRNA
HHLA2,0.0425782,mRNA
PAQR4,1.51929,mRNA
TMEM14B,-0.447309,mRNA
HAGHL,1.59764,mRNA
BDP1,-0.404924,mRNA
TMEM176A,0.75871,mRNA
S100A4,1.76407,mRNA
TAS2R1,0.0272824,mRNA
AGTRAP,0.669738,mRNA
PCNP,-0.0802668,mRNA
FSCN3,-0.460974,mRNA
ZSWIM6,-0.36124,mRNA
PCDHB16,-0.710435,mRNA
ZNF708,-0.700952,mRNA
TRPV4,0.387634,mRNA
MMP27,-1.66071,mRNA
MAP1LC3B,0.132221,mRNA
AIDA,0.244702,mRNA
METTL1,-0.302214,mRNA
VPS37B,-0.505953,mRNA
RIN3,0.519265,mRNA
THAP7,0.0980119,mRNA
HOXA3,-0.334466,mRNA
EPHX3,2.81164,mRNA
PDE6B,-0.472803,mRNA
PHGR1,-0.549706,mRNA
KIRREL3,2.7846,mRNA
CAND2,-0.413059,mRNA
SUMF1,0.047515,mRNA
RBMX,-0.029611,mRNA
MAGEA8,-1.37812,mRNA
ME2,-0.030039,mRNA
EIF4G2,-0.174265,mRNA
ATP8B3,0.421344,mRNA
KLHDC4,0.312997,mRNA
DDX1,-0.180139,mRNA
PHOX2A,1.00458,mRNA
NCL,-0.0170883,mRNA
PLXNB3,0.50821,mRNA
SULT1E1,-0.218224,mRNA
NAALAD2,-1.31604,mRNA
INSL5,-0.198815,mRNA
SH2D3A,0.791795,mRNA
SOX3,1.2584,mRNA
ABCC4,-1.26567,mRNA
SNAI1,-1.28744,mRNA
SMYD5,0.148247,mRNA
MS4A3,1.31948,mRNA
NPPA,-0.413859,mRNA
DNAJC3,-0.474381,mRNA
DPF2,0.147984,mRNA
CAP2,-0.472072,mRNA
RABAC1,-0.292736,mRNA
SCN10A,1.32958,mRNA
PPP1R1A,-0.487429,mRNA
SCML1,-0.172192,mRNA
ZFPL1,0.165374,mRNA
APOBEC2,1.36971,mRNA
UPK1A,0.265966,mRNA
TRH,1.15335,mRNA
ZXDA,-0.767083,mRNA
TREH,1.07624,mRNA
GPR45,-0.828983,mRNA
TPX2,0.350216,mRNA
FBXO4,-0.234514,mRNA
TTC33,-0.30651,mRNA
SPON2,-0.480968,mRNA
NUDT5,0.240575,mRNA
ORMDL2,0.320338,mRNA
HSPB2,0.0810789,mRNA
BGN,0.896798,mRNA
CD52,-0.821491,mRNA
CPA3,2.32807,mRNA
CTSG,1.62483,mRNA
CYC1,-0.0877027,mRNA
DEFA4,-1.169,mRNA
ETV4,3.46339,mRNA
GTF2E2,0.343104,mRNA
LDHB,-0.279074,mRNA
GPNMB,0.661629,mRNA
NPTX2,2.79984,mRNA
MAP2K5,-0.159697,mRNA
CCL17,3.11762,mRNA
SGTA,-0.0137559,mRNA
SRP9,-0.0688645,mRNA
ZFP36,-0.919395,mRNA
RANBP3,0.285136,mRNA
AOC3,-0.118168,mRNA
TNKS,0.163712,mRNA
B4GALT4,0.00546481,mRNA
TNFSF9,1.39116,mRNA
FGF17,-0.417761,mRNA
NPR2,-0.420724,mRNA
DDO,0.613132,mRNA
RRAD,-1.0273,mRNA
MED7,-0.186986,mRNA
CD74,0.403744,mRNA
COL12A1,0.595697,mRNA
NDUFB4,0.0964633,mRNA
POU4F2,2.91575,mRNA
UBL4B,-0.101588,mRNA
MS4A10,-0.745423,mRNA
AADACL2,-1.94867,mRNA
FAM120A,0.0034266,mRNA
MCF2,-0.819334,mRNA
GSTM5,-2.26373,mRNA
ZNF782,-0.879536,mRNA
PLEKHG4,1.35542,mRNA
B9D2,-0.178804,mRNA
GZF1,-0.545827,mRNA
KCNT2,-0.143491,mRNA
CEMP1,-0.201955,mRNA
PACRG,-0.978468,mRNA
C16orf90,-1.17389,mRNA
MAP1LC3B2,0.0255309,mRNA
MEX3A,1.76247,mRNA
SLC47A2,0.693618,mRNA
SH2D5,0.517004,mRNA
SMTNL1,0.634493,mRNA
ERLEC1,-0.208205,mRNA
CRYZ,-0.147229,mRNA
CCDC77,-0.260969,mRNA
IGFL2,5.02297,mRNA
ZNF844,-0.641767,mRNA
ALOX15,-0.887909,mRNA
INHBE,1.73232,mRNA
CACNG7,1.99503,mRNA
USP26,0.833937,mRNA
FUCA2,0.136313,mRNA
EMILIN2,2.07086,mRNA
SEMA6B,1.65615,mRNA
ZNF527,-0.614084,mRNA
CASP2,-0.0861254,mRNA
KRT82,0.981349,mRNA
ERN2,2.88827,mRNA
ANKRD40,-0.101643,mRNA
CCDC34,0.0517291,mRNA
ZNF280A,-0.863844,mRNA
RHOV,2.21784,mRNA
PGK2,0.745786,mRNA
TSTD2,-0.40031,mRNA
CDC26,-0.305362,mRNA
KLK8,2.91225,mRNA
COMTD1,0.049025,mRNA
RILPL2,-0.326472,mRNA
SVIP,0.0154789,mRNA
HUS1B,-0.821692,mRNA
ADORA3,0.810399,mRNA
AIP,0.306407,mRNA
DOK3,-0.336863,mRNA
ABHD3,0.381869,mRNA
PRRG2,-0.070914,mRNA
C2orf15,0.122586,mRNA
ZNF529,-0.139051,mRNA
CSTF1,-0.17204,mRNA
ADRB3,3.28036,mRNA
C3,1.48339,mRNA
CD40LG,-1.50713,mRNA
PNP,2.10344,mRNA
VWF,0.632786,mRNA
CRX,-1.04859,mRNA
IL10,-0.437499,mRNA
CACNB1,1.53457,mRNA
CYP3A7,-0.323952,mRNA
CYP2C18,-0.446565,mRNA
HSFY2,0.263142,mRNA
OR1M1,0.817494,mRNA
OR51I2,0.391128,mRNA
ARSH,1.47218,mRNA
DDX60L,0.0986965,mRNA
BCAM,-0.601945,mRNA
AADACL4,-0.454492,mRNA
CFH,0.163827,mRNA
PGBD2,-0.422749,mRNA
ACTBL2,4.78961,mRNA
RNLS,-0.0285234,mRNA
REV1,-0.525126,mRNA
ZNF596,-0.430597,mRNA
FAM8A1,-0.327822,mRNA
CENPK,1.21001,mRNA
TLR5,0.0364747,mRNA
CSTF3,0.0426336,mRNA
ADAMTS1,-0.321567,mRNA
EHD2,0.955375,mRNA
NEUROD2,-0.64633,mRNA
ST3GAL3,0.0909152,mRNA
SLC25A45,-0.636835,mRNA
SNCAIP,-0.032384,mRNA
PER3,0.111647,mRNA
SALL1,-0.0938007,mRNA
DGUOK,0.229198,mRNA
FBXO11,-0.105064,mRNA
CNST,-0.653152,mRNA
TNFSF13,0.574768,mRNA
TNFSF12-TNFSF13,1.52957,mRNA
DIP2B,-0.0900857,mRNA
FAM9C,-0.878928,mRNA
CNTN1,-1.88527,mRNA
RNF128,0.47031,mRNA
FAM174A,0.229213,mRNA
KCNRG,-0.343493,mRNA
LRRC8B,-0.173134,mRNA
CTBP1,0.413153,mRNA
FCHO1,0.588817,mRNA
OR7E24,1.4788,mRNA
IL34,0.264057,mRNA
CCL25,0.155646,mRNA
CHSY1,0.0771905,mRNA
LDLRAP1,0.082582,mRNA
PIAS4,0.0457869,mRNA
DCXR,-0.43834,mRNA
EFEMP2,0.126822,mRNA
ANKRD49,-0.313085,mRNA
RADIL,-2.1525,mRNA
ZGPAT,0.121746,mRNA
SH3GL1,0.832213,mRNA
TSPO,0.598922,mRNA
KIF18B,0.13757,mRNA
SLC2A8,-0.536639,mRNA
BCAT2,-0.183967,mRNA
GARNL3,-1.34848,mRNA
ELAC1,-0.653019,mRNA
SLC37A1,0.0394457,mRNA
PARD3,0.00889352,mRNA
DECR2,0.420918,mRNA
PRDM13,0.30333,mRNA
PJA1,-0.30396,mRNA
TTC31,0.0351386,mRNA
SHISA7,-0.17964,mRNA
ACTR3C,-0.252784,mRNA
RXFP2,-0.351894,mRNA
VPS4B,-0.128131,mRNA
SLC1A6,1.1861,mRNA
XBP1,-0.70575,mRNA
GCHFR,0.650559,mRNA
TSHZ1,-0.38136,mRNA
SPRR2A,2.67335,mRNA
PPP2R5B,-0.0821972,mRNA
CLPX,0.0446831,mRNA
OIP5,-0.0406296,mRNA
TBX21,-0.78855,mRNA
ATP1B2,0.340733,mRNA
HBEGF,0.336543,mRNA
ISG20,-0.851809,mRNA
MSX1,-0.422257,mRNA
OMG,-0.230607,mRNA
PDK4,0.385695,mRNA
PLP2,1.33846,mRNA
PMM1,0.158692,mRNA
PPP4C,0.602513,mRNA
SLC22A4,1.61693,mRNA
SSR2,0.113307,mRNA
TRHR,4.13301,mRNA
UQCRC1,0.236538,mRNA
PDHX,-0.0951804,mRNA
COPS3,-0.0862402,mRNA
FADD,0.501876,mRNA
SIGLEC5,-0.223425,mRNA
MYOM2,-0.155037,mRNA
SH2D2A,-0.524759,mRNA
KIF5B,0.0781406,mRNA
PRPF3,-0.273898,mRNA
ZNF697,-0.0537672,mRNA
CLEC2L,0.49137,mRNA
CCRL2,0.351177,mRNA
ATXN3L,-1.61789,mRNA
KCTD1,0.183395,mRNA
GSTM2,-0.459893,mRNA
RIOK1,-0.386804,mRNA
RNF26,-0.197919,mRNA
UNC80,-1.79571,mRNA
CTDP1,0.0352806,mRNA
ALPK2,-1.2082,mRNA
CDKN2AIPNL,-0.179601,mRNA
WFDC12,0.519961,mRNA
STARD6,-0.833898,mRNA
HOPX,0.16172,mRNA
FLCN,-0.0915472,mRNA
UBLCP1,0.0635294,mRNA
GFRA4,-1.29473,mRNA
TBCA,0.212666,mRNA
PNLIPRP1,-0.309969,mRNA
SLC13A4,-1.00458,mRNA
ACADS,-0.312916,mRNA
ERCC6,-0.10549,mRNA
RPE65,-0.12034,mRNA
IFNG,-0.826317,mRNA
CLEC6A,0.208031,mRNA
TDRD6,-1.18862,mRNA
SPRR2F,1.22323,mRNA
OPN4,1.16408,mRNA
LILRB5,0.225532,mRNA
DCBLD1,0.174347,mRNA
CA5A,-1.1898,mRNA
FNBP1,-0.447795,mRNA
SCAP,0.200412,mRNA
CNIH3,1.00823,mRNA
HOXC6,0.615909,mRNA
PNLDC1,1.87801,mRNA
ZCCHC12,6.87519,mRNA
ZNF169,-0.463203,mRNA
FAM89A,0.593958,mRNA
DMRTC1B,-0.497907,mRNA
ZCWPW1,-0.502164,mRNA
HABP4,-0.162797,mRNA
TRAF3IP1,-0.291748,mRNA
KIF26A,-0.139871,mRNA
COL5A3,1.18975,mRNA
CXXC5,0.763173,mRNA
MYOZ2,-0.405095,mRNA
SLC25A37,0.733794,mRNA
FANCL,0.423205,mRNA
ARHGEF10L,-0.26935,mRNA
MYO16,-2.40896,mRNA
SMAP2,-0.0920975,mRNA
ACTG2,0.0694492,mRNA
AURKB,-0.658456,mRNA
CLCNKA,-1.23944,mRNA
PSD,1.82812,mRNA
NUP153,-0.603904,mRNA
PELP1,0.280309,mRNA
BTK,-0.58713,mRNA
ETAA1,-0.270744,mRNA
STAMBPL1,-0.481545,mRNA
NMB,1.23082,mRNA
MAP6D1,0.132981,mRNA
SERPINB1,0.381749,mRNA
ZNF814,-0.129236,mRNA
ZNF226,-0.239826,mRNA
ANKRD50,-0.196315,mRNA
SEC23B,-0.349366,mRNA
PLK1,-0.485196,mRNA
GRK5,-0.57299,mRNA
PDCL,-0.0889941,mRNA
SLC20A1,0.688552,mRNA
PPP1R3D,-0.0494819,mRNA
LMAN2,0.000150179,mRNA
UQCR11,0.0459782,mRNA
BUB1,0.423238,mRNA
FOXK2,0.283822,mRNA
MAN1B1,0.326577,mRNA
FERMT2,-0.413951,mRNA
SLC6A3,-2.25677,mRNA
ZNF680,-0.522145,mRNA
UTP23,-0.499963,mRNA
DMRTC1,-0.937533,mRNA
CYYR1,0.577047,mRNA
GRB14,-0.899406,mRNA
GLDC,-1.79938,mRNA
LGR6,-0.398608,mRNA
XKR3,1.67792,mRNA
ATG3,-0.11331,mRNA
CRBN,-0.232495,mRNA
SIAH2,0.0629795,mRNA
SF3A3,-0.134626,mRNA
SACM1L,-0.501101,mRNA
CDX1,-0.279547,mRNA
CHD1L,0.292228,mRNA
WHAMM,0.022514,mRNA
LDHD,-0.953567,mRNA
PGAM1,-0.016008,mRNA
ZNF836,-0.116431,mRNA
TALDO1,0.147856,mRNA
RNF10,0.141538,mRNA
B4GALT6,1.45165,mRNA
CYHR1,0.188326,mRNA
TFIP11,-0.194177,mRNA
ZNF439,-0.110217,mRNA
DBI,0.655355,mRNA
HK1,-0.811171,mRNA
IDUA,0.315718,mRNA
EIF3L,-0.11948,mRNA
AGRN,1.0893,mRNA
CDK5RAP1,0.153861,mRNA
GCNT4,0.832136,mRNA
ZNF763,-0.50833,mRNA
ZNF800,-0.416217,mRNA
ACY3,-1.4813,mRNA
IGFBP6,2.66193,mRNA
SDR39U1,-0.0949517,mRNA
CAPN12,1.17073,mRNA
VSTM1,2.57706,mRNA
GALM,-0.14202,mRNA
MRPL55,0.210897,mRNA
C16orf89,-0.724865,mRNA
IGLL1,0.108118,mRNA
ADAM33,-1.93688,mRNA
SLC29A4,-1.32725,mRNA
LIX1L,-0.382304,mRNA
PIGF,-0.0800785,mRNA
FAM149B1,-0.100474,mRNA
CLEC4F,0.65297,mRNA
KRTAP8-1,1.32448,mRNA
ACTL6A,0.124178,mRNA
DUS4L,-0.241101,mRNA
MRPS9,-0.0671081,mRNA
HEATR3,0.221445,mRNA
GLT6D1,-1.65914,mRNA
LBR,-0.629073,mRNA
THYN1,0.424986,mRNA
C9orf50,1.82618,mRNA
SNRPD2,0.264285,mRNA
NOD2,0.349909,mRNA
YDJC,0.0096328,mRNA
IRS4,-2.33016,mRNA
EXOC3L2,0.649554,mRNA
DPYS,0.844671,mRNA
OR2A25,-0.944014,mRNA
CXCL16,1.07618,mRNA
IL18RAP,-0.440464,mRNA
TMPRSS7,-0.421804,mRNA
KLHDC2,0.0653578,mRNA
PRPF19,0.200174,mRNA
TOR1B,-0.0626314,mRNA
KLHL21,0.0392324,mRNA
FAM20B,-0.125332,mRNA
RBM34,0.123968,mRNA
MAPK8IP3,0.235727,mRNA
ARC,-2.47929,mRNA
UTP18,0.154595,mRNA
COMMD10,0.00286308,mRNA
MMP17,0.699646,mRNA
SEC31A,-0.0641644,mRNA
PAIP2,-0.57318,mRNA
MRPL51,0.16637,mRNA
PNRC2,-0.42688,mRNA
AIFM2,-0.317795,mRNA
ARPC4,0.225915,mRNA
BTF3,0.120992,mRNA
CASQ1,0.390802,mRNA
SYTL3,-1.18342,mRNA
CD6,-0.917186,mRNA
NOL8,-0.248616,mRNA
DNASE1L3,-0.690587,mRNA
MED4,-0.0144171,mRNA
NISCH,0.0123899,mRNA
ANKLE1,-0.694242,mRNA
POLR2H,0.136533,mRNA
ANXA8L1,0.218381,mRNA
IDH1,0.620671,mRNA
ZNF707,0.0646558,mRNA
MESP1,0.514493,mRNA
UNC45A,0.090988,mRNA
PCDHA1,2.42437,mRNA
PCDHA11,0.731374,mRNA
PCDHA13,0.713215,mRNA
PCDHA2,1.55927,mRNA
UNC93A,-0.491705,mRNA
CABP5,-1.20273,mRNA
SYT4,-2.48208,mRNA
MYH7B,-0.878565,mRNA
ZNF317,-0.137663,mRNA
ZNF14,-0.506656,mRNA
RNASEL,-0.0618393,mRNA
NTN4,-0.000134801,mRNA
DNAJC12,-0.0304091,mRNA
EGLN1,-0.103396,mRNA
UBE2O,-0.293434,mRNA
CSH2,0.0308027,mRNA
SFXN1,-0.0905348,mRNA
MRPL24,0.0276209,mRNA
THAP9,-0.64649,mRNA
ZNF668,0.324438,mRNA
LPCAT1,0.516938,mRNA
NUP210,-0.617718,mRNA
ZNF430,0.35836,mRNA
ARHGAP39,-0.256141,mRNA
FKBP11,-0.320318,mRNA
TYW1B,-0.447183,mRNA
SLC12A4,-0.183694,mRNA
JPH4,0.264325,mRNA
PTGR1,0.272238,mRNA
ANXA5,0.415343,mRNA
BNIPL,1.78681,mRNA
MTF2,-0.11323,mRNA
GOLGA6L10,-0.126635,mRNA
ADH7,3.41658,mRNA
CALB1,-1.35311,mRNA
NR5A1,0.243849,mRNA
ROR1,1.26919,mRNA
PIK3R2,0.757054,mRNA
DDOST,-0.19158,mRNA
FOXC2,0.167988,mRNA
GPR15,-0.975351,mRNA
TAL2,-0.797451,mRNA
SPRY2,0.0825178,mRNA
STUB1,0.33437,mRNA
MUC6,-0.429619,mRNA
SPATA2,-0.739201,mRNA
ZNHIT1,0.223664,mRNA
CLCA2,4.85405,mRNA
HOXA2,-0.444409,mRNA
RNF5,-0.14231,mRNA
SNRPD1,0.0936681,mRNA
ZNF22,-0.653172,mRNA
SLC14A2,1.2914,mRNA
OR1F1,3.942,mRNA
PRND,3.01964,mRNA
GIT1,0.324515,mRNA
ACADL,-0.533499,mRNA
TRIM23,-0.174105,mRNA
ATP1B3,0.396035,mRNA
BMP8B,-1.03322,mRNA
CHN1,0.273561,mRNA
DAO,0.267468,mRNA
MTRR,-0.168092,mRNA
PRM1,-3.378,mRNA
PSMD10,-0.0220988,mRNA
PTPN12,0.36573,mRNA
SCTR,-0.896237,mRNA
SFRP4,-0.379926,mRNA
SVIL,0.180451,mRNA
SEC62,-0.426627,mRNA
TRPC3,0.0949107,mRNA
UCN,1.78428,mRNA
KRT37,2.49883,mRNA
PIGQ,0.33513,mRNA
ZNF784,0.113745,mRNA
RASL11A,-0.803212,mRNA
MCOLN2,-0.410473,mRNA
CIB2,0.109201,mRNA
CSHL1,1.51312,mRNA
C10orf90,0.714065,mRNA
TP53TG3B,-0.323845,mRNA
MSMP,2.72119,mRNA
TOP2A,0.554424,mRNA
TMC3,1.38322,mRNA
ALKBH7,-0.191055,mRNA
TUBA1C,0.175118,mRNA
FIBCD1,4.52007,mRNA
OBSCN,0.0775834,mRNA
AQP10,-0.140502,mRNA
ASB10,-1.30781,mRNA
TMEM132D,4.20902,mRNA
RAVER1,0.295908,mRNA
PPP1R14B,0.921292,mRNA
CSNK1A1L,-0.462433,mRNA
OSR1,-2.32055,mRNA
ZNF491,-0.406595,mRNA
PLCH2,0.305867,mRNA
GIPR,1.70901,mRNA
GAL3ST1,0.276784,mRNA
CPSF4,0.00590219,mRNA
CP,-0.98402,mRNA
THBD,-0.531025,mRNA
SMPD1,-0.029921,mRNA
ADH1C,-3.00745,mRNA
CSF2,6.0842,mRNA
ACE,-0.1719,mRNA
GRIN2C,-1.75717,mRNA
PTGER2,-0.447424,mRNA
MAP3K15,-0.19023,mRNA
OR51A7,-2.77969,mRNA
RPS4X,0.581863,mRNA
SLC35D3,1.86271,mRNA
C10orf62,-0.436249,mRNA
SSBP4,0.945795,mRNA
SOHLH1,8.37853,mRNA
GRP,-0.776712,mRNA
IGSF22,-0.314789,mRNA
MRPL47,0.0614375,mRNA
PC,1.55859,mRNA
NAGK,0.162276,mRNA
REV3L,-0.524946,mRNA
TCERG1,-0.0286545,mRNA
POU5F1B,0.418732,mRNA
EP400,-0.163985,mRNA
PTCRA,-0.632463,mRNA
NCLN,0.265595,mRNA
LYRM1,0.0909269,mRNA
HAPLN2,0.665569,mRNA
SDF2L1,-0.744114,mRNA
THADA,0.206674,mRNA
VPS16,-0.206108,mRNA
TTYH3,0.341175,mRNA
TIMD4,-1.58888,mRNA
FLAD1,0.427197,mRNA
JAK2,-0.591045,mRNA
POLR2K,-0.141565,mRNA
PRAME,0.0341979,mRNA
SLC27A6,3.51434,mRNA
PLK3,1.13847,mRNA
FGF11,-0.915128,mRNA
EPS8L1,0.631111,mRNA
CCDC102A,0.315715,mRNA
NUS1,-0.464795,mRNA
TMEM106A,-0.402682,mRNA
RSPO4,2.35228,mRNA
EPHB6,-0.011479,mRNA
CSK,0.0514992,mRNA
CSAG2,1.46551,mRNA
LAMB1,0.270422,mRNA
CCDC9,-0.0470542,mRNA
MYO9B,0.221689,mRNA
COPB2,-0.0132126,mRNA
PRSS36,0.218193,mRNA
CRB3,0.381394,mRNA
NELL1,-0.83873,mRNA
PRODH,0.560788,mRNA
NDUFB6,-0.225894,mRNA
MTA1,0.124065,mRNA
EIF4A1,0.180845,mRNA
FANCC,-0.0765769,mRNA
STK3,0.155681,mRNA
CNOT10,-0.0539032,mRNA
DDX11,-0.168402,mRNA
NME4,0.0811427,mRNA
SH3RF1,-1.21384,mRNA
METRN,0.00622893,mRNA
TMEM88B,5.10051,mRNA
ARL6IP5,0.557569,mRNA
ZMYM6,-0.281504,mRNA
FOXB1,0.269405,mRNA
LRP1,-0.0627964,mRNA
RFX1,0.105369,mRNA
CCL11,3.06891,mRNA
EED,-0.22901,mRNA
FOXS1,1.0311,mRNA
RAB11B,-0.00733845,mRNA
SLC22A13,-0.622459,mRNA
EXTL1,1.16636,mRNA
NDST3,0.160125,mRNA
TRIM17,0.797661,mRNA
CSAG3,-0.679236,mRNA
SPSB2,0.212002,mRNA
FATE1,1.00434,mRNA
LDHAL6B,-0.560633,mRNA
LGI3,-1.25628,mRNA
CRYZL1,-0.215814,mRNA
HTR6,-0.343193,mRNA
SERP2,0.128533,mRNA
S100A13,0.908592,mRNA
RGS21,0.715083,mRNA
SMG1,-0.641933,mRNA
LACTB,-0.0207614,mRNA
SNAPC1,-0.105512,mRNA
FBXO6,0.416601,mRNA
NALCN,-0.740543,mRNA
USP43,-0.0104839,mRNA
EDF1,0.0181725,mRNA
LPIN2,0.0342818,mRNA
HEPH,0.0545742,mRNA
VPS39,-0.0451742,mRNA
ACTL6B,-2.41509,mRNA
ZNF771,0.0195183,mRNA
CDC42BPG,1.09524,mRNA
SDAD1,-0.174276,mRNA
PPIF,-0.427432,mRNA
EBP,0.167283,mRNA
GTPBP4,-0.0812589,mRNA
SLC9A2,0.0327115,mRNA
CTSH,2.41727,mRNA
NDUFA1,-0.293049,mRNA
COMMD6,-0.320949,mRNA
NLRP12,0.86507,mRNA
CGNL1,-0.879294,mRNA
DTX2,0.461587,mRNA
COL6A1,0.100525,mRNA
KRT13,2.55011,mRNA
EARS2,-0.0200441,mRNA
INO80E,0.103679,mRNA
SYNE1,-1.82124,mRNA
NWD1,-2.41361,mRNA
IL4,-0.575229,mRNA
FUT6,2.83478,mRNA
ZNF438,-0.556678,mRNA
ACTN1,1.02939,mRNA
C3orf49,-0.966013,mRNA
RGS14,-0.58521,mRNA
NR1H4,0.57965,mRNA
ZRANB2,-0.0895739,mRNA
MPP3,0.414906,mRNA
CNOT3,-0.0759214,mRNA
GULP1,-0.889694,mRNA
MYL3,-0.844998,mRNA
CCDC110,-1.34161,mRNA
RGL4,-0.704597,mRNA
ELF1,-0.247568,mRNA
TPH2,-2.72104,mRNA
REM2,0.322537,mRNA
SERPINA9,-2.78332,mRNA
C20orf85,3.85434,mRNA
ZNF454,0.348827,mRNA
TRIM74,-0.233834,mRNA
TEAD4,-0.984195,mRNA
DNAH10,-0.384169,mRNA
BAHCC1,-0.238425,mRNA
CENPL,-0.136422,mRNA
DRG2,0.124874,mRNA
CIDEB,-0.447487,mRNA
CLEC4M,1.15188,mRNA
TGDS,-0.13017,mRNA
NT5C,-0.0640599,mRNA
MAD2L1BP,-0.0659673,mRNA
LAPTM4A,0.0333199,mRNA
SENP3,-0.0728017,mRNA
SBDS,0.0222786,mRNA
FEV,0.560439,mRNA
SLC41A3,-0.205939,mRNA
TRNAU1AP,0.295574,mRNA
ACSM5,-1.2231,mRNA
AKIRIN2,0.361109,mRNA
VEGFB,-0.177656,mRNA
RELA,0.288172,mRNA
CD63,0.90551,mRNA
MAOA,0.0746865,mRNA
GZMH,-0.191757,mRNA
CYSLTR1,-0.177954,mRNA
SLC25A14,-0.315487,mRNA
CDIPT,0.146756,mRNA
CST3,0.26804,mRNA
ZNF135,-0.211414,mRNA
COPG2,0.364995,mRNA
SEZ6,-0.568532,mRNA
TMEM63B,0.99694,mRNA
ERRFI1,-0.816702,mRNA
YIPF1,-0.556419,mRNA
L1TD1,-1.59819,mRNA
CPA6,1.03004,mRNA
IGDCC4,0.262303,mRNA
ALOXE3,0.413302,mRNA
CERK,-0.349467,mRNA
PSTPIP2,0.711037,mRNA
C3orf52,-1.37841,mRNA
PNPLA3,0.494463,mRNA
SPHKAP,-1.02724,mRNA
ISCA1,-0.647287,mRNA
C17orf107,1.38836,mRNA
CAPN2,0.315224,mRNA
FZD6,0.340693,mRNA
CD320,0.887322,mRNA
IFT46,-0.358653,mRNA
PDHA1,-0.0793743,mRNA
CCS,-0.112453,mRNA
HCLS1,-0.453509,mRNA
EBI3,1.24883,mRNA
MC5R,3.44849,mRNA
ALKBH1,0.027346,mRNA
NOD1,2.65463,mRNA
CREB3,0.127552,mRNA
KDELR1,0.234566,mRNA
WIF1,8.98029,mRNA
CTRC,3.1291,mRNA
FOXD3,-2.89014,mRNA
YPEL1,0.162199,mRNA
TMEM208,0.243857,mRNA
ASIP,1.15755,mRNA
FPR3,0.331629,mRNA
HMGB2,-0.277588,mRNA
KRT81,-0.513409,mRNA
LGALS9,0.374362,mRNA
MAG,1.87064,mRNA
MMP8,2.45673,mRNA
PDE6D,-0.0829338,mRNA
SPTA1,0.422341,mRNA
MAD1L1,0.401608,mRNA
MBTPS1,-0.157724,mRNA
GTPBP1,0.114399,mRNA
RGN,-0.473536,mRNA
RGS9BP,-0.838237,mRNA
THNSL1,-0.653833,mRNA
MRPL28,0.088911,mRNA
SLC9A3R2,0.451647,mRNA
C19orf38,-0.195939,mRNA
GTF2IRD1,0.708061,mRNA
FPR2,1.09891,mRNA
MPHOSPH6,-0.115953,mRNA
SPAG11A,7.29745,mRNA
SERPINA3,-0.911909,mRNA
CSAG1,1.97843,mRNA
BSCL2,0.286913,mRNA
RTL1,1.64098,mRNA
ACCS,-0.0225898,mRNA
NFKBID,-0.382762,mRNA
GNG8,-0.347948,mRNA
MYL12B,0.558169,mRNA
CAPS,0.396157,mRNA
SLC22A9,-0.950975,mRNA
ADAMTS19,-0.437639,mRNA
ZNF485,-0.0675521,mRNA
LYPD6B,-0.304206,mRNA
SIRT6,0.54129,mRNA
CSTB,0.616752,mRNA
LDLR,0.651807,mRNA
ASTL,1.31117,mRNA
C8orf48,-1.02587,mRNA
NGRN,-0.0386797,mRNA
MYO19,0.213591,mRNA
TGFB1I1,1.14741,mRNA
TRIM59,0.616435,mRNA
ARGLU1,-0.168945,mRNA
PPT2,-0.2389,mRNA
ANKRD17,-0.291958,mRNA
CDK11A,0.0131266,mRNA
INPP1,0.238474,mRNA
MAPK11,0.545692,mRNA
HRH3,0.0388485,mRNA
SLC25A1,-0.150509,mRNA
RBM6,-0.189752,mRNA
AFAP1L2,-0.607736,mRNA
PRKCD,0.365915,mRNA
ABI3BP,-1.89661,mRNA
USP42,-0.356146,mRNA
LIN9,-0.0939757,mRNA
MYO7A,0.654586,mRNA
NCOA6,-0.0474744,mRNA
PSEN2,0.387395,mRNA
MTM1,0.26171,mRNA
ARID2,-0.19965,mRNA
SALL3,2.56297,mRNA
TFAP2D,-2.73439,mRNA
SSX4,-0.0174514,mRNA
P4HTM,0.368737,mRNA
PTPDC1,0.268069,mRNA
KRT26,-0.81265,mRNA
DNAJC24,-0.274336,mRNA
PHLPP1,-0.225293,mRNA
ADAMTS18,2.69617,mRNA
C1QB,0.486785,mRNA
PROC,2.49816,mRNA
GUCA1A,0.198976,mRNA
NDUFA4L2,1.3252,mRNA
CNTN6,0.296125,mRNA
NPHS2,-1.57926,mRNA
PMPCA,0.200844,mRNA
COQ4,-0.0581922,mRNA
NOP16,0.25289,mRNA
TFDP3,-0.721083,mRNA
GPR83,-1.64906,mRNA
ERGIC2,0.199652,mRNA
GMPR2,-0.0188099,mRNA
GTF2A1L,0.559584,mRNA
ZNF410,0.0307111,mRNA
PARN,0.112415,mRNA
NPRL3,0.0316443,mRNA
SLC12A2,0.91246,mRNA
SELENBP1,-1.01354,mRNA
MKRN2,-0.423095,mRNA
MS4A13,-0.720647,mRNA
PSMD2,0.122093,mRNA
UBXN8,-0.237464,mRNA
PNOC,-0.887169,mRNA
RPUSD2,0.0120761,mRNA
NUP35,-0.391573,mRNA
PPP2R2D,-0.0942833,mRNA
CSGALNACT2,0.492448,mRNA
YLPM1,-0.401133,mRNA
POLE4,-0.0017524,mRNA
UGGT2,0.135717,mRNA
CHRNA10,-0.755423,mRNA
IFT80,-0.101844,mRNA
RAP2A,0.706105,mRNA
HAND2,-1.17192,mRNA
NPVF,-1.94227,mRNA
TFB2M,-0.295659,mRNA
OSBPL11,-0.292024,mRNA
DNAI2,-1.3039,mRNA
NOL12,0.0207248,mRNA
ECHDC3,-0.63741,mRNA
MYH14,0.559721,mRNA
ARL14,-2.76845,mRNA
HNRNPAB,0.403775,mRNA
ZNF234,-0.386409,mRNA
FNDC7,0.372934,mRNA
MNAT1,-0.0685688,mRNA
TAC3,-0.0978393,mRNA
ATP12A,5.72034,mRNA
NKX3-2,1.06549,mRNA
SLC22A14,-0.782823,mRNA
TCL1B,-2.37226,mRNA
FEZ2,0.116397,mRNA
HSP90AA1,-0.137364,mRNA
TNP2,-0.0177347,mRNA
LPA,-0.642225,mRNA
TAF7,-0.069151,mRNA
PSCA,-0.0693678,mRNA
CD5L,0.612802,mRNA
TUBB3,2.51063,mRNA
NUCB1,-0.0550611,mRNA
PROP1,-1.2477,mRNA
RAD21,-0.275415,mRNA
POLR3A,-0.237966,mRNA
AKAP10,-0.486026,mRNA
DUSP12,-0.146908,mRNA
DNAJB9,-0.487467,mRNA
GPR171,-0.942225,mRNA
DHX38,-0.126281,mRNA
EIF1AX,-0.2938,mRNA
GDI2,0.0179401,mRNA
EIF4A2,0.376442,mRNA
GYPA,-0.598639,mRNA
GYPB,0.235381,mRNA
MCC,0.199853,mRNA
CEACAM6,5.00531,mRNA
MAP2K1,0.268809,mRNA
CCL21,-3.16257,mRNA
TIMP4,-1.52439,mRNA
TPR,-0.149296,mRNA
WNT8B,0.424086,mRNA
ZIC1,2.31165,mRNA
BARX2,-1.16814,mRNA
B3GALT4,0.455745,mRNA
EIF2B5,0.00678189,mRNA
CARTPT,0.233776,mRNA
CAD,0.100964,mRNA
NEB,-1.07698,mRNA
LMOD2,0.508823,mRNA
CAPNS1,0.379607,mRNA
SPO11,-2.3054,mRNA
DDX46,-0.416147,mRNA
ZNF586,-0.357646,mRNA
PNPLA7,-0.384715,mRNA
ACAA1,0.353974,mRNA
HSBP1L1,0.593789,mRNA
FRMD8,0.335698,mRNA
OTP,-0.222362,mRNA
MED10,0.0954581,mRNA
WNK4,0.773121,mRNA
CNFN,2.37485,mRNA
KRTAP4-4,-0.229311,mRNA
C9orf24,-1.66805,mRNA
B3GNT7,2.58584,mRNA
ZNF519,-0.659509,mRNA
FER1L5,-1.53299,mRNA
SEL1L3,1.33513,mRNA
MYL12A,0.353766,mRNA
PRKCG,0.352749,mRNA
DDX41,0.00406831,mRNA
A2M,0.465478,mRNA
LPL,2.75539,mRNA
SCN4A,0.807204,mRNA
TYRP1,1.46607,mRNA
GRINA,0.292457,mRNA
OR2B11,-1.01217,mRNA
C1QL3,0.304312,mRNA
LSP1,-0.772206,mRNA
TBX15,0.741335,mRNA
SYF2,0.202277,mRNA
SLC26A3,-1.08872,mRNA
CHI3L1,4.91956,mRNA
SERPINA11,0.348748,mRNA
KRT36,0.494553,mRNA
HADH,-0.205071,mRNA
PARP8,-0.759604,mRNA
STRADA,0.145934,mRNA
ADPGK,0.128028,mRNA
UPP1,2.16179,mRNA
PTGES2,0.150742,mRNA
PHLDB1,0.250014,mRNA
NTHL1,-0.0632435,mRNA
MED12L,0.402606,mRNA
POMZP3,-0.0974515,mRNA
NPHP3,-0.36762,mRNA
IKBIP,0.40939,mRNA
RASGEF1C,0.389747,mRNA
BBS7,-0.396545,mRNA
RNF113B,-0.55856,mRNA
HTR3D,0.957771,mRNA
VSX2,-0.63771,mRNA
GRK4,0.320385,mRNA
CADPS,2.30509,mRNA
SERPINB6,0.10507,mRNA
ACAD8,-0.0242304,mRNA
CALY,-0.366762,mRNA
PPIL1,-0.534387,mRNA
PRRX2,0.24448,mRNA
NHP2,0.311736,mRNA
CRTAC1,-0.772359,mRNA
BIK,-1.09133,mRNA
GABPA,-0.497427,mRNA
SERINC2,1.80573,mRNA
WDR27,-0.410355,mRNA
PTPRZ1,0.328124,mRNA
TRIM26,-0.262313,mRNA
SPP1,1.49584,mRNA
LTA4H,0.279404,mRNA
CCT4,0.090868,mRNA
PKD2L2,-0.243422,mRNA
SETMAR,-0.486724,mRNA
CIDEA,-2.32679,mRNA
RBPJL,2.0919,mRNA
PAMR1,-0.570004,mRNA
COMMD5,0.237368,mRNA
DKC1,-0.104704,mRNA
UHRF1,0.967351,mRNA
PXMP2,-0.337944,mRNA
PARP12,0.502437,mRNA
CCDC86,0.163158,mRNA
YRDC,-0.076889,mRNA
SLTM,-0.44692,mRNA
TREML2,-1.08194,mRNA
ZNF671,-0.267498,mRNA
WNT4,-0.673995,mRNA
CTNNBL1,-0.0849717,mRNA
PLVAP,0.614428,mRNA
PEX16,0.232194,mRNA
RAC3,-0.839142,mRNA
DLX5,1.70295,mRNA
NACA,0.134133,mRNA
TRIM28,0.188013,mRNA
AGR2,3.58369,mRNA
PTPRE,2.37569,mRNA
OGN,-2.28226,mRNA
GSTA4,-0.238648,mRNA
ALOX5AP,0.817688,mRNA
CD2,-0.748985,mRNA
CR2,-2.31712,mRNA
FDX1,-0.597694,mRNA
BAD,-0.031354,mRNA
CBLN1,3.99674,mRNA
FOXE1,-0.445454,mRNA
HOXB7,0.599799,mRNA
MRFAP1L1,0.0270756,mRNA
ERICH1,-0.367625,mRNA
STK39,0.527189,mRNA
TMEM38B,-0.247696,mRNA
COMMD4,0.295103,mRNA
ARMC6,-0.137923,mRNA
CHCHD4,0.0228358,mRNA
DCDC2B,-0.280422,mRNA
ZNF732,0.642455,mRNA
IRX2,1.45429,mRNA
PI4KA,0.0485971,mRNA
ZNF251,-0.057164,mRNA
NKX2-3,0.616742,mRNA
WDR90,-0.148579,mRNA
HMX1,-0.805815,mRNA
SERPING1,0.0208206,mRNA
ADRA2A,-0.315001,mRNA
OR6N2,-0.54885,mRNA
ARID3C,0.592093,mRNA
WRAP53,-0.113453,mRNA
PCDHB11,0.475265,mRNA
NBPF15,-0.086816,mRNA
PPP1R10,-0.553543,mRNA
TTLL6,-2.41201,mRNA
NPHS1,-2.76596,mRNA
LGR4,-0.122988,mRNA
DOCK4,0.291683,mRNA
PDE3B,-0.739374,mRNA
NKG7,-0.450592,mRNA
ZCCHC9,0.112169,mRNA
DTX3,-0.190099,mRNA
TOP2B,-0.00261907,mRNA
ZNF579,0.682399,mRNA
ZMYM2,-0.40525,mRNA
RNASE1,0.49574,mRNA
BGLAP,0.421585,mRNA
PRDM9,0.797323,mRNA
GGTA1,-0.438059,mRNA
AGTR2,-1.57273,mRNA
CASP8,0.172755,mRNA
NKX2-8,0.710356,mRNA
SRPK3,-0.174574,mRNA
XPO6,-0.18108,mRNA
MAST4,-0.289166,mRNA
NUP188,0.452019,mRNA
CRLF3,-0.106548,mRNA
ADIPOR1,0.148134,mRNA
TACO1,0.111702,mRNA
CAPN9,1.63039,mRNA
ABCG1,0.628851,mRNA
OTUB1,0.175803,mRNA
FHL3,1.07328,mRNA
SERPINB7,2.57495,mRNA
KRT23,2.59311,mRNA
ARMC2,-0.849094,mRNA
TCP11L1,-0.0529948,mRNA
PCDHB4,-0.635521,mRNA
GNMT,-0.728452,mRNA
CHST7,0.890641,mRNA
SHROOM3,0.247427,mRNA
SAV1,0.0221686,mRNA
FBXW4,0.0581172,mRNA
DHX58,0.18617,mRNA
TTC13,0.210231,mRNA
RAD51,0.21994,mRNA
FOXG1,-0.312222,mRNA
NHLH1,-0.341511,mRNA
STAG1,-0.643608,mRNA
PRCC,-0.138826,mRNA
CLPP,0.23291,mRNA
TSG101,0.0320133,mRNA
ILVBL,-0.293456,mRNA
FOXD4L1,-0.131783,mRNA
IFIT5,0.51985,mRNA
IMPA2,-1.13405,mRNA
COX5B,0.0490869,mRNA
MFNG,-0.272209,mRNA
MAP3K11,0.612681,mRNA
NCBP1,-0.200232,mRNA
NEK2,-0.0242729,mRNA
SCN7A,-0.340119,mRNA
SRY,-0.690798,mRNA
TRIP6,0.110984,mRNA
ZNF143,-0.0562173,mRNA
CNTNAP1,0.870733,mRNA
SKAP1,-0.422863,mRNA
ADAM23,-0.818007,mRNA
GTF2F2,0.189362,mRNA
DVL3,0.0877149,mRNA
FOXD4,0.359813,mRNA
FAM174B,0.109485,mRNA
PEAR1,-0.653607,mRNA
FRG2C,0.463726,mRNA
CYP11A1,0.484101,mRNA
PSMB11,-1.08015,mRNA
PPIAL4C,0.113111,mRNA
PIGS,-0.102843,mRNA
SAMD1,1.01477,mRNA
GLCCI1,-0.306673,mRNA
TSEN2,-0.189148,mRNA
PMM2,0.174408,mRNA
LLGL2,0.416076,mRNA
RBM22,0.0445127,mRNA
DPCD,-0.268371,mRNA
PLA2G6,-0.346979,mRNA
PTPRM,0.34093,mRNA
NSMCE4A,-0.293779,mRNA
GSTA5,2.11654,mRNA
TFAP2E,0.642014,mRNA
UBE2A,0.599295,mRNA
DGAT2L6,2.08714,mRNA
DAZ1,2.77398,mRNA
ZNF623,-0.181275,mRNA
MYH15,-2.97659,mRNA
TRPV2,0.186375,mRNA
ZNF446,0.141304,mRNA
XKR8,0.0555477,mRNA
DAXX,-0.0642425,mRNA
DIAPH3,0.709717,mRNA
AP3S1,0.228057,mRNA
KLHL1,2.90351,mRNA
ZNF415,-0.0910614,mRNA
TOMM7,-0.1975,mRNA
SLC17A6,-3.28609,mRNA
RASAL3,-0.537348,mRNA
ATG9A,0.337752,mRNA
IMPA1,-0.594504,mRNA
VSTM2B,-0.171927,mRNA
P2RX6,0.162882,mRNA
ME3,1.22541,mRNA
ZFYVE28,0.012994,mRNA
PCCB,0.00562248,mRNA
MYH1,2.41236,mRNA
CASP8AP2,-0.302408,mRNA
DSPP,0.81406,mRNA
NRAS,-0.130787,mRNA
TMPRSS15,-0.489306,mRNA
ZNF132,-0.774327,mRNA
ABCB9,0.83507,mRNA
AGR3,-3.59045,mRNA
POLR2C,0.0257933,mRNA
CYP2A6,0.787172,mRNA
FAM78B,-0.551103,mRNA
